-1.000000,0.001154,-0.003838,0.001730,-0.005765
-1.000000,0.001154,-0.003838,0.001730,-0.005765
-1.000000,0.000000,0.000000,0.000000,0.000000
-1.000000,0.000000,0.000000,0.000000,0.000000
-1.000000,0.000000,0.000000,0.000000,0.000000
-1.000000,0.000000,0.000000,0.000000,0.000000
-1.000000,0.000000,0.000000,0.000000,0.000000
0,-0.393499,-0.534953,-0.462766,-0.310043, 
0,-0.392697,-0.533930,-0.462356,-0.308714, 
0,-0.391665,-0.532408,-0.461515,-0.306768, 
0,-0.393624,-0.535903,-0.463281,-0.310094, 
0,-0.393800,-0.536252,-0.464021,-0.310286, 
0,-0.394736,-0.537390,-0.464714,-0.310586, 
0,-0.394868,-0.537518,-0.464685,-0.310420, 
0,-0.394632,-0.537364,-0.464910,-0.309878, 
0,-0.393770,-0.535940,-0.464105,-0.308638, 
0,-0.393420,-0.535203,-0.463617,-0.307866, 
1,-0.378234,-0.510625,-0.449922,-0.286578,""
0,-0.367352,-0.491338,-0.440038,-0.268108, 
0,-0.362115,-0.483726,-0.435121,-0.259577, 
0,-0.407659,-0.561734,-0.475421,-0.335327, 
0,-0.400881,-0.546785,-0.468481,-0.321369, 
0,-0.397307,-0.540599,-0.465080,-0.314141, 
0,-0.396866,-0.539182,-0.464955,-0.312116, 
0,-0.408640,-0.562034,-0.476360,-0.336191, 
0,-0.409677,-0.558830,-0.475844,-0.332120, 
0,-0.372293,-0.493521,-0.440826,-0.267810, 
0,-0.416239,-0.566557,-0.478973,-0.339062, 
0,-0.404022,-0.544393,-0.471761,-0.321353, 
0,-0.403927,-0.541412,-0.475337,-0.320565, 
0,-0.394658,-0.523640,-0.469406,-0.304077, 
0,-0.410410,-0.550870,-0.482586,-0.329671, 
0,-0.398057,-0.528794,-0.470892,-0.308241, 
0,-0.415128,-0.555282,-0.485950,-0.333059, 
0,-0.411448,-0.547675,-0.483547,-0.326628, 
0,-0.414975,-0.552651,-0.486421,-0.331567, 
0,-0.414857,-0.551606,-0.485744,-0.330696, 
0,-0.408867,-0.540794,-0.480457,-0.319849, 
0,-0.405353,-0.534928,-0.477449,-0.314136, 
0,-0.405903,-0.534981,-0.479571,-0.314257, 
0,-0.406854,-0.535676,-0.479613,-0.314712, 
0,-0.407039,-0.535182,-0.478697,-0.314239, 
0,-0.395977,-0.516302,-0.467956,-0.295260, 
0,-0.404262,-0.528950,-0.474454,-0.307580, 
0,-0.410565,-0.538186,-0.479385,-0.317160, 
0,-0.429847,-0.567020,-0.494905,-0.344813, 
0,-0.450273,-0.596642,-0.511955,-0.375167, 
0,-0.389491,-0.500007,-0.460114,-0.281535, 
0,-0.423627,-0.555923,-0.489837,-0.334763, 
0,-0.409880,-0.534446,-0.478276,-0.314078, 
0,-0.406986,-0.530893,-0.476216,-0.310757, 
0,-0.408822,-0.534113,-0.477886,-0.313708, 
0,-0.409165,-0.534683,-0.478306,-0.314259, 
0,-0.409504,-0.535279,-0.478506,-0.314673, 
0,-0.409307,-0.535019,-0.478418,-0.314408, 
0,-0.408885,-0.534126,-0.478097,-0.313794, 
0,-0.409544,-0.535182,-0.478865,-0.314818, 
0,-0.409637,-0.535549,-0.479111,-0.315194, 
0,-0.409366,-0.535234,-0.478851,-0.314907, 
0,-0.408368,-0.533863,-0.478158,-0.313544, 
0,-0.408275,-0.533779,-0.477921,-0.313362, 
0,-0.408472,-0.534363,-0.477905,-0.313626, 
0,-0.408633,-0.534605,-0.477999,-0.314066, 
0,-0.409749,-0.536427,-0.478213,-0.315359, 
0,-0.407824,-0.533316,-0.476877,-0.312564, 
0,-0.407337,-0.532236,-0.476730,-0.312006, 
0,-0.408440,-0.534255,-0.477800,-0.314204, 
0,-0.411753,-0.539591,-0.480894,-0.319460, 
0,-0.407619,-0.533100,-0.477291,-0.313361, 
0,-0.408085,-0.533938,-0.477808,-0.314132, 
0,-0.407826,-0.533247,-0.477511,-0.313456, 
0,-0.407022,-0.531475,-0.476808,-0.311591, 
0,-0.407283,-0.531636,-0.476788,-0.311851, 
0,-0.407880,-0.532426,-0.477065,-0.312495, 
0,-0.408051,-0.532775,-0.477390,-0.313114, 
0,-0.407454,-0.531904,-0.477087,-0.312727, 
0,-0.407767,-0.532332,-0.477241,-0.313110, 
0,-0.406035,-0.529518,-0.475596,-0.310225, 
0,-0.407027,-0.531179,-0.476635,-0.311903, 
0,-0.407625,-0.532310,-0.477354,-0.313268, 
0,-0.407611,-0.532227,-0.477329,-0.313380, 
0,-0.407090,-0.531321,-0.476689,-0.312457, 
0,-0.404641,-0.527333,-0.474618,-0.308755, 
0,-0.387590,-0.500703,-0.459976,-0.282681, 
0,-0.391257,-0.506485,-0.462858,-0.287571, 
0,-0.413254,-0.541977,-0.481672,-0.322231, 
0,-0.412845,-0.541123,-0.481332,-0.321843, 
0,-0.394582,-0.511136,-0.465650,-0.292105, 
0,-0.398864,-0.518183,-0.469471,-0.298782, 
0,-0.410422,-0.536776,-0.479498,-0.316955, 
0,-0.411210,-0.537843,-0.480201,-0.318765, 
0,-0.405846,-0.529102,-0.475748,-0.310768, 
0,-0.405393,-0.528502,-0.475307,-0.310204, 
0,-0.404421,-0.526900,-0.474544,-0.308792, 
0,-0.405662,-0.528849,-0.475663,-0.310929, 
0,-0.405657,-0.528821,-0.475647,-0.310884, 
0,-0.406169,-0.529550,-0.476079,-0.311357, 
0,-0.405154,-0.527973,-0.474925,-0.308745, 
0,-0.404848,-0.527581,-0.474550,-0.307625, 
0,-0.404983,-0.527938,-0.474912,-0.307587, 
0,-0.404863,-0.527535,-0.474920,-0.306765, 
0,-0.404608,-0.527146,-0.474811,-0.306234, 
0,-0.404192,-0.526381,-0.474435,-0.305184, 
0,-0.404278,-0.526423,-0.474464,-0.304745, 
0,-0.404193,-0.526669,-0.474606,-0.304976, 
0,-0.403662,-0.526196,-0.474337,-0.304308, 
0,-0.403619,-0.525787,-0.474116,-0.303554, 
0,-0.403320,-0.525163,-0.473936,-0.303724, 
0,-0.403034,-0.524640,-0.473505,-0.303850, 
0,-0.403415,-0.525161,-0.473364,-0.304331, 
0,-0.402966,-0.524413,-0.473002,-0.304102, 
0,-0.402974,-0.524427,-0.473248,-0.304143, 
0,-0.403014,-0.524323,-0.473192,-0.303700, 
0,-0.402813,-0.524037,-0.472956,-0.302989, 
0,-0.402783,-0.524038,-0.472789,-0.302512, 
0,-0.402312,-0.523242,-0.472417,-0.301825, 
0,-0.402087,-0.522900,-0.472474,-0.301538, 
0,-0.401444,-0.521832,-0.471916,-0.300426, 
0,-0.397724,-0.515637,-0.468434,-0.293876, 
0,-0.395240,-0.511638,-0.466193,-0.290051, 
0,-0.400407,-0.520021,-0.470701,-0.299259, 
0,-0.404337,-0.526392,-0.474033,-0.305785, 
0,-0.409396,-0.534223,-0.478158,-0.313345, 
0,-0.397329,-0.514114,-0.467905,-0.294197, 
0,-0.402221,-0.522255,-0.472081,-0.301959, 
0,-0.403166,-0.523669,-0.472295,-0.303204, 
0,-0.402352,-0.522328,-0.471724,-0.302125, 
0,-0.402128,-0.521961,-0.471313,-0.301546, 
0,-0.395365,-0.510793,-0.465678,-0.290520, 
2,-0.397684,-0.514936,-0.467831,-0.294216,""
0,-0.410543,-0.536306,-0.478864,-0.314298, 
0,-0.406732,-0.529713,-0.475806,-0.307943, 
0,-0.402904,-0.522424,-0.472442,-0.300863, 
0,-0.400397,-0.519678,-0.470234,-0.297851, 
0,-0.403771,-0.525346,-0.473081,-0.303802, 
0,-0.401800,-0.520413,-0.470729,-0.299068, 
0,-0.400927,-0.513565,-0.467096,-0.293312, 
0,-0.394962,-0.512578,-0.465849,-0.291778, 
0,-0.380238,-0.486054,-0.452777,-0.266597, 
0,-0.406167,-0.526189,-0.472235,-0.306900, 
0,-0.399472,-0.520179,-0.468334,-0.301075, 
0,-0.401632,-0.523724,-0.469489,-0.304857, 
0,-0.404746,-0.528468,-0.472110,-0.312285, 
0,-0.410691,-0.537989,-0.476524,-0.326312, 
0,-0.418435,-0.550217,-0.483298,-0.341961, 
0,-0.407982,-0.533971,-0.474180,-0.328280, 
0,-0.391991,-0.509894,-0.460545,-0.305482, 
0,-0.396736,-0.518421,-0.464321,-0.313460, 
0,-0.399981,-0.524602,-0.467295,-0.320395, 
0,-0.401212,-0.527218,-0.468009,-0.324453, 
0,-0.401996,-0.528837,-0.468508,-0.327554, 
0,-0.402020,-0.529547,-0.468505,-0.329014, 
0,-0.401872,-0.530163,-0.468424,-0.329103, 
0,-0.401876,-0.530752,-0.468246,-0.329771, 
0,-0.402099,-0.531623,-0.468355,-0.331211, 
0,-0.402233,-0.532611,-0.468335,-0.332710, 
0,-0.401928,-0.532833,-0.468087,-0.333713, 
0,-0.401864,-0.533161,-0.468055,-0.334592, 
0,-0.402150,-0.534110,-0.467717,-0.335854, 
0,-0.402085,-0.534705,-0.467530,-0.337277, 
0,-0.401995,-0.535291,-0.467568,-0.337881, 
0,-0.402398,-0.536540,-0.468237,-0.339149, 
0,-0.401483,-0.535915,-0.467444,-0.339438, 
0,-0.401719,-0.536988,-0.467516,-0.341442, 
0,-0.401342,-0.537223,-0.467208,-0.341801, 
0,-0.401557,-0.538303,-0.467374,-0.344102, 
0,-0.401218,-0.538379,-0.466832,-0.344791, 
0,-0.401167,-0.539106,-0.466939,-0.344851, 
0,-0.401338,-0.539607,-0.466920,-0.345146, 
0,-0.401481,-0.540297,-0.466807,-0.346373, 
0,-0.401226,-0.540185,-0.466717,-0.347089, 
0,-0.400441,-0.539830,-0.466333,-0.345512, 
0,-0.400552,-0.541516,-0.466963,-0.346998, 
0,-0.402337,-0.544423,-0.468204,-0.352004, 
0,-0.402018,-0.543702,-0.467855,-0.351646, 
0,-0.401867,-0.543487,-0.467863,-0.350835, 
0,-0.396355,-0.534976,-0.463101,-0.342493, 
0,-0.401902,-0.544045,-0.467573,-0.351791, 
0,-0.400699,-0.542163,-0.466500,-0.350231, 
0,-0.399223,-0.540304,-0.465446,-0.348136, 
0,-0.401358,-0.543895,-0.467296,-0.351171, 
0,-0.403307,-0.547314,-0.468934,-0.354632, 
0,-0.400195,-0.542494,-0.465943,-0.351015, 
0,-0.400691,-0.543828,-0.466167,-0.354560, 
0,-0.400332,-0.543848,-0.465686,-0.356470, 
0,-0.401366,-0.546267,-0.466897,-0.357576, 
0,-0.403613,-0.550343,-0.469024,-0.360722, 
0,-0.414435,-0.567527,-0.477491,-0.377761, 
0,-0.408650,-0.558537,-0.472571,-0.370484, 
0,-0.372193,-0.500240,-0.441518,-0.311848, 
0,-0.395400,-0.539051,-0.461409,-0.349285, 
0,-0.399600,-0.546122,-0.464989,-0.355914, 
0,-0.398744,-0.544707,-0.464027,-0.355812, 
0,-0.404524,-0.554158,-0.469154,-0.365094, 
0,-0.399864,-0.547299,-0.465428,-0.357632, 
0,-0.398817,-0.546110,-0.464398,-0.356032, 
0,-0.398961,-0.546349,-0.464469,-0.356616, 
0,-0.399328,-0.547016,-0.464844,-0.355802, 
0,-0.399270,-0.547059,-0.464862,-0.356980, 
0,-0.399050,-0.547125,-0.464862,-0.357319, 
0,-0.399121,-0.547378,-0.464982,-0.358103, 
0,-0.399170,-0.547530,-0.464936,-0.358202, 
0,-0.399171,-0.547763,-0.464855,-0.358578, 
0,-0.399002,-0.548353,-0.464791,-0.360150, 
0,-0.398538,-0.548373,-0.464450,-0.359650, 
0,-0.398976,-0.549545,-0.464635,-0.361109, 
0,-0.398747,-0.549015,-0.464470,-0.362613, 
0,-0.398909,-0.549648,-0.464849,-0.362863, 
0,-0.403477,-0.557021,-0.468719,-0.370259, 
0,-0.392803,-0.539940,-0.459229,-0.354224, 
0,-0.402777,-0.556631,-0.467802,-0.370437, 
0,-0.395710,-0.544995,-0.461807,-0.359449, 
0,-0.402089,-0.555884,-0.467248,-0.369768, 
0,-0.392685,-0.541395,-0.459440,-0.352919, 
0,-0.401917,-0.557073,-0.467588,-0.366107, 
0,-0.411713,-0.573191,-0.476057,-0.381681, 
0,-0.410321,-0.570651,-0.474760,-0.379546, 
0,-0.378028,-0.517312,-0.446626,-0.328270, 
0,-0.395982,-0.547359,-0.462095,-0.357690, 
0,-0.397589,-0.549716,-0.463344,-0.360031, 
0,-0.397112,-0.549066,-0.462914,-0.359903, 
0,-0.396885,-0.548880,-0.462605,-0.359536, 
0,-0.396140,-0.547743,-0.462032,-0.357851, 
0,-0.396787,-0.548926,-0.462645,-0.359947, 
0,-0.397701,-0.550881,-0.463190,-0.363910, 
0,-0.398033,-0.551389,-0.463302,-0.364837, 
0,-0.397745,-0.551051,-0.463165,-0.364068, 
0,-0.397343,-0.550541,-0.462964,-0.363148, 
0,-0.402264,-0.558999,-0.467170,-0.373420, 
0,-0.384415,-0.528413,-0.451391,-0.345413, 
0,-0.402718,-0.559763,-0.467416,-0.375320, 
0,-0.402406,-0.559060,-0.466405,-0.374658, 
0,-0.393621,-0.546210,-0.458603,-0.362080, 
0,-0.396528,-0.550981,-0.461260,-0.366948, 
0,-0.395797,-0.549337,-0.460310,-0.366450, 
0,-0.396343,-0.550193,-0.461133,-0.365283, 
0,-0.394278,-0.546934,-0.459183,-0.362317, 
0,-0.396515,-0.550610,-0.461101,-0.367480, 
0,-0.396330,-0.551128,-0.461050,-0.367243, 
0,-0.397690,-0.554193,-0.462585,-0.369099, 
0,-0.396040,-0.552759,-0.461644,-0.365136, 
0,-0.395432,-0.552434,-0.461208,-0.365261, 
0,-0.397066,-0.554740,-0.461949,-0.369358, 
0,-0.394874,-0.550727,-0.459987,-0.366268, 
0,-0.395560,-0.551824,-0.460788,-0.366786, 
0,-0.395800,-0.551983,-0.461061,-0.365829, 
0,-0.395583,-0.551559,-0.461008,-0.364646, 
0,-0.395719,-0.551533,-0.460995,-0.365615, 
0,-0.396029,-0.552486,-0.460891,-0.366041, 
0,-0.395928,-0.552254,-0.460740,-0.367322, 
0,-0.395834,-0.552189,-0.460745,-0.369077, 
0,-0.395716,-0.551932,-0.460592,-0.369782, 
0,-0.395709,-0.551777,-0.460321,-0.369735, 
0,-0.395735,-0.552015,-0.460384,-0.371602, 
0,-0.395508,-0.552436,-0.460371,-0.370802, 
0,-0.395453,-0.553126,-0.460557,-0.370084, 
0,-0.395539,-0.552903,-0.460666,-0.369884, 
0,-0.395371,-0.552549,-0.460550,-0.368300, 
0,-0.395040,-0.552188,-0.460364,-0.366508, 
0,-0.394993,-0.551991,-0.460292,-0.366624, 
0,-0.395131,-0.552051,-0.460352,-0.367317, 
0,-0.395195,-0.551841,-0.460159,-0.368173, 
0,-0.394701,-0.551361,-0.459629,-0.366886, 
0,-0.394689,-0.551364,-0.459808,-0.366638, 
0,-0.397035,-0.555137,-0.461755,-0.371056, 
0,-0.394005,-0.550130,-0.459113,-0.367916, 
0,-0.394456,-0.550863,-0.459387,-0.369317, 
0,-0.393669,-0.549557,-0.458502,-0.367043, 
0,-0.394958,-0.551478,-0.459391,-0.368720, 
0,-0.394493,-0.550293,-0.458877,-0.368101, 
0,-0.395458,-0.552143,-0.459834,-0.369172, 
0,-0.394357,-0.551069,-0.459143,-0.366086, 
0,-0.393087,-0.550003,-0.458202,-0.363556, 
0,-0.395360,-0.553036,-0.459990,-0.367640, 
0,-0.392364,-0.548213,-0.457507,-0.364603, 
0,-0.393780,-0.550296,-0.458587,-0.366879, 
0,-0.393713,-0.550178,-0.458667,-0.368283, 
0,-0.393678,-0.551052,-0.458881,-0.369629, 
0,-0.393643,-0.550729,-0.458683,-0.370141, 
0,-0.393668,-0.550942,-0.458804,-0.370327, 
0,-0.393618,-0.550614,-0.458553,-0.369888, 
0,-0.393483,-0.550659,-0.458363,-0.368181, 
0,-0.393094,-0.551071,-0.458397,-0.367052, 
0,-0.392960,-0.551266,-0.458378,-0.366919, 
0,-0.392594,-0.551278,-0.458090,-0.366782, 
0,-0.392381,-0.551445,-0.458077,-0.367421, 
0,-0.392322,-0.552713,-0.458181,-0.367031, 
0,-0.392193,-0.553369,-0.458129,-0.368257, 
0,-0.392205,-0.552290,-0.457922,-0.370021, 
0,-0.392166,-0.551861,-0.458036,-0.370066, 
0,-0.391749,-0.551258,-0.457592,-0.370197, 
0,-0.392080,-0.551569,-0.457645,-0.372566, 
0,-0.392072,-0.551704,-0.457471,-0.371084, 
0,-0.392154,-0.551571,-0.457078,-0.371495, 
0,-0.391864,-0.551024,-0.457140,-0.372024, 
0,-0.391888,-0.550584,-0.457070,-0.370996, 
0,-0.391645,-0.550178,-0.456531,-0.371926, 
0,-0.391764,-0.549801,-0.456126,-0.375485, 
0,-0.391830,-0.549887,-0.456315,-0.375905, 
0,-0.391689,-0.550174,-0.456407,-0.373452, 
0,-0.391415,-0.550236,-0.456230,-0.371794, 
0,-0.391599,-0.550395,-0.456472,-0.371253, 
0,-0.391541,-0.550008,-0.456490,-0.369923, 
0,-0.391469,-0.550170,-0.456467,-0.369918, 
0,-0.391264,-0.549789,-0.455659,-0.371195, 
0,-0.390964,-0.549633,-0.455378,-0.373414, 
0,-0.391121,-0.549383,-0.455689,-0.372164, 
0,-0.391228,-0.549305,-0.455626,-0.373258, 
0,-0.390959,-0.549355,-0.455434,-0.373103, 
0,-0.390985,-0.549922,-0.455566,-0.373719, 
0,-0.390694,-0.549224,-0.455411,-0.372404, 
0,-0.390559,-0.549037,-0.455602,-0.371387, 
0,-0.390748,-0.549291,-0.455713,-0.371795, 
0,-0.390497,-0.548948,-0.455548,-0.370571, 
0,-0.390155,-0.549055,-0.455462,-0.369393, 
0,-0.390245,-0.548723,-0.455593,-0.369665, 
0,-0.390064,-0.548291,-0.455367,-0.369324, 
0,-0.390071,-0.548686,-0.455299,-0.370442, 
0,-0.390001,-0.548744,-0.455217,-0.371799, 
0,-0.389889,-0.548663,-0.455187,-0.373088, 
0,-0.389529,-0.548442,-0.454858,-0.373210, 
0,-0.389634,-0.548315,-0.454922,-0.374232, 
0,-0.389834,-0.548612,-0.454711,-0.376369, 
0,-0.389778,-0.548439,-0.454652,-0.375169, 
0,-0.389507,-0.547549,-0.454398,-0.372409, 
0,-0.389605,-0.547509,-0.454390,-0.371975, 
0,-0.389809,-0.547415,-0.454504,-0.372672, 
0,-0.389479,-0.547511,-0.454085,-0.372986, 
0,-0.389554,-0.547881,-0.454136,-0.373651, 
0,-0.389199,-0.548103,-0.454147,-0.372643, 
0,-0.389179,-0.547697,-0.453830,-0.374062, 
0,-0.389298,-0.547501,-0.454045,-0.374135, 
0,-0.389241,-0.547392,-0.453901,-0.374051, 
0,-0.389200,-0.547426,-0.453612,-0.375198, 
0,-0.388564,-0.547277,-0.453107,-0.376065, 
0,-0.388722,-0.547383,-0.452977,-0.377865, 
0,-0.388796,-0.547638,-0.453217,-0.377724, 
0,-0.388854,-0.547318,-0.453410,-0.376642, 
0,-0.388709,-0.547433,-0.453387,-0.375903, 
0,-0.388434,-0.546677,-0.453028,-0.374944, 
0,-0.388712,-0.546336,-0.453029,-0.375629, 
0,-0.388771,-0.546591,-0.453079,-0.375943, 
0,-0.388607,-0.546247,-0.452952,-0.376088, 
0,-0.388739,-0.546685,-0.452815,-0.375389, 
0,-0.388232,-0.546658,-0.452535,-0.373397, 
0,-0.388005,-0.547024,-0.452639,-0.372162, 
0,-0.388102,-0.547404,-0.452812,-0.372638, 
0,-0.387718,-0.547605,-0.452734,-0.373176, 
0,-0.388002,-0.547524,-0.452823,-0.373892, 
0,-0.388039,-0.546998,-0.452707,-0.375170, 
0,-0.387989,-0.546756,-0.452855,-0.373707, 
0,-0.387888,-0.546389,-0.452697,-0.373867, 
0,-0.387933,-0.546289,-0.452468,-0.374181, 
0,-0.387864,-0.546475,-0.452405,-0.374512, 
0,-0.387469,-0.545621,-0.451698,-0.375334, 
0,-0.387515,-0.545928,-0.451996,-0.375870, 
0,-0.387543,-0.545908,-0.452095,-0.374839, 
0,-0.387346,-0.545662,-0.452103,-0.373746, 
0,-0.387350,-0.544928,-0.452138,-0.371550, 
0,-0.387068,-0.544627,-0.451714,-0.370283, 
0,-0.387254,-0.544789,-0.451794,-0.369315, 
0,-0.387421,-0.544923,-0.451877,-0.370230, 
0,-0.387454,-0.544937,-0.451515,-0.370553, 
0,-0.386760,-0.544088,-0.451082,-0.369336, 
0,-0.386291,-0.543798,-0.450812,-0.368338, 
0,-0.386310,-0.543762,-0.450825,-0.367873, 
0,-0.386391,-0.544724,-0.451315,-0.367096, 
0,-0.386236,-0.545247,-0.451377,-0.368049, 
0,-0.385738,-0.545143,-0.451400,-0.367456, 
0,-0.385632,-0.545164,-0.451044,-0.366862, 
0,-0.385968,-0.544846,-0.450651,-0.368246, 
0,-0.386259,-0.544917,-0.450746,-0.371370, 
0,-0.386133,-0.545082,-0.450343,-0.372862, 
0,-0.386220,-0.544516,-0.450541,-0.371600, 
0,-0.386123,-0.544132,-0.450526,-0.369477, 
0,-0.386086,-0.543476,-0.450187,-0.367663, 
0,-0.386307,-0.543396,-0.450414,-0.367353, 
0,-0.386376,-0.544251,-0.450252,-0.368067, 
0,-0.385894,-0.544221,-0.449843,-0.368203, 
0,-0.385730,-0.543419,-0.449919,-0.367352, 
0,-0.385845,-0.543177,-0.450027,-0.367563, 
0,-0.385728,-0.543646,-0.450153,-0.368394, 
0,-0.385792,-0.543920,-0.450245,-0.369314, 
0,-0.385375,-0.543423,-0.450015,-0.367454, 
0,-0.385401,-0.543219,-0.450065,-0.367236, 
0,-0.385119,-0.543460,-0.449691,-0.367319, 
0,-0.385086,-0.543202,-0.449529,-0.366847, 
0,-0.385194,-0.543835,-0.449611,-0.367585, 
0,-0.385059,-0.543186,-0.449443,-0.367924, 
0,-0.385081,-0.542796,-0.449437,-0.367881, 
0,-0.385144,-0.542810,-0.449506,-0.368048, 
0,-0.385001,-0.542680,-0.449377,-0.368647, 
0,-0.384933,-0.542838,-0.449230,-0.370317, 
0,-0.384823,-0.542168,-0.449253,-0.369818, 
0,-0.384870,-0.542090,-0.449152,-0.370509, 
0,-0.384868,-0.542642,-0.449148,-0.370192, 
0,-0.384985,-0.542609,-0.448899,-0.370369, 
0,-0.384683,-0.542387,-0.448944,-0.370144, 
0,-0.384650,-0.541981,-0.448823,-0.370475, 
0,-0.384416,-0.542386,-0.448543,-0.368699, 
0,-0.384488,-0.542407,-0.448063,-0.370162, 
0,-0.384502,-0.542019,-0.447507,-0.371747, 
0,-0.384511,-0.541545,-0.447741,-0.370944, 
0,-0.384392,-0.541433,-0.447639,-0.369641, 
0,-0.384287,-0.541570,-0.448061,-0.370892, 
0,-0.383784,-0.541662,-0.447788,-0.370205, 
0,-0.384042,-0.541656,-0.447942,-0.369411, 
0,-0.383860,-0.541254,-0.447802,-0.367307, 
0,-0.383848,-0.540949,-0.447960,-0.366908, 
0,-0.383629,-0.540243,-0.447385,-0.367928, 
0,-0.383643,-0.540303,-0.447511,-0.367686, 
0,-0.383804,-0.540205,-0.447560,-0.367426, 
0,-0.383713,-0.540165,-0.447362,-0.368179, 
0,-0.383527,-0.539877,-0.447295,-0.366992, 
0,-0.383197,-0.539390,-0.447234,-0.365054, 
0,-0.383054,-0.539151,-0.446966,-0.364976, 
0,-0.383140,-0.539230,-0.447206,-0.365193, 
0,-0.383089,-0.539502,-0.447286,-0.364068, 
0,-0.382912,-0.539895,-0.447309,-0.363270, 
0,-0.382645,-0.539290,-0.447003,-0.363228, 
0,-0.383013,-0.539748,-0.447156,-0.363107, 
0,-0.382857,-0.539348,-0.446621,-0.363737, 
0,-0.383017,-0.539008,-0.446581,-0.365028, 
0,-0.382961,-0.538639,-0.446295,-0.366469, 
0,-0.382707,-0.538258,-0.446406,-0.367327, 
0,-0.382656,-0.538135,-0.446336,-0.366230, 
0,-0.382791,-0.538309,-0.446441,-0.364884, 
0,-0.382808,-0.538820,-0.446690,-0.364727, 
0,-0.382214,-0.537353,-0.445996,-0.365289, 
0,-0.382164,-0.537461,-0.445973,-0.364711, 
0,-0.382226,-0.537974,-0.445678,-0.364467, 
0,-0.382219,-0.537950,-0.445853,-0.364583, 
0,-0.382262,-0.537792,-0.445728,-0.364578, 
0,-0.381984,-0.537307,-0.445089,-0.363689, 
0,-0.381622,-0.536879,-0.445232,-0.361588, 
0,-0.381323,-0.536448,-0.445236,-0.360926, 
0,-0.381484,-0.536409,-0.445314,-0.361076, 
0,-0.381279,-0.536452,-0.445489,-0.360059, 
0,-0.382649,-0.538523,-0.446671,-0.362186, 
0,-0.383823,-0.540282,-0.447649,-0.364284, 
0,-0.379645,-0.533459,-0.443359,-0.359808, 
0,-0.381041,-0.536988,-0.444782,-0.362432, 
0,-0.378794,-0.532658,-0.443000,-0.357416, 
0,-0.386564,-0.545397,-0.449857,-0.368590, 
0,-0.395691,-0.560558,-0.457762,-0.382957, 
0,-0.374568,-0.525236,-0.439272,-0.349306, 
0,-0.365525,-0.510726,-0.431500,-0.336464, 
0,-0.377161,-0.529899,-0.441633,-0.357206, 
0,-0.381366,-0.536318,-0.444943,-0.364182, 
0,-0.380639,-0.535142,-0.444200,-0.363378, 
0,-0.382006,-0.536169,-0.445418,-0.365610, 
0,-0.380272,-0.535117,-0.443595,-0.361899, 
0,-0.380332,-0.535478,-0.443843,-0.362322, 
0,-0.380714,-0.535900,-0.444305,-0.360851, 
0,-0.380275,-0.535133,-0.443565,-0.361348, 
0,-0.379471,-0.534327,-0.443345,-0.360080, 
0,-0.379612,-0.534292,-0.443592,-0.359444, 
0,-0.379725,-0.533975,-0.443794,-0.360457, 
0,-0.380073,-0.534168,-0.444110,-0.361136, 
0,-0.381416,-0.536863,-0.445450,-0.364438, 
0,-0.382510,-0.539071,-0.446427,-0.365527, 
0,-0.383489,-0.540440,-0.447432,-0.366157, 
0,-0.377020,-0.529561,-0.441950,-0.354775, 
0,-0.376075,-0.528388,-0.441309,-0.351887, 
0,-0.379721,-0.534264,-0.444297,-0.358354, 
0,-0.379174,-0.532920,-0.443892,-0.357181, 
0,-0.379160,-0.532759,-0.443949,-0.356006, 
0,-0.378855,-0.532927,-0.443793,-0.354559, 
0,-0.378890,-0.533879,-0.443784,-0.354467, 
0,-0.379140,-0.533773,-0.443754,-0.357162, 
0,-0.379081,-0.533241,-0.443478,-0.357695, 
0,-0.379201,-0.533348,-0.443552,-0.358087, 
0,-0.379128,-0.533638,-0.443473,-0.358716, 
0,-0.378701,-0.532828,-0.443053,-0.359733, 
0,-0.379164,-0.532955,-0.443413,-0.361443, 
0,-0.379071,-0.532527,-0.442966,-0.362925, 
0,-0.379993,-0.534154,-0.443862,-0.364694, 
0,-0.382878,-0.539143,-0.446574,-0.368238, 
0,-0.386444,-0.545545,-0.449769,-0.375512, 
0,-0.375537,-0.527210,-0.439558,-0.359445, 
0,-0.376879,-0.529064,-0.440486,-0.362745, 
0,-0.378698,-0.531954,-0.442303,-0.363198, 
0,-0.379219,-0.532194,-0.442755,-0.362555, 
0,-0.384039,-0.540273,-0.446962,-0.369556, 
3,-0.376718,-0.528264,-0.440020,-0.357794,""
0,-0.394183,-0.559261,-0.455697,-0.388748, 
0,-0.403180,-0.573669,-0.463496,-0.401647, 
0,-0.380522,-0.532473,-0.442537,-0.361246, 
0,-0.376358,-0.527117,-0.439478,-0.356423, 
0,-0.384031,-0.542961,-0.447174,-0.372779, 
0,-0.338339,-0.476709,-0.406783,-0.301031, 
0,-0.358177,-0.509130,-0.424552,-0.331609, 
0,-0.382578,-0.548423,-0.445475,-0.369222, 
0,-0.377215,-0.538577,-0.440917,-0.360656, 
0,-0.377633,-0.541521,-0.441596,-0.366002, 
0,-0.376336,-0.540219,-0.440133,-0.377670, 
0,-0.378445,-0.543256,-0.441349,-0.383253, 
0,-0.380028,-0.547085,-0.442706,-0.386253, 
0,-0.377750,-0.544098,-0.441113,-0.382116, 
0,-0.377562,-0.544433,-0.440529,-0.382831, 
0,-0.378768,-0.546984,-0.441152,-0.385335, 
0,-0.378840,-0.548219,-0.441398,-0.386604, 
0,-0.378544,-0.548299,-0.441153,-0.385264, 
0,-0.378539,-0.549019,-0.441501,-0.384700, 
0,-0.378466,-0.550270,-0.441579,-0.385597, 
0,-0.378610,-0.550569,-0.441518,-0.384873, 
0,-0.378511,-0.550590,-0.441361,-0.385892, 
0,-0.378439,-0.551818,-0.441578,-0.385327, 
0,-0.378647,-0.551624,-0.441611,-0.384990, 
0,-0.378599,-0.551916,-0.441566,-0.384237, 
0,-0.378612,-0.552702,-0.441742,-0.386833, 
0,-0.378765,-0.552740,-0.442008,-0.387510, 
0,-0.378722,-0.553261,-0.441740,-0.389104, 
0,-0.378910,-0.553434,-0.441578,-0.391856, 
0,-0.378708,-0.553400,-0.441354,-0.391129, 
0,-0.379009,-0.554914,-0.441184,-0.393395, 
0,-0.378827,-0.555487,-0.441219,-0.394251, 
0,-0.378806,-0.555388,-0.441065,-0.391935, 
0,-0.378874,-0.555640,-0.440745,-0.392336, 
0,-0.378942,-0.555954,-0.441015,-0.393808, 
0,-0.378617,-0.556255,-0.440938,-0.394250, 
0,-0.378335,-0.556144,-0.440872,-0.392306, 
0,-0.378400,-0.556531,-0.440916,-0.392115, 
0,-0.378600,-0.556418,-0.441017,-0.391979, 
0,-0.378403,-0.557386,-0.440867,-0.392894, 
0,-0.377984,-0.559021,-0.441155,-0.392823, 
0,-0.377714,-0.558492,-0.440725,-0.393234, 
0,-0.377973,-0.559446,-0.440810,-0.396766, 
0,-0.377935,-0.560225,-0.440935,-0.398118, 
0,-0.378192,-0.559899,-0.440933,-0.395725, 
0,-0.377924,-0.559654,-0.440575,-0.395528, 
0,-0.378134,-0.559838,-0.440701,-0.398534, 
0,-0.378001,-0.559835,-0.440255,-0.398636, 
0,-0.378109,-0.560154,-0.440310,-0.399021, 
0,-0.377969,-0.560157,-0.440421,-0.396181, 
0,-0.378001,-0.559769,-0.440299,-0.396856, 
0,-0.378224,-0.560121,-0.440340,-0.398857, 
0,-0.378251,-0.560196,-0.440260,-0.398953, 
0,-0.378031,-0.560293,-0.440030,-0.398373, 
0,-0.377790,-0.560576,-0.439887,-0.398201, 
0,-0.377898,-0.560769,-0.440204,-0.397717, 
0,-0.378093,-0.560778,-0.440313,-0.398706, 
0,-0.378002,-0.560933,-0.440189,-0.399202, 
0,-0.377872,-0.561125,-0.440071,-0.399856, 
0,-0.377695,-0.561356,-0.439726,-0.400343, 
0,-0.377582,-0.562379,-0.439625,-0.401869, 
0,-0.377578,-0.563389,-0.439628,-0.402568, 
0,-0.377524,-0.563561,-0.439644,-0.402792, 
0,-0.377562,-0.563562,-0.439448,-0.404351, 
0,-0.377559,-0.563910,-0.439344,-0.404073, 
0,-0.377547,-0.563405,-0.439285,-0.403668, 
0,-0.377374,-0.564234,-0.438966,-0.405031, 
0,-0.377258,-0.564011,-0.438987,-0.404099, 
0,-0.377302,-0.563084,-0.438963,-0.401852, 
0,-0.377436,-0.562900,-0.438886,-0.402750, 
0,-0.377498,-0.563739,-0.439106,-0.403141, 
0,-0.376974,-0.564046,-0.438978,-0.403423, 
0,-0.377001,-0.564689,-0.439188,-0.403476, 
0,-0.377180,-0.565451,-0.439212,-0.403926, 
0,-0.377272,-0.565268,-0.438983,-0.404727, 
0,-0.377487,-0.564545,-0.438794,-0.406524, 
0,-0.377538,-0.564772,-0.438854,-0.406542, 
0,-0.377645,-0.565700,-0.439177,-0.406320, 
0,-0.377552,-0.566382,-0.438962,-0.405882, 
0,-0.377386,-0.566206,-0.438881,-0.405042, 
0,-0.377287,-0.565426,-0.438826,-0.403930, 
0,-0.377225,-0.565731,-0.438558,-0.402427, 
0,-0.377034,-0.565752,-0.438393,-0.405123, 
0,-0.377106,-0.566674,-0.438514,-0.405444, 
0,-0.376992,-0.567046,-0.438714,-0.401718, 
0,-0.376821,-0.566364,-0.438630,-0.398889, 
0,-0.376740,-0.565997,-0.438492,-0.397025, 
0,-0.376887,-0.566789,-0.438818,-0.395730, 
0,-0.376910,-0.567068,-0.438735,-0.398222, 
0,-0.376643,-0.567090,-0.438463,-0.398454, 
0,-0.376765,-0.567003,-0.438274,-0.399464, 
0,-0.376304,-0.566128,-0.437833,-0.398270, 
0,-0.376536,-0.565948,-0.438152,-0.397771, 
0,-0.376368,-0.566905,-0.438195,-0.396809, 
0,-0.376441,-0.567247,-0.438360,-0.396404, 
0,-0.376454,-0.566877,-0.438307,-0.396275, 
0,-0.376538,-0.566708,-0.438140,-0.396692, 
0,-0.376524,-0.566733,-0.437865,-0.396743, 
0,-0.376592,-0.566993,-0.437908,-0.398760, 
0,-0.376690,-0.566406,-0.437928,-0.400724, 
0,-0.376786,-0.566365,-0.437782,-0.402593, 
0,-0.376658,-0.566194,-0.437694,-0.399924, 
0,-0.377066,-0.567129,-0.437536,-0.401923, 
0,-0.376955,-0.568088,-0.436795,-0.406769, 
0,-0.376597,-0.567417,-0.436805,-0.409560, 
0,-0.376546,-0.567175,-0.436740,-0.410292, 
0,-0.380187,-0.572118,-0.439958,-0.411957, 
0,-0.376350,-0.565635,-0.436522,-0.405211, 
0,-0.374209,-0.562837,-0.434620,-0.402849, 
0,-0.374723,-0.564949,-0.435224,-0.403273, 
0,-0.376491,-0.568485,-0.436549,-0.407842, 
0,-0.376125,-0.569723,-0.436686,-0.406976, 
0,-0.375914,-0.569467,-0.436572,-0.404873, 
0,-0.375826,-0.569701,-0.436671,-0.405685, 
0,-0.375934,-0.570080,-0.436895,-0.406028, 
0,-0.375907,-0.570233,-0.436980,-0.403063, 
0,-0.376451,-0.570745,-0.437417,-0.403018, 
0,-0.376428,-0.570890,-0.437417,-0.401571, 
0,-0.380817,-0.577762,-0.440850,-0.408404, 
0,-0.381943,-0.579802,-0.441576,-0.411723, 
0,-0.379637,-0.576754,-0.439638,-0.408131, 
0,-0.413153,-0.629169,-0.468017,-0.460050, 
0,-0.349557,-0.526437,-0.413164,-0.366058, 
0,-0.361489,-0.547455,-0.423650,-0.388364, 
0,-0.387762,-0.589304,-0.446043,-0.428759, 
0,-0.372430,-0.564238,-0.433285,-0.405983, 
0,-0.375330,-0.568589,-0.435839,-0.408309, 
0,-0.374914,-0.567796,-0.435444,-0.405346, 
0,-0.375185,-0.568655,-0.435920,-0.400279, 
0,-0.375462,-0.568908,-0.435740,-0.401173, 
0,-0.375237,-0.569747,-0.435132,-0.406123, 
0,-0.374833,-0.568915,-0.435025,-0.406685, 
0,-0.375232,-0.570929,-0.434896,-0.410492, 
0,-0.374979,-0.570585,-0.434565,-0.411779, 
0,-0.375175,-0.570380,-0.434393,-0.412508, 
0,-0.374969,-0.570285,-0.434861,-0.408822, 
0,-0.376944,-0.574574,-0.436741,-0.412251, 
0,-0.374293,-0.569808,-0.434213,-0.409927, 
0,-0.374812,-0.570128,-0.434895,-0.408766, 
0,-0.374801,-0.569890,-0.434782,-0.406272, 
0,-0.375115,-0.570647,-0.435201,-0.406802, 
0,-0.374955,-0.570595,-0.434811,-0.403303, 
0,-0.374803,-0.570847,-0.434718,-0.403745, 
0,-0.374951,-0.570379,-0.435027,-0.406168, 
0,-0.374686,-0.569732,-0.434668,-0.404125, 
0,-0.376008,-0.572819,-0.436094,-0.403837, 
0,-0.374584,-0.571998,-0.435116,-0.402019, 
0,-0.373746,-0.570282,-0.434183,-0.401492, 
0,-0.374520,-0.570968,-0.434929,-0.399968, 
0,-0.374584,-0.570344,-0.435046,-0.401699, 
0,-0.374111,-0.569404,-0.434644,-0.400877, 
0,-0.374157,-0.569684,-0.435003,-0.399412, 
0,-0.374736,-0.569660,-0.435132,-0.399770, 
0,-0.375533,-0.570281,-0.435125,-0.402828, 
0,-0.374482,-0.568447,-0.434246,-0.401289, 
0,-0.374048,-0.568552,-0.434335,-0.400682, 
0,-0.373905,-0.568429,-0.434309,-0.402279, 
0,-0.374238,-0.568605,-0.434596,-0.401909, 
0,-0.378032,-0.575499,-0.438140,-0.406987, 
0,-0.381201,-0.580002,-0.440479,-0.412133, 
0,-0.376578,-0.573840,-0.436600,-0.406177, 
0,-0.376733,-0.574953,-0.436812,-0.405846, 
0,-0.360826,-0.548165,-0.422595,-0.380408, 
0,-0.373803,-0.570155,-0.433641,-0.402845, 
0,-0.366751,-0.558026,-0.427615,-0.390274, 
0,-0.371599,-0.565247,-0.431888,-0.397974, 
0,-0.374638,-0.570859,-0.434276,-0.403627, 
0,-0.375342,-0.571915,-0.434506,-0.408625, 
0,-0.374165,-0.570388,-0.433527,-0.407261, 
0,-0.373738,-0.569910,-0.433178,-0.407013, 
0,-0.374370,-0.570535,-0.433797,-0.407772, 
0,-0.374043,-0.571111,-0.433762,-0.405336, 
0,-0.373921,-0.570456,-0.433635,-0.404716, 
0,-0.374263,-0.569577,-0.433598,-0.406402, 
0,-0.370576,-0.564810,-0.430369,-0.400657, 
0,-0.371939,-0.567434,-0.431427,-0.405588, 
0,-0.374349,-0.571036,-0.433610,-0.408597, 
0,-0.372519,-0.567849,-0.432171,-0.405401, 
0,-0.379390,-0.580074,-0.438118,-0.417279, 
0,-0.374984,-0.572529,-0.434182,-0.409315, 
0,-0.371735,-0.567424,-0.431381,-0.405179, 
0,-0.373510,-0.570813,-0.432915,-0.409697, 
0,-0.373690,-0.570605,-0.432990,-0.409999, 
0,-0.373357,-0.569469,-0.432410,-0.409739, 
0,-0.373519,-0.569151,-0.432703,-0.413351, 
0,-0.373323,-0.568921,-0.432564,-0.412449, 
0,-0.372032,-0.568728,-0.431837,-0.408930, 
0,-0.373420,-0.571497,-0.433184,-0.407281, 
0,-0.374571,-0.573379,-0.433842,-0.409556, 
0,-0.376276,-0.576053,-0.435441,-0.410850, 
0,-0.372103,-0.569308,-0.431631,-0.404730, 
0,-0.373914,-0.571763,-0.433155,-0.404844, 
0,-0.373468,-0.571711,-0.432626,-0.404209, 
0,-0.371602,-0.568341,-0.431031,-0.400101, 
0,-0.372291,-0.569330,-0.431885,-0.397803, 
0,-0.373268,-0.569819,-0.432413,-0.398218, 
0,-0.373846,-0.571874,-0.433027,-0.399570, 
4,-0.370101,-0.566436,-0.429552,-0.396970,""
0,-0.377690,-0.581092,-0.436448,-0.410367, 
0,-0.390280,-0.601566,-0.447439,-0.429433, 
0,-0.380295,-0.581621,-0.438285,-0.408428, 
0,-0.377328,-0.573444,-0.433934,-0.385159, 
0,-0.364913,-0.559559,-0.425054,-0.381658, 
0,-0.347974,-0.534421,-0.410739,-0.359974, 
0,-0.363527,-0.565566,-0.426598,-0.388010, 
0,-0.378631,-0.593316,-0.436065,-0.417134, 
0,-0.374752,-0.589940,-0.432634,-0.411478, 
0,-0.373590,-0.588115,-0.431804,-0.409914, 
0,-0.373293,-0.586818,-0.431671,-0.413921, 
0,-0.373494,-0.586469,-0.431514,-0.412673, 
0,-0.382567,-0.601301,-0.439249,-0.429190, 
0,-0.384759,-0.602565,-0.440849,-0.435203, 
0,-0.364793,-0.570791,-0.423937,-0.402689, 
0,-0.364978,-0.573686,-0.424251,-0.404703, 
0,-0.366380,-0.576585,-0.425277,-0.408641, 
0,-0.373899,-0.588204,-0.431567,-0.423354, 
0,-0.372350,-0.586924,-0.430465,-0.419877, 
0,-0.373236,-0.589378,-0.431276,-0.419532, 
0,-0.371973,-0.587187,-0.430039,-0.418629, 
0,-0.373030,-0.589582,-0.430801,-0.428919, 
0,-0.373351,-0.590835,-0.431295,-0.429629, 
0,-0.373066,-0.590143,-0.431003,-0.426862, 
0,-0.374244,-0.591475,-0.431879,-0.426512, 
0,-0.373756,-0.591473,-0.431640,-0.423120, 
0,-0.375233,-0.594696,-0.432661,-0.426414, 
0,-0.374115,-0.593175,-0.431578,-0.426183, 
0,-0.373476,-0.592626,-0.430865,-0.426639, 
0,-0.373145,-0.592181,-0.430452,-0.428723, 
0,-0.373815,-0.593364,-0.431069,-0.431261, 
0,-0.373300,-0.593777,-0.430738,-0.430587, 
0,-0.373636,-0.594237,-0.430960,-0.433115, 
0,-0.373520,-0.594544,-0.430858,-0.433114, 
0,-0.374161,-0.595407,-0.431344,-0.435188, 
0,-0.375409,-0.598712,-0.432437,-0.437659, 
0,-0.375731,-0.600661,-0.432693,-0.440094, 
0,-0.373764,-0.597228,-0.430758,-0.438776, 
0,-0.373088,-0.595312,-0.430142,-0.436016, 
0,-0.374051,-0.596244,-0.431183,-0.433406, 
0,-0.374766,-0.598117,-0.431852,-0.434994, 
0,-0.374418,-0.597391,-0.431394,-0.436807, 
0,-0.379256,-0.605178,-0.435106,-0.445895, 
0,-0.387497,-0.621411,-0.442381,-0.464000, 
0,-0.379431,-0.609363,-0.435302,-0.454492, 
0,-0.390201,-0.628200,-0.444998,-0.467511, 
0,-0.353641,-0.566981,-0.413332,-0.406487, 
0,-0.365067,-0.585390,-0.422893,-0.423598, 
0,-0.374906,-0.601974,-0.431345,-0.444710, 
0,-0.375571,-0.602874,-0.431688,-0.445215, 
0,-0.367777,-0.590949,-0.425049,-0.434553, 
0,-0.372023,-0.598407,-0.428365,-0.443303, 
0,-0.374207,-0.603064,-0.430276,-0.446898, 
0,-0.373568,-0.603764,-0.429910,-0.448679, 
0,-0.372297,-0.603928,-0.429124,-0.447807, 
0,-0.373215,-0.604530,-0.430110,-0.447343, 
0,-0.373407,-0.605063,-0.430335,-0.445748, 
0,-0.373625,-0.605130,-0.430103,-0.450531, 
0,-0.373533,-0.605477,-0.430172,-0.451648, 
0,-0.373236,-0.606279,-0.430079,-0.451706, 
0,-0.373085,-0.603806,-0.429895,-0.452533, 
0,-0.373315,-0.604226,-0.430076,-0.454609, 
0,-0.373595,-0.606278,-0.430239,-0.462391, 
0,-0.373319,-0.605483,-0.429978,-0.457008, 
0,-0.373829,-0.605343,-0.430472,-0.455179, 
0,-0.373087,-0.605691,-0.430015,-0.454332, 
0,-0.372577,-0.606484,-0.429606,-0.452840, 
0,-0.372962,-0.606308,-0.429649,-0.451593, 
0,-0.372894,-0.607068,-0.429816,-0.450632, 
0,-0.373100,-0.608359,-0.430200,-0.450397, 
0,-0.372852,-0.608213,-0.429922,-0.450200, 
0,-0.373336,-0.608821,-0.430197,-0.450972, 
0,-0.373149,-0.609300,-0.430179,-0.450306, 
0,-0.372957,-0.609159,-0.429842,-0.449756, 
0,-0.372673,-0.608054,-0.429554,-0.447716, 
0,-0.372648,-0.609175,-0.429535,-0.450031, 
0,-0.372877,-0.608784,-0.429295,-0.456287, 
0,-0.373208,-0.609443,-0.429544,-0.458058, 
0,-0.372940,-0.610691,-0.429741,-0.454049, 
0,-0.372965,-0.611580,-0.429979,-0.452198, 
0,-0.372155,-0.610561,-0.428975,-0.452090, 
0,-0.371924,-0.608680,-0.428509,-0.453704, 
0,-0.372918,-0.609282,-0.429254,-0.459856, 
0,-0.372286,-0.608720,-0.428956,-0.456762, 
0,-0.372915,-0.609047,-0.429550,-0.453275, 
0,-0.372056,-0.607586,-0.428540,-0.453046, 
0,-0.372301,-0.608967,-0.428586,-0.456038, 
0,-0.373069,-0.610759,-0.429333,-0.457552, 
0,-0.372655,-0.610824,-0.428961,-0.456942, 
0,-0.372536,-0.612626,-0.429120,-0.455709, 
0,-0.372315,-0.611319,-0.428876,-0.457163, 
0,-0.372081,-0.608965,-0.428720,-0.457059, 
0,-0.372289,-0.609533,-0.428795,-0.456202, 
0,-0.372645,-0.610154,-0.428835,-0.460623, 
0,-0.372584,-0.611237,-0.428963,-0.461444, 
0,-0.372775,-0.611451,-0.429097,-0.459489, 
0,-0.372225,-0.609575,-0.428279,-0.456816, 
0,-0.372289,-0.609215,-0.428224,-0.456173, 
0,-0.372930,-0.609519,-0.428824,-0.454496, 
0,-0.372861,-0.609554,-0.428692,-0.453069, 
0,-0.373223,-0.610202,-0.428428,-0.457818, 
0,-0.375570,-0.615326,-0.430788,-0.460921, 
0,-0.371705,-0.609512,-0.427756,-0.455891, 
0,-0.419680,-0.686996,-0.469137,-0.528176, 
0,-0.359217,-0.587489,-0.416379,-0.434373, 
0,-0.341307,-0.560985,-0.401381,-0.408621, 
0,-0.365147,-0.600091,-0.421726,-0.447372, 
0,-0.371337,-0.610160,-0.426971,-0.461746, 
0,-0.372274,-0.612229,-0.427966,-0.462511, 
0,-0.372056,-0.613312,-0.427792,-0.462299, 
0,-0.371882,-0.612712,-0.427460,-0.461462, 
0,-0.371520,-0.611606,-0.426992,-0.463149, 
0,-0.371937,-0.611773,-0.427227,-0.465597, 
0,-0.371967,-0.611415,-0.427265,-0.466643, 
0,-0.372106,-0.610987,-0.427608,-0.466741, 
0,-0.373261,-0.613125,-0.428349,-0.470428, 
0,-0.371156,-0.610845,-0.426781,-0.466036, 
0,-0.371617,-0.612020,-0.426886,-0.466819, 
0,-0.373957,-0.616450,-0.428728,-0.475143, 
0,-0.370999,-0.611363,-0.426502,-0.469877, 
0,-0.371455,-0.611392,-0.427148,-0.468734, 
0,-0.371632,-0.610606,-0.427331,-0.466640, 
0,-0.372272,-0.611356,-0.428047,-0.463600, 
0,-0.372743,-0.611576,-0.428237,-0.463382, 
0,-0.372127,-0.610893,-0.427620,-0.462230, 
0,-0.371618,-0.610761,-0.427372,-0.461964, 
0,-0.371400,-0.610099,-0.427138,-0.458488, 
0,-0.371300,-0.610958,-0.427189,-0.456724, 
0,-0.372688,-0.612314,-0.428211,-0.458065, 
0,-0.371592,-0.611597,-0.426920,-0.459870, 
0,-0.371636,-0.612851,-0.427268,-0.459901, 
0,-0.372662,-0.613849,-0.428183,-0.457004, 
0,-0.370963,-0.609677,-0.426775,-0.452309, 
0,-0.371707,-0.611763,-0.427500,-0.451199, 
0,-0.371857,-0.612262,-0.427602,-0.451442, 
0,-0.371960,-0.612148,-0.427523,-0.453476, 
0,-0.371022,-0.610568,-0.426914,-0.451474, 
0,-0.370538,-0.610352,-0.426784,-0.449734, 
0,-0.379129,-0.626306,-0.434446,-0.463329, 
0,-0.371370,-0.612422,-0.427712,-0.450018, 
0,-0.368430,-0.607961,-0.425180,-0.446055, 
0,-0.369466,-0.613325,-0.426184,-0.448832, 
0,-0.370252,-0.613830,-0.426675,-0.454265, 
0,-0.366814,-0.607672,-0.423439,-0.455968, 
0,-0.375334,-0.620959,-0.430503,-0.471993, 
0,-0.375605,-0.622630,-0.430096,-0.475513, 
0,-0.381799,-0.633018,-0.435897,-0.483592, 
0,-0.368145,-0.608055,-0.423766,-0.459832, 
0,-0.355796,-0.588481,-0.412969,-0.443982, 
0,-0.365524,-0.603827,-0.421618,-0.456679, 
0,-0.372149,-0.614382,-0.427396,-0.465635, 
0,-0.370111,-0.610195,-0.425538,-0.462376, 
0,-0.370539,-0.611631,-0.426135,-0.466068, 
0,-0.371068,-0.612369,-0.426318,-0.470900, 
0,-0.370655,-0.613234,-0.426076,-0.473160, 
0,-0.370192,-0.613148,-0.425931,-0.470094, 
0,-0.369811,-0.615310,-0.426065,-0.464899, 
0,-0.370006,-0.614920,-0.426245,-0.458962, 
0,-0.370271,-0.614375,-0.426123,-0.455003, 
0,-0.369781,-0.617382,-0.425795,-0.455015, 
0,-0.370006,-0.618453,-0.426182,-0.457256, 
0,-0.369899,-0.616467,-0.426046,-0.457766, 
0,-0.369670,-0.616247,-0.425859,-0.458337, 
0,-0.369624,-0.614830,-0.425650,-0.460452, 
0,-0.369964,-0.613916,-0.425823,-0.457476, 
0,-0.370244,-0.614249,-0.425954,-0.457309, 
0,-0.370359,-0.614330,-0.425893,-0.459559, 
0,-0.370372,-0.613226,-0.425920,-0.459413, 
0,-0.370255,-0.612697,-0.425112,-0.464281, 
0,-0.370055,-0.613229,-0.424746,-0.468487, 
0,-0.370491,-0.612924,-0.425420,-0.467394, 
0,-0.370755,-0.612935,-0.425686,-0.464201, 
0,-0.370119,-0.612055,-0.425116,-0.462355, 
0,-0.373062,-0.617523,-0.427778,-0.466436, 
0,-0.368265,-0.611226,-0.423710,-0.456854, 
0,-0.370396,-0.613939,-0.425448,-0.460416, 
0,-0.368902,-0.611584,-0.424319,-0.458342, 
0,-0.369515,-0.614029,-0.425326,-0.456851, 
0,-0.367714,-0.611718,-0.423492,-0.459640, 
0,-0.369413,-0.613217,-0.424255,-0.470063, 
0,-0.369394,-0.612599,-0.424439,-0.473625, 
0,-0.369449,-0.614301,-0.424385,-0.468706, 
0,-0.369194,-0.614659,-0.423353,-0.469648, 
0,-0.369035,-0.615992,-0.423920,-0.470182, 
0,-0.369098,-0.614959,-0.424320,-0.464164, 
0,-0.368882,-0.614372,-0.424271,-0.460691, 
0,-0.368941,-0.612536,-0.424367,-0.462697, 
0,-0.368972,-0.613640,-0.424564,-0.465493, 
0,-0.368730,-0.614615,-0.424395,-0.464191, 
0,-0.368752,-0.615460,-0.424395,-0.466751, 
0,-0.368851,-0.615540,-0.424518,-0.468665, 
0,-0.368816,-0.615349,-0.424663,-0.465321, 
0,-0.368813,-0.614640,-0.423680,-0.465514, 
0,-0.368637,-0.614504,-0.423611,-0.470140, 
0,-0.368548,-0.613359,-0.423473,-0.466429, 
0,-0.368363,-0.614208,-0.422970,-0.472349, 
0,-0.368509,-0.613808,-0.423521,-0.473849, 
0,-0.368599,-0.614843,-0.423435,-0.475350, 
0,-0.368474,-0.614097,-0.422927,-0.476763, 
0,-0.368189,-0.612843,-0.422929,-0.472685, 
0,-0.368185,-0.613049,-0.423057,-0.471091, 
0,-0.368352,-0.614223,-0.423487,-0.470828, 
0,-0.368173,-0.615177,-0.423218,-0.467753, 
0,-0.368268,-0.614522,-0.423146,-0.466630, 
0,-0.368179,-0.612506,-0.423149,-0.463314, 
0,-0.368055,-0.612146,-0.423203,-0.460304, 
0,-0.367907,-0.613500,-0.423326,-0.457050, 
0,-0.368207,-0.614944,-0.423231,-0.453887, 
0,-0.367792,-0.615835,-0.423238,-0.455976, 
0,-0.367590,-0.615855,-0.423426,-0.457644, 
0,-0.367639,-0.615626,-0.423519,-0.457498, 
0,-0.367873,-0.615261,-0.423520,-0.460319, 
0,-0.367657,-0.614414,-0.423489,-0.461720, 
0,-0.367688,-0.613739,-0.423396,-0.459957, 
0,-0.367456,-0.613622,-0.422859,-0.463787, 
0,-0.367253,-0.615348,-0.423189,-0.462880, 
0,-0.367144,-0.616758,-0.423385,-0.458219, 
0,-0.366972,-0.617301,-0.423340,-0.455682, 
0,-0.366879,-0.616036,-0.423378,-0.452904, 
0,-0.366927,-0.616209,-0.423507,-0.452961, 
0,-0.366831,-0.614753,-0.423488,-0.450171, 
0,-0.367048,-0.613018,-0.423463,-0.449800, 
0,-0.367186,-0.613779,-0.423631,-0.451681, 
0,-0.367460,-0.613792,-0.423334,-0.455007, 
0,-0.367366,-0.613572,-0.423199,-0.455616, 
0,-0.367360,-0.613042,-0.423179,-0.455771, 
0,-0.367216,-0.611689,-0.423117,-0.456007, 
0,-0.367024,-0.612310,-0.422998,-0.457414, 
0,-0.367345,-0.613585,-0.423253,-0.458277, 
0,-0.367142,-0.614343,-0.423196,-0.456743, 
0,-0.367242,-0.612465,-0.422810,-0.460437, 
0,-0.367411,-0.612023,-0.422505,-0.463181, 
0,-0.367426,-0.611591,-0.422488,-0.463111, 
0,-0.367468,-0.612103,-0.422570,-0.459276, 
0,-0.367222,-0.612394,-0.422793,-0.457882, 
0,-0.367121,-0.612101,-0.422873,-0.456524, 
0,-0.367172,-0.611038,-0.422868,-0.455275, 
0,-0.367005,-0.611168,-0.422564,-0.455075, 
0,-0.366917,-0.610899,-0.422506,-0.454351, 
0,-0.366889,-0.610243,-0.422501,-0.455656, 
0,-0.367145,-0.610084,-0.422069,-0.458684, 
0,-0.367305,-0.611169,-0.421916,-0.465399, 
0,-0.367001,-0.611576,-0.421846,-0.464511, 
0,-0.366857,-0.611810,-0.422030,-0.464505, 
0,-0.366769,-0.612272,-0.421973,-0.464148, 
0,-0.366860,-0.612706,-0.421489,-0.471062, 
0,-0.366977,-0.616609,-0.421948,-0.476113, 
0,-0.366670,-0.616157,-0.421498,-0.471358, 
0,-0.366677,-0.615144,-0.421702,-0.467087, 
0,-0.366612,-0.614883,-0.421920,-0.464651, 
0,-0.366404,-0.614666,-0.421286,-0.463105, 
0,-0.366369,-0.615256,-0.421423,-0.467476, 
0,-0.366356,-0.615279,-0.421335,-0.465635, 
0,-0.366752,-0.615295,-0.421517,-0.468169, 
0,-0.366681,-0.614063,-0.421569,-0.462035, 
0,-0.366643,-0.613760,-0.421506,-0.461386, 
0,-0.366560,-0.613357,-0.421486,-0.463598, 
0,-0.366521,-0.613986,-0.421531,-0.461971, 
0,-0.366249,-0.616508,-0.421545,-0.462099, 
0,-0.366190,-0.617182,-0.421607,-0.461592, 
0,-0.365995,-0.616939,-0.421462,-0.462476, 
0,-0.365999,-0.614864,-0.421405,-0.458447, 
0,-0.365861,-0.614921,-0.421369,-0.456136, 
0,-0.365924,-0.614838,-0.421497,-0.455839, 
0,-0.365802,-0.615234,-0.421558,-0.455215, 
0,-0.366001,-0.616407,-0.421605,-0.458600, 
0,-0.365704,-0.615043,-0.421216,-0.458283, 
0,-0.365689,-0.616025,-0.421351,-0.461859, 
0,-0.365847,-0.615028,-0.421460,-0.460673, 
0,-0.365858,-0.614963,-0.421421,-0.459183, 
0,-0.365920,-0.614661,-0.421481,-0.458252, 
0,-0.365639,-0.612855,-0.421161,-0.453794, 
0,-0.365896,-0.612815,-0.421242,-0.452136, 
0,-0.365902,-0.613364,-0.421201,-0.454707, 
0,-0.365735,-0.613450,-0.420971,-0.455607, 
0,-0.365704,-0.611695,-0.420767,-0.454673, 
0,-0.365574,-0.611591,-0.420314,-0.457348, 
0,-0.365421,-0.612566,-0.420401,-0.459604, 
0,-0.365410,-0.612588,-0.420651,-0.460701, 
0,-0.365433,-0.612280,-0.420595,-0.461150, 
0,-0.365442,-0.612155,-0.420597,-0.461287, 
0,-0.365256,-0.612835,-0.420353,-0.459181, 
0,-0.365265,-0.613179,-0.420243,-0.460849, 
0,-0.365237,-0.611763,-0.420038,-0.459044, 
0,-0.365348,-0.611344,-0.420269,-0.458943, 
0,-0.365430,-0.611941,-0.420414,-0.458662, 
0,-0.365212,-0.613022,-0.420391,-0.457734, 
0,-0.364683,-0.612408,-0.420064,-0.457905, 
0,-0.364708,-0.611992,-0.420059,-0.458202, 
0,-0.364799,-0.611842,-0.420251,-0.458076, 
0,-0.364796,-0.610650,-0.420183,-0.455229, 
0,-0.364935,-0.611905,-0.420247,-0.455116, 
0,-0.365037,-0.612992,-0.420385,-0.457029, 
0,-0.364745,-0.613082,-0.420395,-0.455589, 
0,-0.364798,-0.612721,-0.420316,-0.454555, 
0,-0.364833,-0.611614,-0.420151,-0.455521, 
0,-0.365097,-0.610901,-0.420070,-0.459228, 
0,-0.364919,-0.612617,-0.420184,-0.458003, 
0,-0.364853,-0.612645,-0.419888,-0.459373, 
0,-0.364942,-0.611950,-0.419315,-0.466090, 
0,-0.364988,-0.611764,-0.419238,-0.467478, 
0,-0.364825,-0.610336,-0.419178,-0.465197, 
0,-0.364983,-0.609811,-0.419297,-0.463019, 
0,-0.364693,-0.609992,-0.419181,-0.461846, 
0,-0.364707,-0.611070,-0.419213,-0.460549, 
0,-0.364811,-0.611503,-0.418373,-0.466059, 
0,-0.364862,-0.610772,-0.418493,-0.472802, 
0,-0.364848,-0.610708,-0.418738,-0.469239, 
0,-0.364910,-0.611814,-0.419059,-0.466812, 
0,-0.364714,-0.614257,-0.419109,-0.465288, 
0,-0.364620,-0.613732,-0.418689,-0.463461, 
0,-0.363623,-0.610064,-0.417750,-0.461503, 
0,-0.365064,-0.612206,-0.419206,-0.465563, 
0,-0.359128,-0.603105,-0.413860,-0.457688, 
0,-0.376800,-0.634022,-0.429502,-0.485353, 
0,-0.361590,-0.608847,-0.416569,-0.458411, 
0,-0.363169,-0.612573,-0.418187,-0.459335, 
0,-0.364627,-0.616094,-0.419563,-0.459620, 
0,-0.363852,-0.613571,-0.418849,-0.455644, 
0,-0.363924,-0.612405,-0.418685,-0.453580, 
0,-0.363861,-0.611093,-0.418345,-0.452786, 
0,-0.364510,-0.611580,-0.418888,-0.452867, 
0,-0.364578,-0.612814,-0.419042,-0.455457, 
0,-0.364036,-0.612882,-0.418543,-0.455804, 
0,-0.363436,-0.614496,-0.418435,-0.457008, 
0,-0.363786,-0.616810,-0.419003,-0.457733, 
0,-0.364104,-0.617989,-0.419525,-0.455491, 
0,-0.364323,-0.615954,-0.419648,-0.454473, 
0,-0.371068,-0.626045,-0.424633,-0.470819, 
0,-0.357694,-0.603097,-0.413318,-0.447373, 
0,-0.363682,-0.612102,-0.418603,-0.453340, 
0,-0.363732,-0.611410,-0.418503,-0.450996, 
0,-0.363681,-0.612070,-0.418681,-0.449882, 
0,-0.364916,-0.612849,-0.419569,-0.449627, 
5,-0.365376,-0.614651,-0.420205,-0.448021,""
0,-0.379855,-0.641159,-0.433343,-0.469539, 
0,-0.374896,-0.624620,-0.427548,-0.455910, 
0,-0.361264,-0.604204,-0.415629,-0.438201, 
0,-0.506374,-0.643593,-0.854241,-0.647872, 
0,-1.364092,-0.926369,-0.810215,-0.675950, 
0,-1.044590,-0.850898,-0.689753,-0.631476, 
0,-0.892443,-0.798736,-0.628081,-0.590429, 
0,-0.800128,-0.769946,-0.604297,-0.559039, 
0,-0.751221,-0.750917,-0.752050,-0.589269, 
0,-0.753286,-0.782865,-0.730399,-0.754215, 
0,-0.846400,-0.939106,-0.704663,-0.704881, 
0,-0.817214,-0.947136,-0.692616,-0.690397, 
0,-0.793520,-0.903851,-0.714684,-0.659299, 
0,-0.783397,-0.885186,-0.711120,-0.648327, 
0,-0.789835,-0.908531,-0.717494,-0.683624, 
0,-0.758352,-0.859059,-0.687503,-0.636603, 
0,-0.766595,-0.872601,-0.687961,-0.654819, 
0,-0.761763,-0.866970,-0.676584,-0.651375, 
0,-0.766197,-0.874593,-0.683484,-0.662170, 
0,-0.769114,-0.876023,-0.687654,-0.660711, 
0,-0.771114,-0.879160,-0.691854,-0.659185, 
0,-0.770756,-0.879413,-0.694340,-0.659228, 
0,-0.771714,-0.880944,-0.697926,-0.662348, 
0,-0.771188,-0.882062,-0.700634,-0.661029, 
0,-0.770219,-0.883194,-0.701876,-0.659627, 
0,-0.770986,-0.885698,-0.703440,-0.664373, 
0,-0.771617,-0.886134,-0.703529,-0.663069, 
0,-0.773491,-0.887067,-0.704520,-0.665385, 
0,-0.775706,-0.889664,-0.707531,-0.667949, 
0,-0.773838,-0.889420,-0.708427,-0.665501, 
0,-0.774024,-0.890632,-0.709181,-0.664016, 
0,-0.775231,-0.891147,-0.710378,-0.665509, 
0,-0.775253,-0.893201,-0.710467,-0.668741, 
0,-0.775899,-0.893979,-0.711014,-0.669651, 
0,-0.774847,-0.891698,-0.709586,-0.667754, 
0,-0.776168,-0.892835,-0.710763,-0.666825, 
0,-0.777659,-0.896128,-0.713307,-0.668724, 
0,-0.778664,-0.896068,-0.713604,-0.667099, 
0,-0.779615,-0.896223,-0.714144,-0.664323, 
0,-0.780882,-0.896866,-0.714863,-0.663761, 
0,-0.782234,-0.897700,-0.716663,-0.662912, 
0,-0.781706,-0.895174,-0.716301,-0.658365, 
0,-0.782501,-0.898294,-0.717778,-0.659770, 
0,-0.781058,-0.900122,-0.719532,-0.659330, 
0,-0.779965,-0.900994,-0.720390,-0.657195, 
0,-0.780377,-0.902589,-0.720563,-0.657545, 
0,-0.781035,-0.903317,-0.721056,-0.658202, 
0,-0.781262,-0.905228,-0.721894,-0.658740, 
0,-0.783381,-0.905281,-0.722825,-0.657714, 
0,-0.782410,-0.902400,-0.720322,-0.657926, 
0,-0.784022,-0.903797,-0.721763,-0.659341, 
0,-0.784369,-0.901792,-0.721126,-0.657580, 
0,-0.786004,-0.902077,-0.722893,-0.659701, 
0,-0.787538,-0.903944,-0.723487,-0.662995, 
0,-0.787250,-0.904174,-0.724067,-0.663844, 
0,-0.785336,-0.908373,-0.725219,-0.664643, 
0,-0.783220,-0.910117,-0.724227,-0.668288, 
0,-0.782136,-0.905244,-0.722569,-0.663862, 
0,-0.783928,-0.906875,-0.724315,-0.662800, 
0,-0.784410,-0.905302,-0.723612,-0.661521, 
0,-0.785585,-0.907965,-0.726610,-0.661720, 
0,-0.787815,-0.908908,-0.727199,-0.663652, 
0,-0.784376,-0.907141,-0.726205,-0.660557, 
0,-0.783941,-0.907766,-0.725928,-0.662249, 
0,-0.784583,-0.908251,-0.725091,-0.664781, 
0,-0.787191,-0.909243,-0.726237,-0.662994, 
0,-0.786967,-0.907805,-0.726738,-0.656812, 
0,-0.783799,-0.903343,-0.725082,-0.652282, 
0,-0.784662,-0.912473,-0.728332,-0.663085, 
0,-0.782530,-0.915065,-0.726869,-0.670511, 
0,-0.780949,-0.914674,-0.727611,-0.669402, 
0,-0.780249,-0.913950,-0.728206,-0.662312, 
0,-0.780328,-0.908331,-0.725615,-0.656751, 
0,-0.787088,-0.919045,-0.732883,-0.667358, 
0,-0.783998,-0.910500,-0.727527,-0.657248, 
0,-0.783199,-0.908178,-0.727329,-0.655320, 
0,-0.789532,-0.914916,-0.731456,-0.662946, 
0,-0.798037,-0.928648,-0.737677,-0.677684, 
0,-0.811039,-0.951467,-0.751111,-0.699283, 
0,-0.815971,-0.962145,-0.756533,-0.708263, 
0,-0.773085,-0.892289,-0.717611,-0.644423, 
0,-0.752511,-0.859399,-0.700729,-0.612516, 
0,-0.778200,-0.897100,-0.721797,-0.647488, 
0,-0.787714,-0.911824,-0.729690,-0.664814, 
0,-0.787088,-0.910219,-0.730609,-0.662679, 
0,-0.787411,-0.910500,-0.729611,-0.663125, 
0,-0.788220,-0.912756,-0.731232,-0.662491, 
0,-0.788692,-0.913111,-0.731327,-0.662762, 
0,-0.789001,-0.911441,-0.731578,-0.661238, 
0,-0.789544,-0.910980,-0.732991,-0.661452, 
0,-0.790341,-0.916035,-0.735759,-0.664463, 
0,-0.783933,-0.905827,-0.731051,-0.653756, 
0,-0.783153,-0.907616,-0.731010,-0.656156, 
0,-0.787724,-0.911699,-0.733266,-0.664741, 
0,-0.788600,-0.911221,-0.733175,-0.667933, 
0,-0.787631,-0.911266,-0.730920,-0.670891, 
0,-0.787032,-0.912604,-0.730393,-0.673620, 
0,-0.787407,-0.911408,-0.731985,-0.672432, 
0,-0.789094,-0.909741,-0.733175,-0.671298, 
0,-0.789253,-0.911142,-0.733412,-0.670896, 
0,-0.788347,-0.911460,-0.732243,-0.670723, 
0,-0.788682,-0.912076,-0.731940,-0.672339, 
0,-0.789642,-0.911205,-0.732039,-0.671809, 
0,-0.788979,-0.911033,-0.731222,-0.672031, 
0,-0.786430,-0.912320,-0.732461,-0.671535, 
0,-0.786577,-0.914022,-0.732792,-0.670731, 
0,-0.785712,-0.912959,-0.734224,-0.668411, 
0,-0.782758,-0.913041,-0.735284,-0.664399, 
0,-0.782343,-0.913875,-0.735188,-0.664872, 
0,-0.788704,-0.921318,-0.738204,-0.675812, 
0,-0.790544,-0.922529,-0.738177,-0.680959, 
0,-0.788042,-0.916224,-0.735158,-0.674068, 
0,-0.785956,-0.910190,-0.733386,-0.665229, 
0,-0.786568,-0.911701,-0.735200,-0.664227, 
0,-0.780507,-0.901735,-0.727463,-0.657828, 
0,-0.784994,-0.911155,-0.732922,-0.668055, 
0,-0.786589,-0.911687,-0.734492,-0.667195, 
0,-0.784888,-0.909506,-0.733659,-0.665113, 
0,-0.785904,-0.911680,-0.733979,-0.665846, 
0,-0.789130,-0.917501,-0.737792,-0.669986, 
0,-0.795971,-0.926923,-0.742540,-0.681415, 
0,-0.794077,-0.924299,-0.739348,-0.681293, 
0,-0.788305,-0.914223,-0.735221,-0.671471, 
0,-0.788284,-0.914587,-0.735864,-0.666396, 
0,-0.791351,-0.917530,-0.736892,-0.669860, 
0,-0.788091,-0.914176,-0.732878,-0.668105, 
0,-0.787707,-0.911453,-0.731920,-0.668288, 
0,-0.789503,-0.911038,-0.732782,-0.667533, 
0,-0.789526,-0.910179,-0.734069,-0.662758, 
0,-0.788992,-0.909586,-0.732236,-0.660256, 
0,-0.790271,-0.909426,-0.731324,-0.663724, 
0,-0.789802,-0.908956,-0.731541,-0.665481, 
0,-0.788347,-0.908278,-0.733055,-0.659486, 
0,-0.788343,-0.908011,-0.734033,-0.655882, 
0,-0.789465,-0.910270,-0.734516,-0.658945, 
0,-0.789461,-0.909445,-0.734869,-0.657211, 
0,-0.789959,-0.911499,-0.734238,-0.660870, 
0,-0.791616,-0.914542,-0.736113,-0.664225, 
0,-0.786848,-0.905511,-0.731152,-0.657480, 
0,-0.789821,-0.908502,-0.733320,-0.660072, 
0,-0.790059,-0.910003,-0.735883,-0.658653, 
0,-0.790613,-0.909621,-0.735851,-0.660639, 
0,-0.788998,-0.910001,-0.736615,-0.659490, 
0,-0.785509,-0.911375,-0.737428,-0.656306, 
0,-0.784891,-0.913247,-0.736411,-0.657719, 
0,-0.783721,-0.913624,-0.735434,-0.661227, 
0,-0.783536,-0.908810,-0.730709,-0.664768, 
0,-0.786347,-0.909500,-0.732471,-0.661233, 
0,-0.789249,-0.913861,-0.735740,-0.660170, 
0,-0.789255,-0.913277,-0.736050,-0.658765, 
0,-0.791680,-0.917987,-0.739439,-0.663636, 
0,-0.785071,-0.909259,-0.736285,-0.651098, 
0,-0.786375,-0.909814,-0.737292,-0.650850, 
0,-0.788738,-0.910542,-0.738117,-0.653504, 
0,-0.788906,-0.909680,-0.737320,-0.652961, 
0,-0.789098,-0.908387,-0.735857,-0.656419, 
0,-0.791784,-0.916006,-0.740255,-0.662629, 
0,-0.785873,-0.909328,-0.736574,-0.654374, 
0,-0.783550,-0.910080,-0.737185,-0.649750, 
0,-0.786320,-0.912740,-0.737217,-0.653095, 
0,-0.784201,-0.912854,-0.737769,-0.652865, 
0,-0.785384,-0.912377,-0.737873,-0.653329, 
0,-0.786174,-0.910582,-0.737274,-0.653221, 
0,-0.786060,-0.910220,-0.735733,-0.654054, 
0,-0.788974,-0.911595,-0.734684,-0.661468, 
0,-0.789817,-0.910398,-0.733604,-0.660958, 
0,-0.790482,-0.910366,-0.734896,-0.655635, 
0,-0.788084,-0.909745,-0.733798,-0.651049, 
0,-0.787714,-0.908907,-0.734889,-0.648239, 
0,-0.787366,-0.908402,-0.736229,-0.644216, 
0,-0.786736,-0.909299,-0.735064,-0.645952, 
0,-0.786726,-0.909775,-0.735288,-0.648654, 
0,-0.788260,-0.909012,-0.736625,-0.645694, 
0,-0.788385,-0.907365,-0.735185,-0.645164, 
0,-0.788137,-0.909268,-0.735320,-0.649151, 
0,-0.786673,-0.908133,-0.735003,-0.649459, 
0,-0.788784,-0.909449,-0.735886,-0.652746, 
0,-0.789297,-0.908887,-0.735865,-0.652801, 
0,-0.786579,-0.908437,-0.736286,-0.650415, 
0,-0.783758,-0.911964,-0.736182,-0.651634, 
0,-0.783023,-0.913330,-0.737409,-0.650201, 
0,-0.781921,-0.911932,-0.737937,-0.644682, 
0,-0.783390,-0.911604,-0.738772,-0.643364, 
0,-0.784529,-0.910886,-0.737607,-0.642780, 
0,-0.785315,-0.910369,-0.737172,-0.643004, 
0,-0.786479,-0.909290,-0.737152,-0.643650, 
0,-0.786426,-0.911047,-0.737755,-0.644736, 
0,-0.787129,-0.909605,-0.737280,-0.641932, 
0,-0.787516,-0.910593,-0.738254,-0.641166, 
0,-0.786850,-0.908028,-0.737683,-0.637404, 
0,-0.788143,-0.907829,-0.737171,-0.637658, 
0,-0.788276,-0.908652,-0.736824,-0.639266, 
0,-0.787225,-0.908838,-0.737631,-0.638838, 
0,-0.787370,-0.909318,-0.736316,-0.639626, 
0,-0.787442,-0.908760,-0.734913,-0.643215, 
0,-0.786308,-0.907941,-0.734915,-0.642218, 
0,-0.785872,-0.908958,-0.735010,-0.642874, 
0,-0.786783,-0.908070,-0.735460,-0.642533, 
0,-0.786205,-0.908389,-0.735851,-0.643364, 
0,-0.785292,-0.909122,-0.736477,-0.642344, 
0,-0.785009,-0.907843,-0.736310,-0.639722, 
0,-0.785236,-0.906875,-0.734993,-0.640351, 
0,-0.785667,-0.906452,-0.734873,-0.640447, 
0,-0.784857,-0.906331,-0.734603,-0.639234, 
0,-0.783801,-0.908614,-0.735961,-0.640446, 
0,-0.783035,-0.909396,-0.736127,-0.640373, 
0,-0.782808,-0.907192,-0.735758,-0.637138, 
0,-0.783979,-0.907559,-0.735469,-0.638485, 
0,-0.784060,-0.907542,-0.736189,-0.637495, 
0,-0.784320,-0.907639,-0.734926,-0.642249, 
0,-0.784610,-0.907246,-0.735478,-0.647682, 
0,-0.784455,-0.905921,-0.735269,-0.645103, 
0,-0.783081,-0.908067,-0.734279,-0.645127, 
0,-0.784593,-0.907327,-0.734781,-0.646446, 
0,-0.784373,-0.907591,-0.735314,-0.646926, 
0,-0.784327,-0.907546,-0.734579,-0.651449, 
0,-0.785060,-0.906146,-0.734756,-0.651631, 
0,-0.785291,-0.905826,-0.734835,-0.649663, 
0,-0.785071,-0.905351,-0.734934,-0.646359, 
0,-0.785047,-0.906234,-0.736276,-0.642457, 
0,-0.784374,-0.905348,-0.735639,-0.639638, 
0,-0.782977,-0.906534,-0.736136,-0.639748, 
0,-0.783633,-0.905374,-0.735962,-0.638425, 
0,-0.784589,-0.904908,-0.735770,-0.638558, 
0,-0.784710,-0.906336,-0.734819,-0.640482, 
0,-0.785414,-0.906573,-0.733749,-0.643151, 
0,-0.785402,-0.906704,-0.731764,-0.644349, 
0,-0.785476,-0.906055,-0.731093,-0.646467, 
0,-0.784468,-0.905239,-0.730846,-0.647459, 
0,-0.785295,-0.906793,-0.732342,-0.650730, 
0,-0.784443,-0.906014,-0.733640,-0.644683, 
0,-0.784898,-0.906402,-0.733723,-0.643655, 
0,-0.783508,-0.906510,-0.733593,-0.643835, 
0,-0.783898,-0.905780,-0.733359,-0.648191, 
0,-0.784781,-0.905692,-0.734515,-0.646448, 
0,-0.785020,-0.905945,-0.734653,-0.645034, 
0,-0.783741,-0.906591,-0.734988,-0.643677, 
0,-0.781363,-0.907002,-0.734922,-0.642618, 
0,-0.780854,-0.905553,-0.733490,-0.642494, 
0,-0.782434,-0.906377,-0.732480,-0.644039, 
0,-0.782826,-0.906744,-0.731848,-0.645916, 
0,-0.783272,-0.906187,-0.731541,-0.647686, 
0,-0.783330,-0.906176,-0.732352,-0.647171, 
0,-0.782637,-0.904314,-0.732049,-0.646314, 
0,-0.782949,-0.905613,-0.732476,-0.647704, 
0,-0.780724,-0.906933,-0.732650,-0.649534, 
0,-0.781901,-0.907229,-0.731649,-0.651938, 
0,-0.781425,-0.907728,-0.729789,-0.653740, 
0,-0.780437,-0.905263,-0.728749,-0.654823, 
0,-0.781610,-0.906978,-0.730325,-0.654889, 
0,-0.781701,-0.906428,-0.731012,-0.652525, 
0,-0.781328,-0.905902,-0.732837,-0.647789, 
0,-0.781157,-0.905635,-0.732474,-0.645630, 
0,-0.781794,-0.905358,-0.730952,-0.647684, 
0,-0.779854,-0.905808,-0.732073,-0.646861, 
0,-0.779684,-0.905097,-0.733130,-0.643781, 
0,-0.782304,-0.904290,-0.732920,-0.645719, 
0,-0.781752,-0.904162,-0.733090,-0.646184, 
0,-0.780169,-0.904389,-0.733210,-0.644794, 
0,-0.778358,-0.904299,-0.733712,-0.642507, 
0,-0.779175,-0.903356,-0.733352,-0.641627, 
0,-0.780413,-0.903655,-0.733488,-0.645791, 
0,-0.781083,-0.903222,-0.733772,-0.645687, 
0,-0.781352,-0.903572,-0.733633,-0.645052, 
0,-0.779626,-0.903163,-0.731747,-0.646233, 
0,-0.780054,-0.902761,-0.730553,-0.647570, 
0,-0.781017,-0.901676,-0.731075,-0.649424, 
0,-0.780249,-0.902769,-0.731480,-0.649333, 
0,-0.779942,-0.903091,-0.731572,-0.648963, 
0,-0.778395,-0.901298,-0.729738,-0.649620, 
0,-0.779702,-0.900795,-0.730318,-0.647758, 
0,-0.779821,-0.901011,-0.730377,-0.645925, 
0,-0.781055,-0.901748,-0.730036,-0.647348, 
0,-0.780648,-0.901057,-0.730419,-0.646859, 
0,-0.778649,-0.901327,-0.730449,-0.647639, 
0,-0.778646,-0.901410,-0.731268,-0.646394, 
0,-0.780827,-0.904848,-0.733706,-0.647714, 
0,-0.781624,-0.904448,-0.732048,-0.649210, 
0,-0.777646,-0.899865,-0.729583,-0.645548, 
0,-0.779485,-0.900184,-0.730239,-0.643231, 
0,-0.775671,-0.892766,-0.726072,-0.637542, 
0,-0.780022,-0.900588,-0.729417,-0.651042, 
0,-0.778547,-0.901374,-0.730292,-0.650175, 
0,-0.778006,-0.901241,-0.730709,-0.647208, 
0,-0.780126,-0.905917,-0.733229,-0.651839, 
0,-0.773776,-0.901775,-0.730382,-0.644980, 
0,-0.773994,-0.901977,-0.730900,-0.644566, 
0,-0.772577,-0.903778,-0.731655,-0.645017, 
0,-0.773343,-0.902947,-0.731747,-0.644175, 
0,-0.774759,-0.902651,-0.731476,-0.644496, 
0,-0.776181,-0.901155,-0.731725,-0.645621, 
0,-0.775992,-0.900968,-0.731997,-0.645157, 
0,-0.776594,-0.900430,-0.731473,-0.644311, 
0,-0.775710,-0.900849,-0.732047,-0.643134, 
0,-0.775289,-0.900717,-0.731610,-0.643815, 
0,-0.778023,-0.902534,-0.732496,-0.649660, 
0,-0.776741,-0.898050,-0.729803,-0.645915, 
0,-0.774273,-0.897069,-0.728739,-0.643661, 
0,-0.774551,-0.902282,-0.729647,-0.650636, 
0,-0.776554,-0.905648,-0.731662,-0.653628, 
0,-0.775296,-0.901321,-0.730214,-0.652172, 
6,-0.775273,-0.898257,-0.728958,-0.647508,""
0,-0.769852,-0.887389,-0.723532,-0.637133, 
7,-0.798414,-0.933838,-0.747336,-0.680803,""
