-1.000000,0.001459,-0.004298,-0.001091,-0.016844
-1.000000,0.001459,-0.004298,-0.001091,-0.016844
-1.000000,0.000000,0.000000,0.000000,0.000000
-1.000000,0.000000,0.000000,0.000000,0.000000
-1.000000,0.000000,0.000000,0.000000,0.000000
-1.000000,0.000000,0.000000,0.000000,0.000000
-1.000000,0.000000,0.000000,0.000000,0.000000
0,-0.550394,-0.701853,-0.307056,-0.383191, 
0,-0.549927,-0.701328,-0.306563,-0.382263, 
0,-0.549963,-0.701598,-0.306796,-0.382326, 
0,-0.550374,-0.702479,-0.307168,-0.382924, 
0,-0.551116,-0.703431,-0.307748,-0.383957, 
0,-0.551533,-0.703903,-0.308219,-0.384894, 
0,-0.551647,-0.703912,-0.308417,-0.384985, 
0,-0.551468,-0.703078,-0.308134,-0.384484, 
0,-0.552744,-0.704307,-0.309436,-0.386755, 
0,-0.553031,-0.703532,-0.309419,-0.386752, 
1,-0.547732,-0.696710,-0.304693,-0.378755,"Baseline"
0,-0.507141,-0.627324,-0.269276,-0.310010, 
0,-0.552535,-0.698383,-0.307982,-0.382768, 
0,-0.457539,-0.547086,-0.226019,-0.227868, 
0,-0.566161,-0.728970,-0.319654,-0.411387, 
0,-0.563782,-0.724395,-0.318930,-0.407245, 
0,-0.602589,-0.790464,-0.353325,-0.475128, 
0,-0.580648,-0.758767,-0.335252,-0.442736, 
0,-0.539194,-0.681491,-0.295562,-0.362236, 
0,-0.635055,-0.841586,-0.378574,-0.523901, 
0,-0.480180,-0.584230,-0.250554,-0.272176, 
0,-0.550899,-0.700914,-0.310745,-0.386801, 
0,-0.540677,-0.684738,-0.301725,-0.369390, 
0,-0.548441,-0.697626,-0.308176,-0.382126, 
0,-0.537581,-0.680462,-0.298989,-0.364442, 
0,-0.546109,-0.695701,-0.307807,-0.380269, 
0,-0.552552,-0.702899,-0.313492,-0.390959, 
0,-0.541819,-0.683036,-0.304129,-0.372909, 
0,-0.555959,-0.705253,-0.315691,-0.395229, 
0,-0.547513,-0.691936,-0.309195,-0.382338, 
0,-0.548005,-0.692674,-0.309646,-0.382667, 
0,-0.548026,-0.692382,-0.309585,-0.382439, 
0,-0.548176,-0.692513,-0.309485,-0.382256, 
0,-0.548251,-0.692402,-0.309681,-0.382370, 
0,-0.548029,-0.692124,-0.309488,-0.381996, 
0,-0.548086,-0.692447,-0.309723,-0.382217, 
0,-0.547064,-0.691391,-0.309484,-0.381748, 
0,-0.547378,-0.691511,-0.309001,-0.381230, 
0,-0.547027,-0.691410,-0.309307,-0.381340, 
0,-0.546669,-0.692041,-0.309158,-0.381081, 
0,-0.546556,-0.693162,-0.309047,-0.381091, 
0,-0.546479,-0.693578,-0.308972,-0.380712, 
0,-0.546407,-0.694002,-0.309061,-0.380862, 
0,-0.546178,-0.693933,-0.308933,-0.380732, 
0,-0.546504,-0.694906,-0.309098,-0.380979, 
0,-0.546260,-0.695053,-0.308891,-0.380649, 
0,-0.546187,-0.695103,-0.309241,-0.381017, 
0,-0.546036,-0.695097,-0.308759,-0.380282, 
0,-0.545966,-0.694951,-0.308613,-0.380185, 
0,-0.545770,-0.694629,-0.308415,-0.379947, 
0,-0.545415,-0.693984,-0.308620,-0.379784, 
0,-0.545455,-0.693760,-0.308458,-0.379812, 
0,-0.545056,-0.692496,-0.308530,-0.379804, 
0,-0.544957,-0.692514,-0.308516,-0.379640, 
0,-0.544702,-0.692409,-0.308740,-0.379841, 
0,-0.544705,-0.692915,-0.308521,-0.379548, 
0,-0.544346,-0.692962,-0.308492,-0.379415, 
0,-0.544410,-0.693379,-0.308520,-0.379447, 
0,-0.544605,-0.694513,-0.307750,-0.378906, 
0,-0.544328,-0.695104,-0.307354,-0.378234, 
0,-0.544359,-0.695902,-0.307908,-0.378943, 
0,-0.543485,-0.694898,-0.307734,-0.377926, 
0,-0.544076,-0.696102,-0.308115,-0.378850, 
0,-0.543618,-0.695463,-0.307931,-0.378481, 
0,-0.543568,-0.695006,-0.308120,-0.378718, 
0,-0.543486,-0.694520,-0.307686,-0.378219, 
0,-0.542985,-0.694210,-0.307762,-0.378188, 
0,-0.543204,-0.694567,-0.308010,-0.378587, 
0,-0.543012,-0.693949,-0.307654,-0.377755, 
0,-0.543138,-0.693943,-0.307963,-0.378244, 
0,-0.543205,-0.694554,-0.307484,-0.377898, 
0,-0.542866,-0.694251,-0.307840,-0.378047, 
0,-0.542682,-0.694553,-0.307981,-0.378271, 
0,-0.542695,-0.695316,-0.307997,-0.378237, 
0,-0.542607,-0.695649,-0.307970,-0.378168, 
0,-0.542413,-0.695468,-0.307594,-0.377805, 
0,-0.542208,-0.694760,-0.307382,-0.377275, 
0,-0.542104,-0.694488,-0.307784,-0.377816, 
0,-0.542293,-0.695035,-0.307790,-0.377987, 
0,-0.542394,-0.695444,-0.308081,-0.378633, 
0,-0.541122,-0.693983,-0.307286,-0.377103, 
0,-0.540987,-0.694349,-0.307120,-0.376856, 
0,-0.541325,-0.694741,-0.307436,-0.377291, 
0,-0.541586,-0.694930,-0.307748,-0.377571, 
0,-0.541297,-0.694329,-0.307427,-0.377139, 
0,-0.540918,-0.693435,-0.306893,-0.376668, 
0,-0.540865,-0.693084,-0.306619,-0.376234, 
0,-0.540537,-0.692800,-0.306946,-0.376624, 
0,-0.540693,-0.693076,-0.307206,-0.376924, 
0,-0.540618,-0.693149,-0.306926,-0.376587, 
0,-0.540765,-0.693091,-0.307242,-0.376840, 
0,-0.540910,-0.692199,-0.306675,-0.376170, 
0,-0.540697,-0.691637,-0.306916,-0.376379, 
0,-0.540468,-0.690941,-0.306967,-0.376533, 
0,-0.540087,-0.690253,-0.306951,-0.376460, 
0,-0.540087,-0.690758,-0.306643,-0.376131, 
0,-0.540167,-0.691317,-0.306727,-0.376251, 
0,-0.539733,-0.691034,-0.306524,-0.376115, 
0,-0.539610,-0.691253,-0.306458,-0.375842, 
0,-0.539603,-0.691344,-0.306770,-0.376271, 
0,-0.539241,-0.691123,-0.306382,-0.375755, 
0,-0.539148,-0.690735,-0.306370,-0.375708, 
0,-0.538802,-0.689527,-0.306666,-0.375965, 
0,-0.538759,-0.689479,-0.306691,-0.376087, 
0,-0.538616,-0.689343,-0.306410,-0.375767, 
0,-0.538287,-0.688773,-0.306448,-0.375740, 
0,-0.538067,-0.688782,-0.306231,-0.375389, 
0,-0.537442,-0.689040,-0.305833,-0.374919, 
0,-0.537567,-0.689266,-0.305961,-0.375033, 
0,-0.537344,-0.689079,-0.306452,-0.375377, 
0,-0.536977,-0.689725,-0.306054,-0.374935, 
0,-0.537106,-0.690639,-0.305696,-0.374531, 
0,-0.537039,-0.691555,-0.305368,-0.374021, 
0,-0.537152,-0.692090,-0.306370,-0.374996, 
0,-0.537167,-0.692681,-0.306256,-0.374898, 
0,-0.537494,-0.692988,-0.306464,-0.374988, 
0,-0.537912,-0.693022,-0.306360,-0.375081, 
0,-0.537362,-0.692225,-0.306274,-0.374829, 
0,-0.537382,-0.692005,-0.306049,-0.374605, 
0,-0.537437,-0.691936,-0.306236,-0.374792, 
0,-0.537522,-0.692034,-0.306006,-0.374636, 
0,-0.537448,-0.692021,-0.306074,-0.374836, 
0,-0.537044,-0.691478,-0.305727,-0.374179, 
0,-0.537281,-0.691404,-0.306011,-0.374549, 
0,-0.537217,-0.690421,-0.305850,-0.374245, 
0,-0.536724,-0.689820,-0.305706,-0.374118, 
0,-0.536690,-0.689503,-0.305751,-0.374246, 
0,-0.536349,-0.688916,-0.305679,-0.374127, 
0,-0.536239,-0.688647,-0.305739,-0.373991, 
0,-0.536002,-0.688188,-0.305492,-0.373837, 
0,-0.535263,-0.687032,-0.305497,-0.373887, 
0,-0.535167,-0.686959,-0.304717,-0.373018, 
0,-0.535232,-0.687241,-0.305381,-0.373583, 
0,-0.535023,-0.687183,-0.305112,-0.373484, 
0,-0.534912,-0.687346,-0.305403,-0.373711, 
0,-0.535310,-0.687565,-0.305132,-0.373384, 
0,-0.535053,-0.687320,-0.304984,-0.373069, 
0,-0.534754,-0.686940,-0.305033,-0.373075, 
0,-0.534513,-0.686467,-0.304838,-0.372829, 
0,-0.534747,-0.686587,-0.304526,-0.372459, 
0,-0.534568,-0.686867,-0.304839,-0.372649, 
0,-0.534079,-0.686470,-0.305255,-0.373019, 
0,-0.533718,-0.686801,-0.305167,-0.373103, 
0,-0.533732,-0.688013,-0.304679,-0.372734, 
0,-0.533538,-0.688875,-0.304465,-0.372318, 
0,-0.528715,-0.681291,-0.300177,-0.364091, 
0,-0.537848,-0.696720,-0.308370,-0.380067, 
0,-0.532225,-0.686993,-0.303209,-0.370253, 
0,-0.530271,-0.683715,-0.301379,-0.366736, 
0,-0.536836,-0.694324,-0.307185,-0.377547, 
0,-0.541502,-0.702264,-0.311195,-0.385292, 
0,-0.546348,-0.710603,-0.315844,-0.394222, 
0,-0.521506,-0.668913,-0.294436,-0.352614, 
0,-0.529118,-0.681931,-0.300879,-0.365560, 
0,-0.534761,-0.691311,-0.305805,-0.375088, 
0,-0.533775,-0.689794,-0.305662,-0.374133, 
0,-0.530326,-0.684324,-0.302613,-0.368460, 
0,-0.531746,-0.686657,-0.303425,-0.370313, 
0,-0.533718,-0.689890,-0.305010,-0.373569, 
0,-0.530544,-0.684726,-0.302545,-0.368685, 
0,-0.533850,-0.690249,-0.305866,-0.374726, 
0,-0.536255,-0.694103,-0.307480,-0.378101, 
0,-0.530955,-0.685541,-0.302876,-0.369401, 
0,-0.532370,-0.687986,-0.304227,-0.371697, 
0,-0.532055,-0.687307,-0.303917,-0.371067, 
0,-0.531566,-0.686596,-0.303984,-0.371040, 
0,-0.532178,-0.687600,-0.304755,-0.372519, 
0,-0.524323,-0.675110,-0.298490,-0.360159, 
0,-0.527677,-0.680779,-0.300730,-0.364860, 
0,-0.531556,-0.687688,-0.303814,-0.371129, 
0,-0.530550,-0.686631,-0.303597,-0.370296, 
0,-0.530655,-0.686814,-0.303799,-0.370662, 
0,-0.530788,-0.686584,-0.303932,-0.371003, 
0,-0.530742,-0.686291,-0.303906,-0.371116, 
0,-0.531040,-0.686681,-0.303888,-0.371368, 
0,-0.530574,-0.685958,-0.303299,-0.370245, 
0,-0.530749,-0.685980,-0.303995,-0.371206, 
0,-0.530065,-0.684605,-0.303243,-0.369795, 
0,-0.529896,-0.685007,-0.303348,-0.370155, 
0,-0.530264,-0.686044,-0.303357,-0.370289, 
0,-0.530105,-0.686734,-0.303289,-0.369916, 
0,-0.529451,-0.686601,-0.303602,-0.370050, 
0,-0.526864,-0.683428,-0.301644,-0.366570, 
0,-0.527415,-0.684903,-0.301928,-0.367494, 
0,-0.529094,-0.687945,-0.303122,-0.369773, 
0,-0.529752,-0.689108,-0.303915,-0.370943, 
0,-0.528109,-0.686286,-0.302402,-0.368071, 
0,-0.529052,-0.688063,-0.303521,-0.370142, 
0,-0.528333,-0.686991,-0.303175,-0.369486, 
0,-0.528129,-0.686677,-0.303149,-0.369641, 
0,-0.530631,-0.690490,-0.305455,-0.373927, 
0,-0.529013,-0.687926,-0.303301,-0.370302, 
0,-0.527577,-0.686021,-0.302757,-0.369070, 
0,-0.527171,-0.685484,-0.302427,-0.368351, 
0,-0.527624,-0.685901,-0.302771,-0.368866, 
0,-0.527396,-0.685301,-0.302554,-0.368502, 
0,-0.522758,-0.677196,-0.298370,-0.360464, 
0,-0.528371,-0.686332,-0.303563,-0.370269, 
0,-0.526789,-0.684609,-0.302719,-0.368811, 
0,-0.527064,-0.685696,-0.302274,-0.368481, 
0,-0.526899,-0.686195,-0.302661,-0.368986, 
0,-0.526232,-0.686326,-0.302034,-0.368140, 
0,-0.524640,-0.685519,-0.301891,-0.367461, 
0,-0.525180,-0.687148,-0.302499,-0.368572, 
0,-0.524330,-0.686433,-0.302409,-0.367921, 
0,-0.524021,-0.686228,-0.302748,-0.368568, 
0,-0.523104,-0.685381,-0.302203,-0.367972, 
0,-0.522598,-0.684781,-0.302490,-0.368121, 
0,-0.522710,-0.684754,-0.302298,-0.367954, 
0,-0.522365,-0.683976,-0.302117,-0.367667, 
0,-0.522624,-0.683893,-0.302149,-0.367930, 
0,-0.522282,-0.683751,-0.302570,-0.368455, 
0,-0.520955,-0.682593,-0.301809,-0.367134, 
0,-0.520893,-0.682792,-0.301948,-0.367384, 
0,-0.520077,-0.682186,-0.301522,-0.366567, 
0,-0.513928,-0.672245,-0.296316,-0.356291, 
0,-0.520418,-0.683357,-0.302218,-0.367646, 
0,-0.522765,-0.686963,-0.303988,-0.371282, 
0,-0.500688,-0.650181,-0.285220,-0.334839, 
0,-0.569888,-0.765372,-0.345073,-0.450498, 
0,-0.487836,-0.629447,-0.273933,-0.313625, 
0,-0.543490,-0.722463,-0.322473,-0.407055, 
0,-0.520366,-0.684294,-0.302186,-0.367759, 
0,-0.521294,-0.686324,-0.303197,-0.369355, 
0,-0.518005,-0.681264,-0.300202,-0.363883, 
0,-0.519066,-0.683018,-0.300919,-0.365224, 
0,-0.525677,-0.694091,-0.306825,-0.376595, 
2,-0.524413,-0.691305,-0.306113,-0.374561,"Interferent"
0,-0.510858,-0.667199,-0.294145,-0.350799, 
0,-0.511701,-0.665759,-0.294112,-0.348860, 
0,-0.510992,-0.669586,-0.296977,-0.352522, 
0,-0.553622,-0.739179,-0.341981,-0.515841, 
0,-0.532932,-0.708768,-0.312428,-0.514553, 
0,-0.507897,-0.664130,-0.293753,-0.462965, 
0,-0.468005,-0.598530,-0.261107,-0.391092, 
0,-0.475037,-0.610669,-0.267113,-0.408625, 
0,-0.561681,-0.756682,-0.342682,-0.551505, 
0,-0.496117,-0.645011,-0.286503,-0.435510, 
0,-0.531402,-0.704697,-0.317477,-0.491086, 
0,-0.514594,-0.676822,-0.303296,-0.459366, 
0,-0.505213,-0.660704,-0.295494,-0.442138, 
0,-0.524400,-0.693004,-0.312039,-0.472104, 
0,-0.514328,-0.677795,-0.302828,-0.454552, 
0,-0.517488,-0.684327,-0.305744,-0.460588, 
0,-0.514420,-0.680172,-0.303438,-0.455111, 
0,-0.516027,-0.683840,-0.305136,-0.457286, 
0,-0.522746,-0.694961,-0.310578,-0.467330, 
0,-0.517664,-0.686326,-0.306063,-0.459003, 
0,-0.516436,-0.684724,-0.304646,-0.459810, 
0,-0.516552,-0.685334,-0.305262,-0.461484, 
0,-0.516632,-0.686151,-0.305272,-0.461829, 
0,-0.516707,-0.686773,-0.305565,-0.461948, 
0,-0.516248,-0.686502,-0.305619,-0.461616, 
0,-0.515856,-0.686457,-0.305392,-0.461409, 
0,-0.516399,-0.687214,-0.305250,-0.461751, 
0,-0.516173,-0.687184,-0.305472,-0.462514, 
0,-0.515894,-0.687552,-0.305492,-0.463126, 
0,-0.515463,-0.687346,-0.305623,-0.463294, 
0,-0.515188,-0.686458,-0.305532,-0.463517, 
0,-0.515576,-0.686671,-0.305597,-0.464250, 
0,-0.514937,-0.685616,-0.305833,-0.465425, 
0,-0.514581,-0.685207,-0.305221,-0.465259, 
0,-0.514456,-0.685576,-0.305110,-0.465890, 
0,-0.514548,-0.686420,-0.305262,-0.466994, 
0,-0.514776,-0.687400,-0.305254,-0.467860, 
0,-0.515106,-0.688110,-0.305632,-0.468948, 
0,-0.515215,-0.688353,-0.305837,-0.469615, 
0,-0.515490,-0.688388,-0.305855,-0.470640, 
0,-0.514897,-0.687151,-0.305619,-0.470392, 
0,-0.514711,-0.686890,-0.305690,-0.471331, 
0,-0.514812,-0.687509,-0.305574,-0.471539, 
0,-0.514365,-0.687648,-0.305536,-0.471815, 
0,-0.514301,-0.688851,-0.306161,-0.473304, 
0,-0.514064,-0.688925,-0.305909,-0.473654, 
0,-0.514332,-0.689861,-0.306197,-0.474425, 
0,-0.514489,-0.690540,-0.305808,-0.475129, 
0,-0.514728,-0.691385,-0.305561,-0.475777, 
0,-0.514381,-0.691559,-0.306047,-0.476607, 
0,-0.514301,-0.691584,-0.305552,-0.477112, 
0,-0.513411,-0.691505,-0.305758,-0.477872, 
0,-0.513227,-0.690978,-0.306081,-0.478131, 
0,-0.513863,-0.692150,-0.305934,-0.478431, 
0,-0.513517,-0.691907,-0.306315,-0.479836, 
0,-0.513672,-0.692055,-0.306184,-0.479789, 
0,-0.513571,-0.691422,-0.306189,-0.480504, 
0,-0.513592,-0.690833,-0.306298,-0.481026, 
0,-0.513802,-0.690916,-0.306324,-0.481772, 
0,-0.514026,-0.691252,-0.306407,-0.482580, 
0,-0.513925,-0.690934,-0.306702,-0.483358, 
0,-0.513382,-0.690009,-0.306325,-0.483479, 
0,-0.513309,-0.690734,-0.306424,-0.483769, 
0,-0.513266,-0.691537,-0.306406,-0.484725, 
0,-0.513362,-0.692073,-0.306036,-0.485169, 
0,-0.513109,-0.691931,-0.306232,-0.485780, 
0,-0.512995,-0.692811,-0.305621,-0.485160, 
0,-0.512838,-0.694294,-0.306063,-0.486515, 
0,-0.512724,-0.695623,-0.306302,-0.487242, 
0,-0.512724,-0.696410,-0.306812,-0.488660, 
0,-0.513279,-0.697992,-0.307295,-0.489511, 
0,-0.512328,-0.697055,-0.306061,-0.488308, 
0,-0.512307,-0.697952,-0.306051,-0.488281, 
0,-0.512063,-0.697974,-0.306378,-0.488455, 
0,-0.511530,-0.697136,-0.305996,-0.488229, 
0,-0.511763,-0.697875,-0.306159,-0.489184, 
0,-0.511912,-0.698816,-0.306898,-0.490992, 
0,-0.512010,-0.698135,-0.306454,-0.490872, 
0,-0.511781,-0.697638,-0.305986,-0.490449, 
0,-0.511354,-0.697693,-0.306158,-0.490535, 
0,-0.511309,-0.698358,-0.306189,-0.491775, 
0,-0.511049,-0.698970,-0.306692,-0.491982, 
0,-0.511362,-0.700110,-0.307000,-0.492676, 
0,-0.511575,-0.700374,-0.306880,-0.492673, 
0,-0.511138,-0.699702,-0.306716,-0.492941, 
0,-0.510493,-0.699345,-0.306277,-0.493446, 
0,-0.510443,-0.700151,-0.306170,-0.492821, 
0,-0.510213,-0.700848,-0.306435,-0.493896, 
0,-0.509811,-0.702189,-0.306245,-0.493679, 
0,-0.510117,-0.703707,-0.306775,-0.495159, 
0,-0.509888,-0.703635,-0.306949,-0.496506, 
0,-0.510056,-0.704223,-0.306751,-0.497102, 
0,-0.510092,-0.704548,-0.306622,-0.496770, 
0,-0.510805,-0.705516,-0.307263,-0.497879, 
0,-0.511046,-0.705778,-0.307534,-0.498329, 
0,-0.510030,-0.704234,-0.306847,-0.497465, 
0,-0.510744,-0.705420,-0.307264,-0.498395, 
0,-0.510461,-0.704905,-0.306920,-0.497583, 
0,-0.506897,-0.699070,-0.304418,-0.492217, 
0,-0.512905,-0.708257,-0.309706,-0.502003, 
0,-0.525807,-0.728427,-0.320932,-0.524234, 
0,-0.500009,-0.685099,-0.299235,-0.483022, 
0,-0.504749,-0.693266,-0.302944,-0.491449, 
0,-0.510574,-0.703185,-0.308116,-0.502320, 
0,-0.509516,-0.702099,-0.307583,-0.500904, 
0,-0.508747,-0.701435,-0.307414,-0.501297, 
0,-0.509145,-0.701426,-0.307744,-0.502325, 
0,-0.508843,-0.701159,-0.307244,-0.501620, 
0,-0.509079,-0.701822,-0.307446,-0.501957, 
0,-0.508617,-0.701676,-0.307343,-0.501617, 
0,-0.509099,-0.701933,-0.307641,-0.502850, 
0,-0.508759,-0.701578,-0.307489,-0.502949, 
0,-0.508549,-0.701687,-0.308120,-0.504097, 
0,-0.508753,-0.701979,-0.308062,-0.504148, 
0,-0.508078,-0.701930,-0.307287,-0.503164, 
0,-0.508473,-0.704053,-0.307107,-0.503325, 
0,-0.508169,-0.704619,-0.307178,-0.502842, 
0,-0.508002,-0.705315,-0.307749,-0.503661, 
0,-0.507567,-0.705106,-0.307573,-0.503037, 
0,-0.507839,-0.705934,-0.307645,-0.503046, 
0,-0.507571,-0.705598,-0.307452,-0.502953, 
0,-0.508119,-0.706310,-0.307912,-0.504178, 
0,-0.507436,-0.705301,-0.307619,-0.504875, 
0,-0.507182,-0.705039,-0.307677,-0.505317, 
0,-0.507097,-0.704972,-0.307784,-0.505385, 
0,-0.507363,-0.705181,-0.308017,-0.505973, 
0,-0.507109,-0.704867,-0.307912,-0.506710, 
0,-0.507312,-0.705715,-0.308101,-0.506787, 
0,-0.506877,-0.705087,-0.307756,-0.505975, 
0,-0.505621,-0.702638,-0.306391,-0.503854, 
0,-0.506144,-0.702943,-0.307042,-0.504520, 
0,-0.507626,-0.705252,-0.308348,-0.506512, 
0,-0.507032,-0.703638,-0.307907,-0.506236, 
0,-0.506954,-0.703506,-0.307490,-0.506620, 
0,-0.508864,-0.706029,-0.309112,-0.509593, 
0,-0.507028,-0.702666,-0.307884,-0.507196, 
0,-0.507121,-0.703706,-0.307620,-0.507770, 
0,-0.506887,-0.704449,-0.307651,-0.507023, 
0,-0.506879,-0.704942,-0.307231,-0.506620, 
0,-0.506888,-0.705905,-0.307608,-0.507120, 
0,-0.506894,-0.706036,-0.307859,-0.508170, 
0,-0.506743,-0.705180,-0.308020,-0.508845, 
0,-0.506831,-0.705061,-0.307979,-0.508077, 
0,-0.506626,-0.704933,-0.307929,-0.508191, 
0,-0.506870,-0.705652,-0.308070,-0.508396, 
0,-0.506802,-0.705711,-0.308313,-0.508860, 
0,-0.506675,-0.705175,-0.308359,-0.508935, 
0,-0.505770,-0.704324,-0.308057,-0.508559, 
0,-0.506352,-0.705124,-0.308205,-0.509768, 
0,-0.506105,-0.705495,-0.308046,-0.509113, 
0,-0.505526,-0.705914,-0.307811,-0.509187, 
0,-0.505477,-0.706392,-0.308008,-0.508659, 
0,-0.505473,-0.706394,-0.308315,-0.508990, 
0,-0.504989,-0.705915,-0.308423,-0.509068, 
0,-0.504673,-0.705191,-0.307947,-0.509477, 
0,-0.504799,-0.705600,-0.307995,-0.509961, 
0,-0.504661,-0.706539,-0.307317,-0.509180, 
0,-0.504546,-0.707499,-0.307799,-0.509652, 
0,-0.504812,-0.707487,-0.308264,-0.509714, 
0,-0.504377,-0.707588,-0.308322,-0.509579, 
0,-0.504516,-0.707532,-0.308298,-0.509932, 
0,-0.504334,-0.706479,-0.308586,-0.510037, 
0,-0.504616,-0.706711,-0.308347,-0.510407, 
0,-0.504546,-0.706345,-0.307903,-0.510051, 
0,-0.504259,-0.706366,-0.308013,-0.510282, 
0,-0.503997,-0.707157,-0.308363,-0.510297, 
0,-0.503956,-0.707945,-0.308319,-0.510733, 
0,-0.504540,-0.709167,-0.308446,-0.511025, 
0,-0.504604,-0.709433,-0.308678,-0.511229, 
0,-0.504591,-0.708812,-0.308788,-0.511472, 
0,-0.504251,-0.707694,-0.308430,-0.511421, 
0,-0.503628,-0.706201,-0.308727,-0.511127, 
0,-0.503905,-0.706791,-0.308442,-0.510214, 
0,-0.503499,-0.706990,-0.308513,-0.511002, 
0,-0.504011,-0.708067,-0.308679,-0.511851, 
0,-0.503949,-0.708445,-0.308173,-0.511517, 
0,-0.503736,-0.707626,-0.308366,-0.512217, 
0,-0.503326,-0.707337,-0.308555,-0.512526, 
0,-0.503112,-0.707788,-0.308760,-0.513625, 
0,-0.503065,-0.708399,-0.308493,-0.513679, 
0,-0.503211,-0.709167,-0.308582,-0.513826, 
0,-0.502784,-0.709357,-0.308605,-0.514181, 
0,-0.502873,-0.710156,-0.308675,-0.514431, 
0,-0.502962,-0.710733,-0.308642,-0.514834, 
0,-0.503204,-0.710904,-0.308824,-0.515000, 
0,-0.503081,-0.709909,-0.308773,-0.514378, 
0,-0.503038,-0.709413,-0.308638,-0.514977, 
0,-0.502619,-0.708702,-0.308310,-0.513755, 
0,-0.502529,-0.708594,-0.308434,-0.513061, 
0,-0.502688,-0.708628,-0.308635,-0.513191, 
0,-0.502752,-0.708844,-0.308856,-0.513147, 
0,-0.502744,-0.709594,-0.308876,-0.513672, 
0,-0.502598,-0.710078,-0.308790,-0.514762, 
0,-0.502440,-0.710651,-0.308921,-0.515030, 
0,-0.502012,-0.710536,-0.309015,-0.515425, 
0,-0.501986,-0.711060,-0.308784,-0.515305, 
0,-0.501957,-0.710942,-0.308629,-0.514744, 
0,-0.501922,-0.710849,-0.309165,-0.514779, 
0,-0.502171,-0.711314,-0.309314,-0.514243, 
0,-0.501998,-0.710593,-0.308908,-0.514105, 
0,-0.501591,-0.709805,-0.308930,-0.514338, 
0,-0.501165,-0.708946,-0.308625,-0.513545, 
0,-0.500967,-0.709323,-0.308641,-0.513902, 
0,-0.500816,-0.709146,-0.308649,-0.513833, 
0,-0.500942,-0.709264,-0.308977,-0.513853, 
0,-0.500686,-0.709016,-0.308859,-0.513535, 
0,-0.500695,-0.708941,-0.308095,-0.513452, 
0,-0.500831,-0.709237,-0.308696,-0.514433, 
0,-0.500623,-0.708767,-0.309132,-0.514892, 
0,-0.501148,-0.709212,-0.309681,-0.516080, 
0,-0.500338,-0.707535,-0.308773,-0.514715, 
0,-0.499105,-0.705201,-0.307572,-0.513763, 
0,-0.499960,-0.706284,-0.308117,-0.514829, 
0,-0.500064,-0.706885,-0.308628,-0.514541, 
0,-0.500343,-0.707920,-0.308397,-0.514287, 
0,-0.500671,-0.709100,-0.309048,-0.514654, 
0,-0.500961,-0.709460,-0.309181,-0.514205, 
0,-0.501912,-0.710436,-0.310188,-0.516554, 
0,-0.500765,-0.708057,-0.309100,-0.514920, 
0,-0.500905,-0.708145,-0.309106,-0.516066, 
0,-0.501105,-0.707757,-0.308754,-0.515281, 
0,-0.501319,-0.706724,-0.308696,-0.515283, 
0,-0.501128,-0.706561,-0.308900,-0.515541, 
0,-0.500488,-0.706059,-0.308345,-0.515157, 
0,-0.501205,-0.706720,-0.308824,-0.515983, 
0,-0.501011,-0.706261,-0.308616,-0.515717, 
0,-0.500124,-0.705434,-0.308517,-0.514861, 
0,-0.500206,-0.705685,-0.308316,-0.515093, 
0,-0.501953,-0.708356,-0.310146,-0.518000, 
0,-0.502980,-0.710211,-0.311357,-0.519619, 
0,-0.506794,-0.716868,-0.314913,-0.525429, 
0,-0.498009,-0.702322,-0.307197,-0.511006, 
0,-0.500319,-0.706853,-0.309794,-0.516091, 
0,-0.497412,-0.701788,-0.305897,-0.509678, 
0,-0.501848,-0.709032,-0.310611,-0.518097, 
0,-0.500646,-0.706201,-0.309526,-0.516583, 
0,-0.499125,-0.702874,-0.308181,-0.514462, 
0,-0.500321,-0.704387,-0.309562,-0.516750, 
0,-0.500011,-0.703760,-0.309130,-0.516609, 
0,-0.499996,-0.704204,-0.309401,-0.516963, 
0,-0.502228,-0.708159,-0.311511,-0.521613, 
0,-0.494183,-0.695763,-0.304972,-0.509344, 
0,-0.502220,-0.709867,-0.311660,-0.523524, 
0,-0.489115,-0.688506,-0.300333,-0.502682, 
0,-0.500989,-0.708823,-0.310785,-0.522656, 
0,-0.510404,-0.725386,-0.318783,-0.539230, 
0,-0.488665,-0.689996,-0.300274,-0.503368, 
0,-0.517594,-0.738310,-0.325106,-0.551830, 
0,-0.507027,-0.720200,-0.315692,-0.533248, 
0,-0.498656,-0.706722,-0.308899,-0.519192, 
3,-0.504040,-0.715383,-0.314155,-0.529627,"Analyte Added"
0,-0.527840,-0.751891,-0.333834,-0.565713, 
0,-0.498013,-0.694666,-0.306731,-0.508605, 
0,-0.488002,-0.689277,-0.301724,-0.503115, 
0,-0.500167,-0.709115,-0.315393,-0.522839, 
0,-0.538816,-0.775349,-0.346522,-0.591454, 
0,-0.513841,-0.740597,-0.319240,-0.559469, 
0,-0.461107,-0.650648,-0.276002,-0.477772, 
0,-0.468207,-0.660723,-0.282375,-0.487178, 
0,-0.487903,-0.691575,-0.300369,-0.524368, 
0,-0.496472,-0.705613,-0.307801,-0.541856, 
0,-0.494775,-0.703337,-0.306174,-0.543930, 
0,-0.501497,-0.716402,-0.312761,-0.557626, 
0,-0.497556,-0.710676,-0.309456,-0.554243, 
0,-0.497984,-0.712656,-0.310085,-0.559399, 
0,-0.498217,-0.714553,-0.310415,-0.565394, 
0,-0.499431,-0.717796,-0.311408,-0.571356, 
0,-0.498677,-0.717201,-0.310654,-0.572048, 
0,-0.497020,-0.715197,-0.309506,-0.572742, 
0,-0.497370,-0.716672,-0.309592,-0.575137, 
0,-0.498347,-0.719204,-0.310836,-0.579205, 
0,-0.498480,-0.719322,-0.311306,-0.581242, 
0,-0.498305,-0.718587,-0.311257,-0.583879, 
0,-0.497655,-0.717530,-0.310916,-0.584703, 
0,-0.497990,-0.718082,-0.310714,-0.586302, 
0,-0.499548,-0.720538,-0.312007,-0.591436, 
0,-0.497851,-0.717607,-0.310796,-0.591003, 
0,-0.498768,-0.719584,-0.311797,-0.595624, 
0,-0.498383,-0.719142,-0.311423,-0.595669, 
0,-0.497477,-0.717886,-0.310678,-0.595075, 
0,-0.499329,-0.721838,-0.312225,-0.600264, 
0,-0.462849,-0.662254,-0.281122,-0.541034, 
0,-0.510216,-0.742789,-0.323192,-0.624668, 
0,-0.466325,-0.671773,-0.285171,-0.554333, 
0,-0.508317,-0.738979,-0.320585,-0.620783, 
0,-0.496162,-0.720494,-0.311113,-0.603289, 
0,-0.498033,-0.724689,-0.312708,-0.604997, 
0,-0.495541,-0.721466,-0.310581,-0.601278, 
0,-0.500564,-0.730267,-0.314604,-0.610124, 
0,-0.499045,-0.728370,-0.313310,-0.609518, 
0,-0.498032,-0.727041,-0.313014,-0.610745, 
0,-0.497490,-0.727230,-0.312683,-0.610968, 
0,-0.497888,-0.727467,-0.313166,-0.610759, 
0,-0.497784,-0.727908,-0.313468,-0.612109, 
0,-0.497930,-0.728477,-0.313111,-0.613207, 
0,-0.497869,-0.728775,-0.313063,-0.613701, 
0,-0.497907,-0.728942,-0.313364,-0.614910, 
0,-0.498141,-0.729439,-0.313615,-0.614329, 
0,-0.498158,-0.729654,-0.314099,-0.616348, 
0,-0.497727,-0.729275,-0.313755,-0.616186, 
0,-0.497581,-0.730175,-0.313556,-0.617387, 
0,-0.497282,-0.729580,-0.313347,-0.620090, 
0,-0.496652,-0.727963,-0.312689,-0.619637, 
0,-0.498058,-0.729832,-0.314178,-0.624028, 
0,-0.496891,-0.728451,-0.313941,-0.623826, 
0,-0.497099,-0.729187,-0.313946,-0.626055, 
0,-0.496715,-0.729161,-0.313280,-0.625994, 
0,-0.496516,-0.729623,-0.313680,-0.626425, 
0,-0.497021,-0.730616,-0.313880,-0.626593, 
0,-0.497324,-0.731345,-0.314281,-0.625445, 
0,-0.496748,-0.731063,-0.314262,-0.626033, 
0,-0.496889,-0.731443,-0.314088,-0.624729, 
0,-0.496862,-0.732851,-0.314181,-0.624767, 
0,-0.496454,-0.732691,-0.314225,-0.625782, 
0,-0.496492,-0.733025,-0.314365,-0.627054, 
0,-0.496529,-0.732885,-0.314264,-0.627963, 
0,-0.496431,-0.733427,-0.314565,-0.628864, 
0,-0.496564,-0.735114,-0.314075,-0.630596, 
0,-0.496610,-0.736453,-0.314523,-0.631979, 
0,-0.496707,-0.736930,-0.314027,-0.632390, 
0,-0.496566,-0.737533,-0.314583,-0.633340, 
0,-0.496586,-0.737956,-0.314586,-0.635308, 
0,-0.496459,-0.738090,-0.314265,-0.634132, 
0,-0.496696,-0.738369,-0.314675,-0.633409, 
0,-0.496265,-0.737386,-0.314740,-0.633756, 
0,-0.496258,-0.737299,-0.314404,-0.633639, 
0,-0.496041,-0.737478,-0.314463,-0.633360, 
0,-0.495746,-0.737921,-0.313985,-0.635247, 
0,-0.496025,-0.739005,-0.314469,-0.635725, 
0,-0.496090,-0.739827,-0.314623,-0.636893, 
0,-0.496214,-0.739743,-0.315074,-0.638366, 
0,-0.496284,-0.739128,-0.315203,-0.638757, 
0,-0.496275,-0.738589,-0.315115,-0.639444, 
0,-0.495626,-0.737953,-0.314821,-0.640386, 
0,-0.495776,-0.738071,-0.314896,-0.639701, 
0,-0.495993,-0.738848,-0.314755,-0.637053, 
0,-0.496088,-0.739618,-0.315295,-0.636615, 
0,-0.495423,-0.739767,-0.314814,-0.635693, 
0,-0.495475,-0.740473,-0.315098,-0.636477, 
0,-0.495875,-0.741751,-0.315106,-0.637709, 
0,-0.495524,-0.741717,-0.314859,-0.637718, 
0,-0.495577,-0.741877,-0.315241,-0.637344, 
0,-0.495432,-0.741147,-0.315498,-0.639973, 
0,-0.495655,-0.741409,-0.315497,-0.640877, 
0,-0.495738,-0.741119,-0.315525,-0.641635, 
0,-0.495735,-0.741245,-0.315898,-0.641988, 
0,-0.495718,-0.741380,-0.315529,-0.644814, 
0,-0.495508,-0.741289,-0.315335,-0.645218, 
0,-0.495050,-0.741093,-0.315080,-0.644857, 
0,-0.495047,-0.742010,-0.315742,-0.643235, 
0,-0.495149,-0.742391,-0.315836,-0.643879, 
0,-0.495304,-0.742700,-0.315899,-0.644304, 
0,-0.495388,-0.743844,-0.316130,-0.644538, 
0,-0.495383,-0.744044,-0.315566,-0.643892, 
0,-0.495308,-0.744089,-0.315979,-0.643655, 
0,-0.495046,-0.743493,-0.315548,-0.644613, 
0,-0.495149,-0.744365,-0.316033,-0.646068, 
0,-0.494889,-0.744225,-0.316133,-0.644777, 
0,-0.495152,-0.744842,-0.316567,-0.646278, 
0,-0.494774,-0.743854,-0.316476,-0.646534, 
0,-0.494688,-0.743680,-0.316192,-0.647504, 
0,-0.495122,-0.744408,-0.315835,-0.647907, 
0,-0.494755,-0.744287,-0.316461,-0.648912, 
0,-0.494889,-0.744550,-0.316392,-0.648083, 
0,-0.494403,-0.744049,-0.316743,-0.649376, 
0,-0.494756,-0.744162,-0.316791,-0.650478, 
0,-0.494724,-0.743157,-0.316788,-0.648875, 
0,-0.494653,-0.742851,-0.316673,-0.648031, 
0,-0.494165,-0.742562,-0.316278,-0.649094, 
0,-0.494491,-0.743237,-0.315615,-0.649198, 
0,-0.494154,-0.743538,-0.316271,-0.650761, 
0,-0.494075,-0.743563,-0.316108,-0.651379, 
0,-0.494159,-0.744318,-0.316365,-0.651546, 
0,-0.493997,-0.745019,-0.316849,-0.652255, 
0,-0.494124,-0.745694,-0.316826,-0.653364, 
0,-0.493785,-0.745877,-0.316686,-0.652893, 
0,-0.493936,-0.746423,-0.316748,-0.652969, 
0,-0.494004,-0.746193,-0.316704,-0.652317, 
0,-0.494426,-0.747354,-0.317042,-0.653234, 
0,-0.494532,-0.747889,-0.317213,-0.652334, 
0,-0.493926,-0.746427,-0.316845,-0.652886, 
0,-0.493188,-0.746038,-0.316666,-0.650096, 
0,-0.492871,-0.747116,-0.316641,-0.651233, 
0,-0.493598,-0.748633,-0.316015,-0.651100, 
0,-0.493807,-0.748456,-0.316755,-0.652609, 
0,-0.493300,-0.747327,-0.316999,-0.651571, 
0,-0.493821,-0.747881,-0.317403,-0.652066, 
0,-0.493632,-0.748613,-0.317488,-0.651854, 
0,-0.493083,-0.748714,-0.317017,-0.651973, 
0,-0.492938,-0.749016,-0.316733,-0.651198, 
0,-0.493145,-0.748884,-0.317299,-0.652602, 
0,-0.492411,-0.746941,-0.316952,-0.652514, 
0,-0.493019,-0.748535,-0.317463,-0.653410, 
0,-0.492854,-0.749183,-0.317303,-0.654492, 
0,-0.492769,-0.749570,-0.317309,-0.655477, 
0,-0.492926,-0.750427,-0.317704,-0.656453, 
0,-0.492559,-0.750377,-0.317615,-0.656880, 
0,-0.492673,-0.750760,-0.317237,-0.657027, 
0,-0.493408,-0.751160,-0.317513,-0.658317, 
0,-0.492671,-0.749474,-0.317104,-0.658568, 
0,-0.492377,-0.748970,-0.317431,-0.658408, 
0,-0.492549,-0.749603,-0.317450,-0.658152, 
0,-0.493044,-0.750602,-0.317757,-0.659143, 
0,-0.492985,-0.750885,-0.317996,-0.661050, 
0,-0.492917,-0.751285,-0.317875,-0.661116, 
0,-0.492568,-0.751303,-0.317993,-0.660741, 
0,-0.492603,-0.751692,-0.317930,-0.660199, 
0,-0.492410,-0.751327,-0.317317,-0.659539, 
0,-0.492512,-0.751158,-0.317742,-0.658693, 
0,-0.492392,-0.751166,-0.317975,-0.660043, 
0,-0.492464,-0.751479,-0.317864,-0.661792, 
0,-0.492419,-0.751935,-0.317822,-0.660583, 
0,-0.492583,-0.751482,-0.317865,-0.660451, 
0,-0.492321,-0.750680,-0.317796,-0.660582, 
0,-0.492438,-0.753091,-0.318118,-0.660854, 
0,-0.491938,-0.753834,-0.318185,-0.661080, 
0,-0.492206,-0.754707,-0.318089,-0.661810, 
0,-0.492396,-0.755434,-0.317875,-0.662623, 
0,-0.492276,-0.755719,-0.318086,-0.662182, 
0,-0.492079,-0.755719,-0.318347,-0.661935, 
0,-0.496096,-0.761980,-0.322280,-0.668783, 
0,-0.504082,-0.775581,-0.329301,-0.682425, 
0,-0.481631,-0.738663,-0.309543,-0.644242, 
0,-0.478954,-0.735189,-0.306808,-0.638602, 
0,-0.496909,-0.765339,-0.322769,-0.670914, 
0,-0.490035,-0.753940,-0.316478,-0.659586, 
0,-0.492127,-0.757200,-0.318867,-0.663469, 
0,-0.492545,-0.758043,-0.319236,-0.664841, 
0,-0.492723,-0.758059,-0.319167,-0.664868, 
0,-0.493107,-0.758581,-0.318927,-0.663947, 
0,-0.492626,-0.758700,-0.318774,-0.662719, 
0,-0.492832,-0.758547,-0.318573,-0.662745, 
0,-0.492665,-0.757784,-0.319051,-0.663900, 
0,-0.492542,-0.756812,-0.318843,-0.663921, 
0,-0.492517,-0.756432,-0.319208,-0.665876, 
0,-0.492327,-0.755759,-0.319121,-0.667195, 
0,-0.492273,-0.756555,-0.319141,-0.664812, 
0,-0.492350,-0.756982,-0.319144,-0.665694, 
0,-0.492402,-0.757296,-0.319131,-0.665393, 
0,-0.494463,-0.759429,-0.321084,-0.667897, 
0,-0.492355,-0.757907,-0.319158,-0.665393, 
0,-0.492024,-0.757634,-0.318861,-0.665992, 
0,-0.492122,-0.758597,-0.319261,-0.664830, 
0,-0.492091,-0.759020,-0.319231,-0.664759, 
0,-0.492232,-0.759677,-0.318897,-0.663366, 
0,-0.492280,-0.760198,-0.319417,-0.663592, 
0,-0.492340,-0.760179,-0.319164,-0.663931, 
0,-0.492163,-0.759986,-0.319479,-0.665713, 
0,-0.492270,-0.759749,-0.319437,-0.667386, 
0,-0.492215,-0.759009,-0.319694,-0.666927, 
0,-0.491707,-0.757884,-0.319699,-0.665662, 
0,-0.491378,-0.756419,-0.319464,-0.666233, 
0,-0.491706,-0.757598,-0.319694,-0.668513, 
0,-0.491523,-0.757868,-0.319701,-0.669082, 
0,-0.491216,-0.758581,-0.319881,-0.667325, 
0,-0.492781,-0.759997,-0.321029,-0.670202, 
0,-0.491705,-0.758006,-0.320128,-0.668324, 
0,-0.493916,-0.763865,-0.321710,-0.671197, 
0,-0.492626,-0.764428,-0.320892,-0.669379, 
0,-0.493546,-0.767246,-0.321673,-0.671320, 
0,-0.486432,-0.755030,-0.315735,-0.659846, 
0,-0.490357,-0.761610,-0.318669,-0.665383, 
0,-0.489592,-0.761473,-0.318598,-0.665977, 
0,-0.490757,-0.763652,-0.319472,-0.667854, 
0,-0.490755,-0.763482,-0.319596,-0.669170, 
0,-0.490504,-0.763698,-0.319464,-0.668049, 
0,-0.490612,-0.765627,-0.320071,-0.669408, 
0,-0.490864,-0.766128,-0.319949,-0.670715, 
0,-0.490576,-0.766496,-0.319659,-0.669966, 
0,-0.490746,-0.767397,-0.319327,-0.668797, 
0,-0.490397,-0.767121,-0.319691,-0.669059, 
0,-0.489914,-0.766592,-0.319569,-0.668969, 
0,-0.490202,-0.768033,-0.319468,-0.667693, 
0,-0.490296,-0.768081,-0.319922,-0.669458, 
0,-0.490102,-0.767957,-0.319665,-0.669636, 
0,-0.489880,-0.767922,-0.320144,-0.671682, 
0,-0.490416,-0.768327,-0.320158,-0.672821, 
0,-0.490027,-0.767495,-0.319645,-0.673907, 
0,-0.490103,-0.767321,-0.319655,-0.671691, 
0,-0.490499,-0.768172,-0.320403,-0.672846, 
0,-0.490302,-0.767936,-0.320440,-0.670996, 
0,-0.489881,-0.766953,-0.320061,-0.667937, 
0,-0.489962,-0.767060,-0.320146,-0.667334, 
0,-0.489820,-0.767944,-0.320186,-0.667255, 
0,-0.490074,-0.768307,-0.320663,-0.668814, 
0,-0.490113,-0.767457,-0.320102,-0.668771, 
0,-0.489709,-0.767714,-0.320191,-0.669174, 
0,-0.489809,-0.767888,-0.319936,-0.669673, 
0,-0.489667,-0.766924,-0.320053,-0.669020, 
0,-0.489959,-0.767148,-0.320514,-0.668539, 
0,-0.489890,-0.766691,-0.319892,-0.669283, 
0,-0.490330,-0.767184,-0.319996,-0.669264, 
0,-0.490338,-0.767118,-0.320645,-0.669922, 
0,-0.490265,-0.766725,-0.320301,-0.668301, 
0,-0.489654,-0.766027,-0.320706,-0.667030, 
0,-0.489512,-0.766335,-0.320710,-0.667300, 
0,-0.489482,-0.766944,-0.320431,-0.667892, 
0,-0.489474,-0.766410,-0.320302,-0.667993, 
0,-0.489513,-0.766286,-0.320604,-0.670393, 
0,-0.489686,-0.766858,-0.321000,-0.671793, 
0,-0.489818,-0.767434,-0.321208,-0.672805, 
0,-0.489688,-0.767380,-0.320859,-0.673668, 
0,-0.490777,-0.769515,-0.322053,-0.675863, 
0,-0.488562,-0.766025,-0.319924,-0.673665, 
0,-0.485542,-0.761242,-0.317272,-0.669252, 
0,-0.488957,-0.766964,-0.321504,-0.677186, 
0,-0.487698,-0.763657,-0.319554,-0.672422, 
0,-0.487861,-0.763560,-0.320004,-0.672371, 
0,-0.490649,-0.768267,-0.322500,-0.677093, 
0,-0.487197,-0.762670,-0.319322,-0.669216, 
0,-0.487728,-0.763507,-0.320395,-0.669933, 
0,-0.489261,-0.764249,-0.321080,-0.671698, 
0,-0.489091,-0.763537,-0.321262,-0.672895, 
0,-0.488976,-0.763104,-0.320372,-0.673239, 
0,-0.488773,-0.762561,-0.320781,-0.673711, 
0,-0.488763,-0.761715,-0.320836,-0.674808, 
0,-0.488973,-0.761356,-0.321161,-0.676105, 
0,-0.488644,-0.760369,-0.320810,-0.677507, 
0,-0.488869,-0.760420,-0.320944,-0.676898, 
0,-0.488575,-0.760101,-0.320743,-0.676100, 
0,-0.489040,-0.761277,-0.320891,-0.677000, 
0,-0.488857,-0.761086,-0.321204,-0.676449, 
0,-0.488853,-0.761539,-0.321558,-0.675997, 
0,-0.489133,-0.762100,-0.321605,-0.676570, 
0,-0.488947,-0.761853,-0.320618,-0.676535, 
0,-0.489206,-0.762125,-0.321165,-0.677992, 
0,-0.489281,-0.762004,-0.321194,-0.679418, 
0,-0.488602,-0.760972,-0.321238,-0.680253, 
0,-0.489174,-0.761954,-0.321044,-0.680100, 
0,-0.489267,-0.762158,-0.320879,-0.680890, 
0,-0.489146,-0.761862,-0.320711,-0.681309, 
0,-0.489118,-0.761824,-0.320704,-0.680922, 
0,-0.489474,-0.762304,-0.321550,-0.682111, 
0,-0.489067,-0.761631,-0.321498,-0.681776, 
0,-0.488745,-0.761408,-0.321356,-0.681056, 
0,-0.489145,-0.762080,-0.321675,-0.680384, 
0,-0.489019,-0.761899,-0.321892,-0.679401, 
0,-0.489220,-0.762221,-0.321687,-0.679842, 
0,-0.488992,-0.762262,-0.321836,-0.679305, 
0,-0.488729,-0.762643,-0.321538,-0.678052, 
0,-0.488985,-0.763516,-0.321534,-0.676366, 
0,-0.488695,-0.762714,-0.321836,-0.674919, 
0,-0.488787,-0.762482,-0.322026,-0.675538, 
0,-0.488739,-0.761590,-0.322073,-0.675207, 
0,-0.488749,-0.760740,-0.321908,-0.674924, 
0,-0.488389,-0.760024,-0.321751,-0.676517, 
0,-0.488331,-0.760156,-0.321866,-0.677103, 
0,-0.488241,-0.760978,-0.321760,-0.676846, 
0,-0.487772,-0.760839,-0.321787,-0.676981, 
0,-0.487516,-0.761683,-0.321844,-0.678871, 
0,-0.487927,-0.762776,-0.321777,-0.678279, 
0,-0.487882,-0.763458,-0.322340,-0.677036, 
0,-0.487841,-0.763378,-0.322317,-0.676375, 
0,-0.487921,-0.763158,-0.321759,-0.677301, 
0,-0.487535,-0.762046,-0.322218,-0.676245, 
0,-0.487453,-0.762655,-0.322294,-0.675810, 
0,-0.488022,-0.763105,-0.322048,-0.676475, 
0,-0.488040,-0.762609,-0.322084,-0.677026, 
0,-0.487822,-0.762791,-0.321901,-0.677349, 
0,-0.487895,-0.763681,-0.322139,-0.677284, 
0,-0.487970,-0.763695,-0.321939,-0.677130, 
0,-0.487994,-0.762909,-0.321943,-0.677619, 
0,-0.487830,-0.762719,-0.322470,-0.679237, 
0,-0.487573,-0.762417,-0.322646,-0.677955, 
0,-0.487125,-0.762378,-0.322099,-0.677619, 
0,-0.486860,-0.763173,-0.321976,-0.676653, 
0,-0.486373,-0.764148,-0.321576,-0.675711, 
0,-0.486583,-0.764819,-0.321880,-0.675859, 
0,-0.486839,-0.764826,-0.322117,-0.676327, 
0,-0.486630,-0.763763,-0.322271,-0.677737, 
0,-0.486840,-0.764399,-0.322021,-0.680154, 
0,-0.487176,-0.764899,-0.321347,-0.681323, 
0,-0.487114,-0.765625,-0.321834,-0.679650, 
0,-0.486706,-0.765723,-0.322351,-0.679491, 
0,-0.486685,-0.766575,-0.322421,-0.678934, 
0,-0.486487,-0.767399,-0.322241,-0.676967, 
0,-0.486241,-0.766224,-0.321932,-0.678153, 
0,-0.486432,-0.765216,-0.321352,-0.678881, 
0,-0.486195,-0.766294,-0.321134,-0.676402, 
0,-0.485869,-0.766663,-0.321855,-0.676968, 
0,-0.485534,-0.766707,-0.321861,-0.676088, 
0,-0.485582,-0.766526,-0.322223,-0.678086, 
0,-0.485861,-0.767330,-0.322274,-0.677928, 
0,-0.485658,-0.767158,-0.322523,-0.678568, 
0,-0.485932,-0.767579,-0.321508,-0.677777, 
0,-0.485954,-0.768278,-0.321780,-0.677461, 
0,-0.486732,-0.768478,-0.322450,-0.679198, 
0,-0.486562,-0.768098,-0.322417,-0.678255, 
0,-0.486307,-0.767997,-0.322133,-0.677020, 
0,-0.485703,-0.767464,-0.321857,-0.676908, 
0,-0.487237,-0.769627,-0.323125,-0.678328, 
0,-0.486037,-0.767568,-0.322323,-0.678738, 
0,-0.485698,-0.767176,-0.322094,-0.679477, 
0,-0.486544,-0.768758,-0.322916,-0.680896, 
0,-0.485466,-0.767379,-0.322059,-0.681568, 
0,-0.486579,-0.769543,-0.322911,-0.683529, 
0,-0.487241,-0.771017,-0.322885,-0.682772, 
0,-0.485507,-0.767644,-0.321832,-0.680164, 
0,-0.489788,-0.774169,-0.326164,-0.687409, 
0,-0.488549,-0.771392,-0.325404,-0.684734, 
0,-0.489584,-0.771561,-0.325745,-0.684456, 
0,-0.484823,-0.763100,-0.321309,-0.676824, 
0,-0.487484,-0.766938,-0.323713,-0.682243, 
0,-0.484809,-0.762946,-0.321177,-0.676227, 
0,-0.486590,-0.765753,-0.323154,-0.678772, 
0,-0.486871,-0.764744,-0.323210,-0.678825, 
0,-0.486596,-0.763852,-0.323008,-0.680676, 
0,-0.487657,-0.765663,-0.323675,-0.682234, 
0,-0.485228,-0.760837,-0.321499,-0.677333, 
0,-0.486591,-0.762645,-0.322848,-0.678901, 
0,-0.486351,-0.761973,-0.323253,-0.676913, 
0,-0.486623,-0.762717,-0.323307,-0.676344, 
0,-0.486348,-0.761843,-0.322827,-0.675046, 
0,-0.485057,-0.759876,-0.322001,-0.673623, 
0,-0.485924,-0.761679,-0.322702,-0.677142, 
0,-0.485910,-0.762919,-0.322626,-0.677430, 
0,-0.485085,-0.762298,-0.322383,-0.677347, 
0,-0.484803,-0.762263,-0.322123,-0.675955, 
0,-0.498799,-0.787234,-0.334079,-0.699959, 
0,-0.491490,-0.775520,-0.327157,-0.687559, 
0,-0.493175,-0.777906,-0.328429,-0.690651, 
0,-0.498532,-0.786549,-0.333476,-0.699037, 
0,-0.480724,-0.755883,-0.318385,-0.669094, 
0,-0.483929,-0.761972,-0.321397,-0.675531, 
0,-0.485238,-0.764467,-0.321818,-0.676891, 
0,-0.493366,-0.778337,-0.328889,-0.691042, 
4,-0.492681,-0.776035,-0.328777,-0.688906,"Analyte Added"
0,-0.633609,-1.001165,-0.450042,-0.925094, 
0,-0.561656,-0.878912,-0.386410,-0.820870, 
0,-0.484901,-0.757014,-0.321838,-0.685475, 
0,-0.489944,-0.767178,-0.328223,-0.697866, 
0,-0.463291,-0.725913,-0.303646,-0.646595, 
0,-0.353979,-0.551039,-0.209912,-0.475907, 
0,-0.353242,-0.560676,-0.212246,-0.488826, 
0,-0.510843,-0.809079,-0.345299,-0.737624, 
0,-0.430426,-0.679533,-0.276643,-0.613496, 
0,-0.478377,-0.759203,-0.318159,-0.692284, 
0,-0.487178,-0.770744,-0.325696,-0.708841, 
0,-0.486545,-0.768767,-0.324641,-0.710396, 
0,-0.487098,-0.770699,-0.325189,-0.711732, 
0,-0.487763,-0.773549,-0.326551,-0.716127, 
0,-0.487586,-0.773317,-0.326345,-0.718210, 
0,-0.486206,-0.772078,-0.325098,-0.719445, 
0,-0.487137,-0.774701,-0.325646,-0.723738, 
0,-0.486973,-0.775275,-0.325336,-0.725073, 
0,-0.486753,-0.775748,-0.325360,-0.727198, 
0,-0.481271,-0.767602,-0.320816,-0.723154, 
0,-0.488811,-0.781487,-0.327015,-0.739139, 
0,-0.481062,-0.768165,-0.320239,-0.728646, 
0,-0.482263,-0.770024,-0.321300,-0.732379, 
0,-0.485808,-0.775296,-0.324818,-0.739459, 
0,-0.486529,-0.775806,-0.325189,-0.742338, 
0,-0.486369,-0.775063,-0.325532,-0.743421, 
0,-0.486782,-0.774648,-0.326096,-0.745823, 
0,-0.483717,-0.769047,-0.323051,-0.741133, 
0,-0.486429,-0.775535,-0.325820,-0.747218, 
0,-0.486177,-0.775851,-0.325645,-0.747683, 
0,-0.485660,-0.773415,-0.325179,-0.749455, 
0,-0.487456,-0.775007,-0.326167,-0.755446, 
0,-0.485109,-0.772039,-0.324805,-0.753607, 
0,-0.485823,-0.773593,-0.325344,-0.757233, 
0,-0.485402,-0.773578,-0.325301,-0.758454, 
0,-0.485205,-0.773627,-0.325715,-0.760029, 
0,-0.485711,-0.774063,-0.325380,-0.760532, 
0,-0.485639,-0.773879,-0.325707,-0.761241, 
0,-0.485971,-0.773576,-0.325781,-0.761345, 
0,-0.485694,-0.773697,-0.325825,-0.762813, 
0,-0.485569,-0.774021,-0.325413,-0.764846, 
0,-0.485883,-0.775137,-0.325649,-0.766400, 
0,-0.485670,-0.774643,-0.326146,-0.765499, 
0,-0.485895,-0.774997,-0.326187,-0.767884, 
0,-0.485724,-0.775194,-0.325952,-0.768381, 
0,-0.485482,-0.774931,-0.326233,-0.769742, 
0,-0.485054,-0.774806,-0.325869,-0.769487, 
0,-0.485325,-0.775650,-0.326108,-0.770677, 
0,-0.485470,-0.776007,-0.326377,-0.773490, 
0,-0.485498,-0.776205,-0.326481,-0.775446, 
0,-0.485798,-0.776150,-0.326786,-0.775229, 
0,-0.485433,-0.775653,-0.326531,-0.775789, 
0,-0.485559,-0.776726,-0.326235,-0.777154, 
0,-0.485428,-0.777869,-0.326853,-0.777535, 
0,-0.485075,-0.778281,-0.326150,-0.777696, 
0,-0.484334,-0.777581,-0.326443,-0.776577, 
0,-0.485269,-0.778610,-0.326600,-0.777861, 
0,-0.486273,-0.779958,-0.327281,-0.780182, 
0,-0.485676,-0.779615,-0.327253,-0.779314, 
0,-0.485478,-0.778626,-0.326977,-0.779092, 
0,-0.485908,-0.779516,-0.327522,-0.783198, 
0,-0.485177,-0.778264,-0.326335,-0.783894, 
0,-0.485342,-0.778643,-0.326986,-0.784838, 
0,-0.486052,-0.780451,-0.327692,-0.788600, 
0,-0.486188,-0.780823,-0.328256,-0.787865, 
0,-0.483876,-0.777810,-0.325975,-0.784485, 
0,-0.485163,-0.780767,-0.327122,-0.786882, 
0,-0.485429,-0.782030,-0.327365,-0.788555, 
0,-0.485006,-0.781287,-0.327561,-0.788985, 
0,-0.485151,-0.781065,-0.327644,-0.788695, 
0,-0.485246,-0.781210,-0.327648,-0.789650, 
0,-0.484958,-0.779972,-0.327557,-0.789079, 
0,-0.484923,-0.781096,-0.327647,-0.789147, 
0,-0.484816,-0.781623,-0.327710,-0.787591, 
0,-0.484666,-0.780839,-0.327388,-0.787598, 
0,-0.485033,-0.782477,-0.327918,-0.787888, 
0,-0.484585,-0.782507,-0.327679,-0.789075, 
0,-0.485045,-0.783483,-0.327912,-0.789571, 
0,-0.485146,-0.783537,-0.328170,-0.791998, 
0,-0.484880,-0.783456,-0.327450,-0.791148, 
0,-0.484930,-0.784787,-0.327567,-0.791536, 
0,-0.484762,-0.785448,-0.328184,-0.792589, 
0,-0.485020,-0.784939,-0.327959,-0.793469, 
0,-0.485076,-0.784786,-0.328389,-0.794861, 
0,-0.484957,-0.784935,-0.328274,-0.795880, 
0,-0.485234,-0.786589,-0.328411,-0.795816, 
0,-0.484835,-0.788269,-0.328809,-0.795065, 
0,-0.485132,-0.789177,-0.328418,-0.796467, 
0,-0.484396,-0.789294,-0.328717,-0.799649, 
0,-0.484895,-0.789909,-0.328375,-0.799904, 
0,-0.484844,-0.790772,-0.328929,-0.799331, 
0,-0.484935,-0.791464,-0.329336,-0.799633, 
0,-0.484718,-0.791449,-0.329087,-0.798131, 
0,-0.484577,-0.791779,-0.329077,-0.798528, 
0,-0.484990,-0.791561,-0.328741,-0.799293, 
0,-0.484875,-0.789874,-0.328724,-0.801617, 
0,-0.484403,-0.788090,-0.328742,-0.802765, 
0,-0.484787,-0.788458,-0.329069,-0.799822, 
0,-0.484505,-0.788157,-0.328787,-0.800699, 
0,-0.484933,-0.789749,-0.329070,-0.800010, 
0,-0.484651,-0.790369,-0.329163,-0.798202, 
0,-0.484834,-0.791077,-0.329072,-0.798455, 
0,-0.484768,-0.791919,-0.329283,-0.797989, 
0,-0.484829,-0.791097,-0.329549,-0.799838, 
0,-0.485064,-0.791429,-0.329209,-0.800454, 
0,-0.485309,-0.791680,-0.329185,-0.802219, 
0,-0.484808,-0.790468,-0.328659,-0.803708, 
0,-0.485471,-0.791994,-0.329247,-0.805101, 
0,-0.485093,-0.791731,-0.328999,-0.806012, 
0,-0.485325,-0.791971,-0.328958,-0.805673, 
0,-0.485510,-0.792338,-0.329073,-0.805815, 
0,-0.484903,-0.789980,-0.329288,-0.806163, 
0,-0.485249,-0.789641,-0.329543,-0.805925, 
0,-0.484785,-0.789255,-0.329360,-0.805155, 
0,-0.484892,-0.789840,-0.329213,-0.805465, 
0,-0.484976,-0.789969,-0.328532,-0.804513, 
0,-0.484713,-0.789832,-0.329202,-0.805913, 
0,-0.484443,-0.791213,-0.329076,-0.805776, 
0,-0.484626,-0.792909,-0.329626,-0.809793, 
0,-0.484302,-0.791961,-0.329238,-0.807709, 
0,-0.483787,-0.791356,-0.328680,-0.807163, 
0,-0.483341,-0.791465,-0.328831,-0.808808, 
0,-0.486059,-0.795514,-0.330742,-0.812687, 
0,-0.489114,-0.800089,-0.333095,-0.815789, 
0,-0.484670,-0.792055,-0.329528,-0.809115, 
0,-0.483783,-0.791103,-0.328819,-0.811063, 
0,-0.484581,-0.792664,-0.329685,-0.809925, 
0,-0.484033,-0.792090,-0.329061,-0.810598, 
0,-0.485350,-0.794434,-0.330433,-0.812960, 
0,-0.483688,-0.791214,-0.329501,-0.809850, 
0,-0.484294,-0.791967,-0.329720,-0.807469, 
0,-0.484299,-0.792624,-0.330159,-0.807909, 
0,-0.484613,-0.792488,-0.330472,-0.808028, 
0,-0.484501,-0.791802,-0.330564,-0.808495, 
0,-0.484847,-0.790950,-0.330442,-0.810115, 
0,-0.484965,-0.791362,-0.330649,-0.810811, 
0,-0.484606,-0.790884,-0.330401,-0.811944, 
0,-0.484573,-0.789727,-0.329690,-0.815182, 
0,-0.484518,-0.790534,-0.329846,-0.816782, 
0,-0.485199,-0.794422,-0.330755,-0.818230, 
0,-0.485107,-0.795097,-0.330623,-0.817353, 
0,-0.485166,-0.794938,-0.329944,-0.817292, 
0,-0.490550,-0.803898,-0.335671,-0.824277, 
0,-0.490706,-0.804565,-0.336307,-0.824560, 
0,-0.480128,-0.787315,-0.327208,-0.805500, 
0,-0.481393,-0.789798,-0.328471,-0.805173, 
0,-0.487329,-0.798356,-0.333000,-0.814068, 
0,-0.485159,-0.794952,-0.331599,-0.811226, 
0,-0.483628,-0.791867,-0.330031,-0.809810, 
0,-0.483201,-0.790563,-0.329804,-0.810285, 
0,-0.483533,-0.790520,-0.330107,-0.811591, 
0,-0.484705,-0.792068,-0.331555,-0.812603, 
0,-0.484270,-0.790850,-0.331021,-0.811516, 
0,-0.484587,-0.791575,-0.330762,-0.814020, 
0,-0.484872,-0.791393,-0.330933,-0.814975, 
0,-0.485053,-0.790698,-0.330967,-0.813579, 
0,-0.484305,-0.789503,-0.330595,-0.809170, 
0,-0.483666,-0.789209,-0.330942,-0.808291, 
0,-0.484374,-0.790717,-0.331223,-0.809730, 
0,-0.483730,-0.789753,-0.331102,-0.808808, 
0,-0.484665,-0.790539,-0.331264,-0.811536, 
0,-0.484446,-0.789822,-0.330984,-0.814075, 
0,-0.484337,-0.789555,-0.331368,-0.814493, 
0,-0.483723,-0.789940,-0.331481,-0.813334, 
0,-0.484125,-0.790984,-0.331155,-0.814606, 
0,-0.484264,-0.792808,-0.331418,-0.814900, 
0,-0.484210,-0.792698,-0.331821,-0.814960, 
0,-0.484106,-0.793396,-0.331730,-0.813822, 
0,-0.484219,-0.794145,-0.331288,-0.811637, 
0,-0.483827,-0.793970,-0.331497,-0.810793, 
0,-0.481570,-0.790785,-0.329947,-0.805371, 
0,-0.480595,-0.789475,-0.328854,-0.802918, 
0,-0.483153,-0.793756,-0.331324,-0.811857, 
0,-0.483844,-0.795199,-0.331677,-0.814697, 
0,-0.491905,-0.808978,-0.339048,-0.827022, 
0,-0.496032,-0.814966,-0.342192,-0.832646, 
0,-0.481640,-0.790852,-0.328429,-0.808835, 
0,-0.489047,-0.802489,-0.335528,-0.820887, 
0,-0.483687,-0.793039,-0.331473,-0.813339, 
0,-0.481994,-0.789866,-0.329871,-0.810483, 
0,-0.483555,-0.793497,-0.331616,-0.811914, 
0,-0.483717,-0.794191,-0.331139,-0.814388, 
0,-0.483420,-0.793632,-0.331495,-0.814876, 
0,-0.483289,-0.793849,-0.331206,-0.812784, 
0,-0.483385,-0.794013,-0.331490,-0.813512, 
0,-0.483838,-0.795524,-0.331479,-0.813392, 
0,-0.483926,-0.795850,-0.331822,-0.813814, 
0,-0.484104,-0.796290,-0.332057,-0.812982, 
0,-0.483664,-0.795464,-0.331383,-0.811309, 
0,-0.484652,-0.796288,-0.332169,-0.813405, 
5,-0.488004,-0.802298,-0.335718,-0.818940,"Analyte Added"
0,-0.493334,-0.810912,-0.340717,-0.828177, 
0,-0.583161,-0.954608,-0.418045,-0.974759, 
0,-0.521634,-0.842819,-0.365992,-0.871563, 
0,-0.494471,-0.811202,-0.488439,-0.907546, 
0,-0.483901,-0.801929,-1.842281,-2.155896, 
0,-0.478204,-0.665231,-1.267096,-1.607767, 
0,-0.534371,-0.771304,-1.219236,-1.566076, 
0,-0.585820,-0.851492,-1.073108,-1.515209, 
0,-0.622167,-0.851570,-0.967430,-1.408247, 
0,-0.582598,-0.770819,-0.902412,-1.307737, 
0,-0.652391,-0.857192,-0.980599,-1.484155, 
0,-0.679556,-0.879727,-0.955693,-1.479540, 
0,-0.683305,-0.865365,-0.983534,-1.462739, 
0,-0.708397,-0.881302,-0.985171,-1.483161, 
0,-0.721425,-0.880532,-0.978452,-1.481226, 
0,-0.746684,-0.891390,-0.978709,-1.489863, 
0,-0.763497,-0.895406,-0.986392,-1.493905, 
0,-0.778963,-0.900963,-1.001840,-1.509472, 
0,-0.794903,-0.905835,-1.011047,-1.524348, 
0,-0.806260,-0.909708,-1.022178,-1.539211, 
0,-0.819770,-0.913958,-1.032306,-1.552087, 
0,-0.829937,-0.916377,-1.043968,-1.567739, 
0,-0.841389,-0.919874,-1.052389,-1.578696, 
0,-0.850608,-0.923592,-1.061461,-1.591141, 
0,-0.859078,-0.927601,-1.068047,-1.600111, 
0,-0.867720,-0.931945,-1.071850,-1.606103, 
0,-0.876267,-0.934774,-1.078166,-1.616110, 
0,-0.883838,-0.937199,-1.086796,-1.627233, 
0,-0.890312,-0.940108,-1.093732,-1.637183, 
0,-0.897693,-0.941481,-1.099001,-1.644498, 
0,-0.904509,-0.943155,-1.104345,-1.652519, 
0,-0.910134,-0.944144,-1.110639,-1.657703, 
0,-0.915331,-0.946547,-1.115622,-1.663949, 
0,-0.918732,-0.949595,-1.123148,-1.671105, 
0,-0.923209,-0.951844,-1.126667,-1.676499, 
0,-0.928262,-0.953288,-1.130090,-1.680518, 
0,-0.932267,-0.955226,-1.131463,-1.683263, 
0,-0.936617,-0.957173,-1.135677,-1.688714, 
0,-0.940264,-0.958948,-1.139872,-1.693337, 
0,-0.942842,-0.959791,-1.142802,-1.695804, 
0,-0.942338,-0.954084,-1.142005,-1.691766, 
0,-0.952050,-0.966328,-1.149889,-1.705898, 
0,-0.951809,-0.964980,-1.148106,-1.703168, 
0,-0.951743,-0.961379,-1.147219,-1.699053, 
0,-0.960328,-0.974078,-1.154216,-1.712392, 
0,-0.959897,-0.971846,-1.154045,-1.710742, 
0,-0.961823,-0.970450,-1.155709,-1.713245, 
0,-0.964587,-0.971709,-1.158978,-1.716122, 
0,-0.970265,-0.977611,-1.163031,-1.724814, 
0,-0.969455,-0.973176,-1.161236,-1.722027, 
0,-0.973118,-0.976671,-1.165844,-1.727339, 
0,-0.963152,-0.959299,-1.157985,-1.710952, 
0,-0.975287,-0.978266,-1.169235,-1.728770, 
0,-0.959476,-0.950639,-1.153900,-1.699809, 
0,-0.979603,-0.983667,-1.169841,-1.733188, 
0,-0.995488,-1.005585,-1.181925,-1.756225, 
0,-0.958182,-0.944959,-1.149150,-1.695717, 
0,-1.002192,-1.014351,-1.185780,-1.765627, 
0,-0.995610,-1.002226,-1.179227,-1.753081, 
0,-0.986446,-0.987098,-1.171739,-1.737515, 
0,-0.987324,-0.987541,-1.173409,-1.738696, 
0,-0.988659,-0.986649,-1.173337,-1.738335, 
0,-0.990640,-0.986055,-1.175222,-1.741395, 
0,-0.992380,-0.986581,-1.177037,-1.744294, 
0,-0.993435,-0.986617,-1.178262,-1.744900, 
0,-0.994381,-0.987280,-1.178152,-1.745190, 
0,-0.995670,-0.988113,-1.177792,-1.746398, 
0,-0.996648,-0.989057,-1.179824,-1.748107, 
0,-0.998685,-0.990044,-1.179795,-1.748854, 
0,-0.998933,-0.991411,-1.180605,-1.750274, 
0,-0.999249,-0.993575,-1.180763,-1.749842, 
0,-1.000386,-0.993955,-1.180224,-1.749181, 
0,-1.001577,-0.995124,-1.180342,-1.748944, 
0,-1.001183,-0.995518,-1.181426,-1.750594, 
0,-1.001827,-0.997248,-1.183603,-1.752281, 
0,-1.003208,-0.996763,-1.183448,-1.752147, 
0,-1.005226,-0.996252,-1.183563,-1.753801, 
0,-1.006055,-0.995640,-1.185267,-1.755856, 
0,-1.007748,-0.995522,-1.185558,-1.756439, 
0,-1.007416,-0.995576,-1.185086,-1.755987, 
0,-1.007332,-0.994694,-1.184446,-1.755536, 
0,-1.006948,-0.994789,-1.185016,-1.756060, 
0,-1.007412,-0.995672,-1.185997,-1.757051, 
0,-1.009063,-0.996236,-1.186320,-1.757975, 
0,-1.009965,-0.996336,-1.186618,-1.758547, 
0,-1.009998,-0.997944,-1.185543,-1.757817, 
0,-1.011317,-0.998248,-1.186047,-1.758089, 
0,-1.011252,-0.999602,-1.185906,-1.757453, 
0,-1.010936,-1.002078,-1.186573,-1.757362, 
0,-1.011013,-1.003881,-1.187431,-1.758580, 
0,-1.012065,-1.004354,-1.187074,-1.758829, 
0,-1.012800,-1.005106,-1.186839,-1.758073, 
0,-1.013854,-1.006103,-1.187217,-1.758475, 
0,-1.014857,-1.006821,-1.187503,-1.759830, 
0,-1.015509,-1.005889,-1.187945,-1.761649, 
0,-1.015453,-1.006197,-1.188452,-1.762679, 
0,-1.016151,-1.006303,-1.187636,-1.762029, 
0,-1.017221,-1.005851,-1.187075,-1.761604, 
0,-1.018541,-1.005211,-1.187404,-1.762726, 
0,-1.019562,-1.005399,-1.188987,-1.762728, 
0,-1.019654,-1.005935,-1.187802,-1.761737, 
0,-1.018562,-1.006827,-1.187906,-1.762119, 
0,-1.017416,-1.007337,-1.188284,-1.761783, 
0,-1.017697,-1.008728,-1.187704,-1.761103, 
0,-1.019252,-1.009087,-1.188164,-1.762294, 
0,-1.020840,-1.008725,-1.189180,-1.763545, 
0,-1.020689,-1.008899,-1.189202,-1.761975, 
0,-1.021357,-1.009977,-1.190315,-1.762800, 
0,-1.022310,-1.009780,-1.190289,-1.764140, 
0,-1.023022,-1.010036,-1.189886,-1.764721, 
0,-1.023258,-1.010131,-1.190316,-1.765307, 
0,-1.023734,-1.010361,-1.189903,-1.764527, 
0,-1.023769,-1.010305,-1.190504,-1.765051, 
0,-1.023366,-1.010665,-1.191597,-1.765553, 
0,-1.024159,-1.010538,-1.190045,-1.764214, 
0,-1.024751,-1.010288,-1.188704,-1.764404, 
0,-1.024489,-1.011591,-1.190035,-1.765506, 
0,-1.024174,-1.013883,-1.190345,-1.764775, 
0,-1.024329,-1.015493,-1.189739,-1.764555, 
0,-1.024610,-1.016038,-1.190134,-1.764482, 
0,-1.025445,-1.016435,-1.190157,-1.765284, 
0,-1.025875,-1.016018,-1.189172,-1.764786, 
0,-1.026169,-1.015760,-1.189274,-1.765979, 
0,-1.026752,-1.016073,-1.189978,-1.767115, 
0,-1.027037,-1.015925,-1.189729,-1.765087, 
0,-1.026646,-1.017482,-1.189861,-1.765441, 
0,-1.026434,-1.017646,-1.190970,-1.767046, 
0,-1.026393,-1.017676,-1.191659,-1.766864, 
0,-1.027190,-1.017398,-1.190970,-1.766306, 
0,-1.028072,-1.018079,-1.191600,-1.766689, 
0,-1.028626,-1.018346,-1.192728,-1.768043, 
0,-1.029881,-1.018292,-1.192852,-1.768603, 
0,-1.029989,-1.017896,-1.192813,-1.769293, 
0,-1.030612,-1.017638,-1.191715,-1.767955, 
0,-1.030449,-1.017003,-1.191294,-1.767880, 
0,-1.031381,-1.017308,-1.190201,-1.768569, 
0,-1.031705,-1.017066,-1.190379,-1.768208, 
0,-1.031230,-1.016821,-1.189970,-1.768367, 
0,-1.030079,-1.017582,-1.190736,-1.767750, 
0,-1.030127,-1.017785,-1.189651,-1.766424, 
0,-1.029294,-1.017544,-1.188443,-1.766152, 
0,-1.029519,-1.018513,-1.189105,-1.766111, 
0,-1.030172,-1.017465,-1.189719,-1.767446, 
0,-1.030471,-1.015976,-1.190291,-1.767744, 
0,-1.030349,-1.015350,-1.190990,-1.767430, 
0,-1.023771,-1.003016,-1.185184,-1.755998, 
0,-1.004737,-0.971182,-1.168112,-1.722916, 
0,-0.998879,-0.965519,-1.162736,-1.716554, 
0,-0.964975,-0.922321,-1.135610,-1.669624, 
0,-0.982191,-0.940779,-1.148340,-1.688202, 
0,-1.032658,-1.020146,-1.192179,-1.767656, 
0,-1.128750,-1.180685,-1.275607,-1.929657, 
0,-1.055036,-1.057635,-1.211648,-1.807436, 
0,-1.035494,-1.024715,-1.194729,-1.774060, 
0,-1.031518,-1.016772,-1.189173,-1.765882, 
0,-1.030972,-1.015747,-1.189039,-1.765187, 
0,-1.033270,-1.019060,-1.190575,-1.768490, 
0,-1.033302,-1.018874,-1.191480,-1.768904, 
0,-1.034074,-1.018958,-1.190600,-1.769281, 
0,-1.035117,-1.019430,-1.189967,-1.769374, 
0,-1.032962,-1.015774,-1.187728,-1.764571, 
6,-0.984045,-0.926464,-1.143351,-1.674824,"Test Substance Added"
0,-0.989987,-0.932070,-1.147795,-1.679528, 
0,0.704529,0.859504,0.438758,0.165149, 
0,-0.883471,-0.823968,-1.060519,-1.529322, 
7,-0.411872,-0.282362,-0.645285,-0.996452,"END OF CALIBRATION"
