-1.000000,-0.004269,-0.015846,0.000059,-0.004714
-1.000000,-0.004269,-0.015846,0.000059,-0.004714
-1.000000,0.000000,0.000000,0.000000,0.000000
-1.000000,0.000000,0.000000,0.000000,0.000000
-1.000000,0.000000,0.000000,0.000000,0.000000
-1.000000,0.000000,0.000000,0.000000,0.000000
-1.000000,0.000000,0.000000,0.000000,0.000000
0,-0.782129,-0.509772,-0.000684,-0.223939, 
0,-0.784264,-0.512767,-0.002328,-0.227268, 
0,-0.783327,-0.510597,-0.001982,-0.226112, 
0,-0.782768,-0.510504,-0.000777,-0.223901, 
0,-0.793870,-0.529654,-0.012088,-0.241603, 
0,-0.774187,-0.499459,0.005889,-0.211802, 
0,-0.763563,-0.481843,0.016501,-0.193434, 
0,-0.753268,-0.464638,0.029962,-0.175418, 
0,-0.829723,-0.591343,-0.048129,-0.302475, 
0,-0.776470,-0.504922,0.004434,-0.215253, 
1,-0.785152,-0.518358,-0.001617,-0.225098,"Baseline"
0,-0.786830,-0.521547,-0.000259,-0.222227, 
0,-0.785636,-0.520880,0.000262,-0.219792, 
0,-0.777849,-0.513321,0.007196,-0.210145, 
0,-0.791279,-0.535420,-0.005998,-0.231185, 
0,-0.787726,-0.532523,-0.003147,-0.224923, 
0,-0.806932,-0.559912,-0.017086,-0.248489, 
0,-0.805865,-0.557737,-0.012939,-0.243699, 
0,-0.750642,-0.466342,0.042940,-0.153858, 
0,-0.789324,-0.526909,0.005647,-0.217594, 
0,-0.811521,-0.563582,-0.017019,-0.252887, 
0,-0.780273,-0.512392,0.013972,-0.200592, 
0,-0.798993,-0.541620,-0.001965,-0.226511, 
0,-0.799452,-0.537765,0.001058,-0.220527, 
0,-0.805953,-0.546063,-0.003706,-0.228669, 
0,-0.808798,-0.548163,-0.005346,-0.231785, 
0,-0.804032,-0.538060,0.001006,-0.221616, 
0,-0.821474,-0.561785,-0.011892,-0.243294, 
0,-0.808514,-0.536687,0.003858,-0.217484, 
0,-0.818478,-0.547676,-0.001028,-0.225268, 
0,-0.823443,-0.550520,-0.001273,-0.226169, 
0,-0.828362,-0.554097,-0.001279,-0.226187, 
0,-0.831853,-0.555361,-0.001113,-0.226387, 
0,-0.835904,-0.558248,-0.001105,-0.226494, 
0,-0.839617,-0.561418,-0.001191,-0.226712, 
0,-0.842957,-0.563823,-0.001204,-0.226520, 
0,-0.851030,-0.571898,-0.001273,-0.226886, 
0,-0.852850,-0.573644,-0.001362,-0.226976, 
0,-0.855020,-0.576079,-0.001146,-0.226693, 
0,-0.857497,-0.579015,-0.001164,-0.226641, 
0,-0.859286,-0.580042,-0.001106,-0.225879, 
0,-0.862695,-0.582282,-0.001079,-0.225960, 
0,-0.865249,-0.584405,-0.001333,-0.225938, 
0,-0.866353,-0.584442,-0.000618,-0.223582, 
0,-0.870450,-0.589808,-0.003139,-0.228119, 
0,-0.867446,-0.583070,0.001307,-0.220083, 
0,-0.867568,-0.581872,0.002655,-0.217658, 
0,-0.882136,-0.603224,-0.009393,-0.236987, 
0,-0.860891,-0.566391,0.014550,-0.198257, 
0,-0.911842,-0.648357,-0.035181,-0.277874, 
0,-0.867329,-0.572839,0.011090,-0.202262, 
0,-0.872415,-0.579683,0.007619,-0.208713, 
0,-0.880111,-0.592523,-0.000301,-0.221011, 
0,-0.883005,-0.595092,-0.000909,-0.222453, 
0,-0.883865,-0.596098,-0.001610,-0.223608, 
0,-0.884519,-0.596462,-0.001370,-0.222920, 
0,-0.886131,-0.597127,-0.001040,-0.221823, 
0,-0.885009,-0.595383,-0.001027,-0.221694, 
0,-0.886548,-0.597000,-0.000688,-0.221676, 
0,-0.887544,-0.597350,-0.000782,-0.221997, 
0,-0.889421,-0.598941,-0.001041,-0.221818, 
0,-0.885914,-0.593515,0.002528,-0.215352, 
0,-0.890041,-0.600855,-0.001145,-0.221142, 
0,-0.890992,-0.603101,-0.002173,-0.222684, 
0,-0.892827,-0.606726,-0.003102,-0.224017, 
0,-0.890303,-0.603421,-0.002018,-0.222097, 
0,-0.890628,-0.602496,-0.001001,-0.221171, 
0,-0.890072,-0.601597,-0.000316,-0.220716, 
0,-0.892126,-0.604837,-0.003497,-0.225975, 
0,-0.886912,-0.596793,0.000408,-0.219374, 
0,-0.894182,-0.604483,-0.002318,-0.224633, 
0,-0.893773,-0.602617,-0.001518,-0.223725, 
0,-0.891754,-0.599894,-0.000544,-0.221536, 
0,-0.893940,-0.602144,-0.001777,-0.223666, 
0,-0.893554,-0.600547,-0.000799,-0.222574, 
0,-0.892179,-0.597757,0.000422,-0.220426, 
0,-0.894155,-0.600219,-0.001071,-0.222703, 
0,-0.892992,-0.597112,0.000381,-0.220268, 
0,-0.891618,-0.593678,0.001771,-0.218404, 
0,-0.893213,-0.596828,-0.001324,-0.223544, 
0,-0.892703,-0.595644,-0.000971,-0.223078, 
0,-0.893630,-0.595916,-0.000956,-0.223341, 
0,-0.892395,-0.593534,-0.000098,-0.222508, 
0,-0.892354,-0.593290,-0.000815,-0.223721, 
0,-0.882653,-0.578633,0.008031,-0.210661, 
0,-0.894967,-0.598334,-0.004283,-0.230806, 
0,-0.901305,-0.608612,-0.009265,-0.239185, 
0,-0.893016,-0.596254,-0.001689,-0.226747, 
0,-0.889694,-0.590035,0.002814,-0.219342, 
0,-0.894587,-0.596865,-0.000724,-0.224754, 
0,-0.893590,-0.595613,-0.001588,-0.225481, 
0,-0.896288,-0.600448,-0.003742,-0.227888, 
0,-0.898021,-0.603387,-0.004987,-0.229864, 
0,-0.892989,-0.592862,0.002513,-0.218109, 
0,-0.889278,-0.586670,0.005902,-0.212136, 
0,-0.902459,-0.606782,-0.006428,-0.231427, 
0,-0.898979,-0.600220,-0.002362,-0.224237, 
0,-0.898948,-0.598493,-0.001285,-0.222264, 
0,-0.898886,-0.597951,-0.001402,-0.221754, 
0,-0.892720,-0.589025,0.003959,-0.213526, 
0,-0.897204,-0.595972,-0.001017,-0.220710, 
0,-0.896583,-0.594674,-0.000635,-0.220202, 
0,-0.898130,-0.595189,-0.000816,-0.220415, 
0,-0.901253,-0.599508,-0.003571,-0.224457, 
0,-0.909323,-0.613151,-0.011998,-0.237742, 
0,-0.897633,-0.594208,0.000102,-0.218534, 
0,-0.896069,-0.592399,0.000432,-0.216859, 
0,-0.898018,-0.593940,0.000282,-0.216774, 
0,-0.898530,-0.594524,0.000147,-0.216400, 
0,-0.900385,-0.597759,-0.002497,-0.220193, 
0,-0.898453,-0.594558,-0.001097,-0.217656, 
0,-0.899229,-0.595861,-0.002706,-0.220045, 
0,-0.899961,-0.598374,-0.005131,-0.223586, 
0,-0.884560,-0.573415,0.010392,-0.198105, 
0,-0.899098,-0.596413,-0.003146,-0.220588, 
0,-0.898745,-0.594512,-0.001759,-0.218803, 
0,-0.897030,-0.592132,-0.000919,-0.216838, 
0,-0.896927,-0.591989,-0.001359,-0.217432, 
0,-0.896336,-0.590618,-0.000139,-0.215817, 
0,-0.892662,-0.584699,0.003974,-0.208913, 
0,-0.895719,-0.590933,-0.000871,-0.215996, 
0,-0.899941,-0.597717,-0.003582,-0.220328, 
0,-0.897922,-0.595080,-0.001443,-0.217223, 
0,-0.896714,-0.592644,-0.000507,-0.215102, 
0,-0.898988,-0.594827,-0.000804,-0.215434, 
0,-0.899123,-0.596317,-0.001849,-0.216191, 
0,-0.903151,-0.602537,-0.004598,-0.220886, 
0,-0.896965,-0.592902,0.000271,-0.212603, 
0,-0.897244,-0.593632,0.001001,-0.211351, 
0,-0.898734,-0.595794,-0.000993,-0.214047, 
0,-0.898997,-0.595289,-0.000864,-0.213333, 
0,-0.900078,-0.596209,-0.000814,-0.213221, 
0,-0.900778,-0.597052,-0.001118,-0.213399, 
0,-0.900404,-0.596798,-0.000415,-0.211897, 
0,-0.902461,-0.598772,-0.001133,-0.212578, 
0,-0.903056,-0.599584,-0.001426,-0.212508, 
0,-0.902547,-0.599146,-0.001339,-0.211824, 
0,-0.902788,-0.599371,-0.000973,-0.211617, 
0,-0.902671,-0.599645,-0.001441,-0.212502, 
0,-0.902356,-0.598309,-0.001094,-0.211982, 
0,-0.902275,-0.598433,-0.001001,-0.211761, 
0,-0.900601,-0.595001,0.001190,-0.208488, 
0,-0.902661,-0.597542,-0.000318,-0.210978, 
0,-0.903927,-0.599037,-0.001871,-0.213780, 
0,-0.899873,-0.592076,0.001313,-0.209115, 
0,-0.900701,-0.591993,0.001349,-0.209229, 
0,-0.904431,-0.596869,-0.001684,-0.215575, 
0,-0.907098,-0.601569,-0.005034,-0.221675, 
0,-0.909888,-0.605502,-0.008134,-0.226851, 
0,-0.907348,-0.600221,-0.004799,-0.222523, 
0,-0.897776,-0.585726,0.003461,-0.208397, 
0,-0.918165,-0.618786,-0.016862,-0.241737, 
0,-0.900185,-0.589398,0.000584,-0.213581, 
0,-0.901591,-0.590464,0.000015,-0.214929, 
0,-0.901971,-0.591897,-0.001876,-0.217976, 
0,-0.900817,-0.589849,-0.001213,-0.215997, 
0,-0.892123,-0.576174,0.006733,-0.202531, 
0,-0.891988,-0.574962,0.007794,-0.200436, 
0,-0.900786,-0.588535,-0.001469,-0.214379, 
0,-0.921639,-0.622199,-0.022474,-0.248395, 
0,-0.889781,-0.571760,0.007802,-0.199709, 
0,-0.898633,-0.586316,-0.000929,-0.212797, 
0,-0.919883,-0.620419,-0.021305,-0.246405, 
0,-0.900673,-0.590591,-0.003056,-0.216888, 
0,-0.915736,-0.616119,-0.019262,-0.242894, 
0,-0.918480,-0.619931,-0.021121,-0.246454, 
0,-0.946849,-0.666482,-0.048102,-0.301060, 
0,-0.814873,-0.451689,0.079902,-0.086255, 
0,-0.875037,-0.545827,0.021901,-0.174440, 
0,-0.888246,-0.568278,0.008410,-0.196341, 
0,-0.898997,-0.586057,-0.002983,-0.215139, 
0,-0.889528,-0.569082,0.008089,-0.197580, 
0,-0.890643,-0.570645,0.007060,-0.199360, 
0,-0.899855,-0.584849,-0.001494,-0.213407, 
0,-0.907233,-0.597038,-0.009514,-0.227924, 
0,-0.898561,-0.583290,-0.001399,-0.214634, 
0,-0.901178,-0.587912,-0.005089,-0.220619, 
0,-0.894575,-0.575149,0.002677,-0.208379, 
0,-0.897475,-0.580344,-0.001268,-0.215370, 
0,-0.895708,-0.578613,-0.001496,-0.215398, 
0,-0.894943,-0.576931,-0.000656,-0.214857, 
0,-0.894958,-0.576394,-0.000638,-0.215492, 
0,-0.892215,-0.572248,0.001573,-0.212159, 
0,-0.892487,-0.572567,0.000732,-0.213216, 
0,-0.895330,-0.576928,-0.002054,-0.217759, 
0,-0.895679,-0.577726,-0.001730,-0.217407, 
0,-0.897463,-0.582364,-0.002661,-0.219193, 
0,-0.896664,-0.582421,-0.001747,-0.217937, 
0,-0.894575,-0.581747,-0.000897,-0.216775, 
0,-0.896684,-0.585573,-0.001008,-0.216800, 
0,-0.895101,-0.584712,-0.000576,-0.215958, 
0,-0.896986,-0.586684,-0.000739,-0.216130, 
0,-0.898834,-0.589896,-0.002883,-0.219686, 
0,-0.899677,-0.591388,-0.004460,-0.222515, 
0,-0.895527,-0.583584,0.000637,-0.214420, 
0,-0.897431,-0.586634,-0.000719,-0.216085, 
0,-0.900089,-0.590989,-0.002570,-0.219529, 
0,-0.895416,-0.585196,-0.000333,-0.215558, 
0,-0.894291,-0.583237,0.000630,-0.213864, 
0,-0.890655,-0.576413,0.004445,-0.207075, 
0,-0.907127,-0.602860,-0.011420,-0.233519, 
0,-0.902562,-0.596222,-0.007439,-0.227861, 
0,-0.955906,-0.683178,-0.058080,-0.311770, 
0,-0.876211,-0.550919,0.021228,-0.181911, 
0,-0.890671,-0.571359,0.007603,-0.202839, 
0,-0.899831,-0.584152,-0.000458,-0.215809, 
0,-0.902732,-0.585609,-0.001573,-0.217436, 
0,-0.902278,-0.583639,-0.000633,-0.215766, 
0,-0.906702,-0.586205,-0.001116,-0.217675, 
0,-0.907000,-0.585272,-0.000677,-0.216802, 
0,-0.906164,-0.583756,-0.000986,-0.216877, 
0,-0.905883,-0.582500,-0.000264,-0.215727, 
2,-0.910442,-0.588791,-0.004492,-0.222843,"Interferent"
0,-0.942514,-0.638822,-0.035142,-0.271518, 
0,-0.998372,-0.724251,-0.088064,-0.360768, 
0,-0.925816,-0.607060,-0.016408,-0.248475, 
0,-0.907437,-0.577331,0.006505,-0.211418, 
0,-0.964545,-0.669947,-0.046955,-0.308162, 
0,-0.860627,-0.519890,0.049810,-0.158414, 
0,-0.754041,-0.347440,0.153404,0.031228, 
0,-0.900237,-0.593359,0.007788,-0.198583, 
0,-0.922407,-0.634269,-0.010073,-0.227440, 
0,-0.911221,-0.620664,0.004193,-0.205532, 
0,-0.907403,-0.618324,0.008220,-0.199965, 
0,-0.919491,-0.639562,-0.002561,-0.218815, 
0,-0.921246,-0.643315,-0.003617,-0.222257, 
0,-0.921363,-0.644160,-0.003053,-0.222849, 
0,-0.920440,-0.644587,-0.002681,-0.223473, 
0,-0.920772,-0.645474,-0.002003,-0.222520, 
0,-0.920958,-0.646935,-0.000811,-0.221098, 
0,-0.922881,-0.652579,-0.001671,-0.223281, 
0,-0.923269,-0.656242,-0.001461,-0.222905, 
0,-0.924047,-0.659336,-0.001570,-0.223756, 
0,-0.926208,-0.662827,-0.001467,-0.224040, 
0,-0.925446,-0.663829,-0.001506,-0.224575, 
0,-0.922531,-0.662540,-0.001007,-0.224078, 
0,-0.923597,-0.664642,-0.000779,-0.225085, 
0,-0.923475,-0.666156,-0.000830,-0.226980, 
0,-0.923312,-0.666331,-0.000812,-0.228208, 
0,-0.922819,-0.666383,-0.001086,-0.229220, 
0,-0.923648,-0.668907,-0.001671,-0.230856, 
0,-0.921573,-0.667110,-0.000778,-0.230144, 
0,-0.920764,-0.666144,-0.000519,-0.230229, 
0,-0.919174,-0.665089,-0.000784,-0.230366, 
0,-0.920855,-0.668060,-0.002322,-0.233575, 
0,-0.921825,-0.669276,-0.002681,-0.235407, 
0,-0.919867,-0.665472,0.001157,-0.230936, 
0,-0.928495,-0.678970,-0.006700,-0.243889, 
0,-0.920413,-0.668636,-0.001756,-0.236648, 
0,-0.920040,-0.667578,0.000747,-0.232425, 
0,-0.918977,-0.665408,0.001785,-0.231166, 
0,-0.918314,-0.665154,0.001218,-0.231791, 
0,-0.918975,-0.668295,-0.000679,-0.235264, 
0,-0.919845,-0.670878,-0.001737,-0.237445, 
0,-0.918467,-0.670921,-0.001737,-0.236930, 
0,-0.918183,-0.670598,-0.000463,-0.235774, 
0,-0.918061,-0.671713,-0.001420,-0.237773, 
0,-0.916606,-0.670333,-0.001175,-0.238497, 
0,-0.915968,-0.669861,-0.000875,-0.238438, 
0,-0.917691,-0.671906,-0.001318,-0.240157, 
0,-0.916084,-0.670943,-0.001349,-0.239998, 
0,-0.914672,-0.669783,-0.000752,-0.239355, 
0,-0.916926,-0.671491,-0.000648,-0.240491, 
0,-0.917651,-0.672817,-0.001107,-0.240536, 
0,-0.916514,-0.672247,-0.001486,-0.239711, 
0,-0.919051,-0.675197,-0.001610,-0.240798, 
0,-0.918135,-0.674533,-0.000888,-0.239928, 
0,-0.916094,-0.672680,-0.000654,-0.239568, 
0,-0.917669,-0.676132,-0.000864,-0.240933, 
0,-0.917221,-0.676517,-0.001128,-0.242434, 
0,-0.917154,-0.677314,-0.001364,-0.243011, 
0,-0.916087,-0.676242,-0.001250,-0.243168, 
0,-0.915917,-0.676426,-0.000884,-0.244615, 
0,-0.914017,-0.673964,-0.000794,-0.245290, 
0,-0.913444,-0.674435,-0.000985,-0.246129, 
0,-0.913410,-0.674915,-0.001490,-0.247536, 
0,-0.914149,-0.676687,-0.001342,-0.247536, 
0,-0.913596,-0.675276,-0.000890,-0.247492, 
0,-0.912890,-0.675476,-0.000751,-0.246938, 
0,-0.913049,-0.676275,-0.001413,-0.248433, 
0,-0.912491,-0.675028,-0.001376,-0.248494, 
0,-0.911449,-0.674599,-0.001444,-0.248008, 
0,-0.910353,-0.673358,-0.000986,-0.246831, 
0,-0.911068,-0.674228,-0.000893,-0.246143, 
0,-0.913506,-0.676307,-0.001282,-0.246359, 
0,-0.914392,-0.677603,-0.001123,-0.247126, 
0,-0.914927,-0.677908,-0.001548,-0.248280, 
0,-0.911629,-0.675023,-0.000648,-0.247128, 
0,-0.912700,-0.676240,-0.001094,-0.248746, 
0,-0.912492,-0.676596,-0.000984,-0.248678, 
0,-0.914119,-0.677887,-0.001288,-0.249179, 
0,-0.914310,-0.679017,-0.001325,-0.248374, 
0,-0.915914,-0.681871,-0.002651,-0.250646, 
0,-0.915912,-0.681927,-0.002183,-0.251041, 
0,-0.913605,-0.677933,-0.000892,-0.250094, 
0,-0.912275,-0.675966,0.000273,-0.248385, 
0,-0.915980,-0.681449,-0.002763,-0.253806, 
0,-0.913343,-0.677775,0.000266,-0.249771, 
0,-0.913677,-0.678323,0.000139,-0.249925, 
0,-0.912866,-0.679615,-0.000940,-0.251554, 
0,-0.913415,-0.679964,-0.001129,-0.251041, 
0,-0.915528,-0.681414,-0.000394,-0.248950, 
0,-0.915740,-0.682716,-0.000714,-0.249735, 
0,-0.918347,-0.685246,-0.001125,-0.251117, 
0,-0.916823,-0.684208,-0.001091,-0.250506, 
0,-0.915760,-0.682878,-0.001026,-0.250645, 
0,-0.916483,-0.684481,-0.001138,-0.251104, 
0,-0.914785,-0.683399,-0.000678,-0.250788, 
0,-0.915584,-0.684903,-0.000767,-0.252052, 
0,-0.916164,-0.686167,-0.001012,-0.252357, 
0,-0.917818,-0.687704,-0.000993,-0.251820, 
0,-0.918015,-0.688750,-0.001362,-0.251157, 
0,-0.918323,-0.689015,-0.000907,-0.250352, 
0,-0.918066,-0.688750,-0.000575,-0.249583, 
0,-0.918276,-0.689229,-0.000504,-0.248302, 
0,-0.918429,-0.690716,-0.001002,-0.248340, 
0,-0.918689,-0.691692,-0.001225,-0.249556, 
0,-0.918464,-0.691946,-0.001192,-0.250413, 
0,-0.919787,-0.693671,-0.000623,-0.249423, 
0,-0.919517,-0.692825,-0.000581,-0.249133, 
0,-0.920409,-0.694482,-0.000820,-0.250550, 
0,-0.921698,-0.696826,-0.001550,-0.251010, 
0,-0.921385,-0.696608,-0.000995,-0.249634, 
0,-0.922944,-0.698439,-0.000718,-0.248037, 
0,-0.923628,-0.698990,-0.000236,-0.245602, 
0,-0.924863,-0.700524,-0.000756,-0.246644, 
0,-0.924827,-0.700574,-0.000821,-0.249138, 
0,-0.927350,-0.703672,-0.001255,-0.251711, 
0,-0.925911,-0.702257,-0.000720,-0.250637, 
0,-0.924245,-0.701359,-0.000508,-0.247946, 
0,-0.925607,-0.703525,-0.000889,-0.246982, 
0,-0.925805,-0.703189,-0.000455,-0.246111, 
0,-0.930373,-0.712346,-0.005528,-0.253665, 
0,-0.903183,-0.666482,0.022269,-0.207639, 
0,-0.945714,-0.738432,-0.020406,-0.278455, 
0,-0.923063,-0.701800,0.001291,-0.243626, 
0,-0.907451,-0.678911,0.014348,-0.222772, 
0,-0.914723,-0.692361,0.006305,-0.237523, 
0,-0.924447,-0.707679,-0.002250,-0.252727, 
0,-0.923846,-0.706955,-0.001912,-0.252379, 
0,-0.921933,-0.705629,-0.001490,-0.251673, 
0,-0.923893,-0.707373,-0.001713,-0.251190, 
0,-0.923171,-0.707265,-0.001355,-0.249059, 
0,-0.924165,-0.708854,-0.001301,-0.248734, 
0,-0.922527,-0.707697,-0.001059,-0.248568, 
0,-0.923114,-0.708623,-0.001125,-0.248101, 
0,-0.921209,-0.706851,-0.000864,-0.247585, 
0,-0.922704,-0.708708,-0.001073,-0.247939, 
0,-0.923323,-0.709661,-0.001229,-0.247758, 
0,-0.922255,-0.709017,-0.001005,-0.248162, 
0,-0.922658,-0.709956,-0.001070,-0.249979, 
0,-0.922543,-0.710202,-0.001010,-0.251283, 
0,-0.922478,-0.709911,-0.001133,-0.252028, 
0,-0.924432,-0.711155,-0.001131,-0.252015, 
0,-0.925835,-0.712386,-0.001257,-0.251711, 
0,-0.924305,-0.711579,-0.001062,-0.252754, 
0,-0.924909,-0.712964,-0.001167,-0.253253, 
0,-0.924699,-0.712830,-0.000968,-0.252620, 
0,-0.925130,-0.713696,-0.001399,-0.252067, 
0,-0.924589,-0.714226,-0.001296,-0.251562, 
0,-0.923877,-0.713670,-0.001143,-0.250534, 
0,-0.925556,-0.714792,-0.000967,-0.248089, 
0,-0.926404,-0.715145,-0.001359,-0.247919, 
0,-0.926346,-0.715904,-0.001458,-0.248586, 
0,-0.927570,-0.716778,-0.001244,-0.247985, 
0,-0.927257,-0.716051,-0.001270,-0.247720, 
0,-0.926582,-0.717074,-0.001402,-0.249763, 
0,-0.924993,-0.716264,-0.001133,-0.249811, 
0,-0.923236,-0.714847,-0.001257,-0.248613, 
0,-0.923958,-0.716364,-0.001063,-0.248880, 
0,-0.923010,-0.716130,-0.001065,-0.250655, 
0,-0.923258,-0.716394,-0.001043,-0.252133, 
0,-0.923862,-0.715900,-0.000803,-0.250279, 
0,-0.923847,-0.717113,-0.001377,-0.250721, 
0,-0.923532,-0.716463,-0.001171,-0.249473, 
0,-0.923544,-0.715180,-0.000697,-0.248556, 
0,-0.922280,-0.714533,-0.001259,-0.248484, 
0,-0.921657,-0.714263,-0.001031,-0.248735, 
0,-0.920313,-0.712614,-0.000549,-0.247097, 
0,-0.922610,-0.715421,-0.001136,-0.249330, 
0,-0.922844,-0.715197,-0.000883,-0.250636, 
0,-0.921954,-0.715147,-0.001225,-0.251560, 
0,-0.921771,-0.714862,-0.001282,-0.251881, 
0,-0.919957,-0.713181,-0.001010,-0.252581, 
0,-0.920607,-0.715217,-0.001049,-0.252848, 
0,-0.921010,-0.715302,-0.000732,-0.252055, 
0,-0.920011,-0.715524,-0.000983,-0.253195, 
0,-0.920074,-0.715665,-0.001155,-0.252949, 
0,-0.921533,-0.716468,-0.001101,-0.252241, 
0,-0.920434,-0.715344,-0.000669,-0.250923, 
0,-0.919924,-0.715185,-0.001154,-0.252215, 
0,-0.920328,-0.714468,-0.000594,-0.251710, 
0,-0.920355,-0.715134,-0.001084,-0.253079, 
0,-0.920821,-0.715472,-0.000849,-0.253114, 
0,-0.921713,-0.716673,-0.000935,-0.253812, 
0,-0.924231,-0.718162,-0.000993,-0.254003, 
0,-0.924789,-0.718334,-0.001033,-0.253783, 
0,-0.924513,-0.716565,-0.000569,-0.252869, 
0,-0.923561,-0.716132,-0.000911,-0.253754, 
0,-0.924697,-0.717849,-0.001108,-0.253877, 
0,-0.924683,-0.718931,-0.000725,-0.254768, 
0,-0.925627,-0.720064,-0.000713,-0.254651, 
0,-0.926379,-0.720813,-0.000765,-0.253903, 
0,-0.927676,-0.722178,-0.000895,-0.253896, 
0,-0.928135,-0.723487,-0.000974,-0.256049, 
0,-0.927297,-0.722036,-0.000335,-0.256874, 
0,-0.927795,-0.721581,0.000560,-0.254289, 
0,-0.932625,-0.729425,-0.004169,-0.260341, 
0,-0.930889,-0.727717,-0.003436,-0.258185, 
0,-0.927621,-0.723727,-0.000587,-0.254489, 
0,-0.929070,-0.725539,-0.000669,-0.255446, 
0,-0.928854,-0.726610,-0.001894,-0.257203, 
0,-0.927839,-0.724271,0.000575,-0.251400, 
0,-0.928755,-0.726571,-0.000856,-0.252669, 
0,-0.929439,-0.727792,-0.000592,-0.253168, 
0,-0.928485,-0.727228,-0.000520,-0.253784, 
0,-0.928345,-0.727671,-0.000934,-0.253673, 
0,-0.929887,-0.731823,-0.002862,-0.256285, 
0,-0.926851,-0.727266,0.000247,-0.250309, 
0,-0.928708,-0.730138,-0.000971,-0.252583, 
0,-0.928068,-0.729789,-0.000970,-0.252685, 
0,-0.928806,-0.730864,-0.000997,-0.253414, 
0,-0.928431,-0.731285,-0.001318,-0.254219, 
0,-0.928571,-0.731404,-0.001084,-0.254418, 
0,-0.925761,-0.728276,-0.000366,-0.253431, 
0,-0.926620,-0.728429,-0.000837,-0.253753, 
0,-0.928593,-0.731239,-0.001989,-0.255369, 
0,-0.922193,-0.721885,0.003336,-0.246632, 
0,-0.933351,-0.741305,-0.007725,-0.265396, 
0,-0.931136,-0.738116,-0.006457,-0.263802, 
0,-0.932228,-0.740575,-0.007936,-0.266360, 
0,-0.929521,-0.732954,-0.003309,-0.257745, 
0,-0.935642,-0.743592,-0.009955,-0.267799, 
0,-0.921849,-0.721840,0.003531,-0.245566, 
0,-0.930004,-0.735952,-0.005214,-0.260388, 
0,-0.927050,-0.730488,-0.002051,-0.257616, 
0,-0.924405,-0.727009,-0.000257,-0.255144, 
0,-0.926251,-0.729416,-0.001171,-0.255243, 
0,-0.924301,-0.726746,-0.000955,-0.254501, 
0,-0.924474,-0.727560,-0.001107,-0.254819, 
0,-0.923676,-0.727304,-0.001129,-0.255743, 
0,-0.923171,-0.726155,-0.000732,-0.254507, 
0,-0.923909,-0.726431,-0.000286,-0.253678, 
0,-0.922938,-0.726430,-0.000646,-0.253103, 
0,-0.923549,-0.728247,-0.001359,-0.253178, 
0,-0.925040,-0.728369,-0.000953,-0.252942, 
0,-0.926530,-0.730202,-0.001708,-0.254354, 
0,-0.923717,-0.726782,-0.000388,-0.252722, 
0,-0.924129,-0.726417,-0.000403,-0.253211, 
0,-0.924223,-0.727530,-0.001208,-0.256099, 
0,-0.925204,-0.727938,-0.001481,-0.258915, 
0,-0.923991,-0.726129,-0.001379,-0.260379, 
0,-0.922086,-0.725063,-0.001219,-0.260412, 
0,-0.922487,-0.722954,0.000169,-0.257917, 
0,-0.924195,-0.724992,-0.000690,-0.261450, 
0,-0.927547,-0.728685,-0.001857,-0.263370, 
0,-0.926082,-0.726233,-0.001523,-0.261486, 
0,-0.926115,-0.725233,-0.001146,-0.259519, 
0,-0.927301,-0.727136,-0.000347,-0.257888, 
0,-0.926583,-0.725959,-0.000778,-0.258370, 
0,-0.927664,-0.727866,-0.001262,-0.259955, 
0,-0.928839,-0.729033,-0.001921,-0.260575, 
0,-0.929001,-0.728699,-0.001223,-0.257916, 
0,-0.928712,-0.727697,-0.000408,-0.256933, 
0,-0.928317,-0.728148,-0.000613,-0.256843, 
0,-0.928491,-0.728379,-0.001335,-0.256992, 
0,-0.927021,-0.726762,-0.000991,-0.257372, 
0,-0.926845,-0.728555,-0.001427,-0.257779, 
0,-0.925995,-0.726817,-0.000604,-0.256242, 
0,-0.925111,-0.726881,-0.000874,-0.256378, 
0,-0.924529,-0.727309,-0.001395,-0.257463, 
0,-0.925268,-0.727129,-0.001545,-0.258017, 
0,-0.924171,-0.726794,-0.001221,-0.258237, 
0,-0.923233,-0.726131,-0.000717,-0.256995, 
0,-0.920205,-0.724744,-0.000712,-0.257339, 
0,-0.921608,-0.726100,-0.000868,-0.258737, 
0,-0.921938,-0.727123,-0.001720,-0.260891, 
0,-0.920619,-0.725168,-0.001393,-0.260557, 
0,-0.920610,-0.724517,-0.000406,-0.258486, 
0,-0.920618,-0.724399,-0.000128,-0.257372, 
0,-0.919419,-0.724603,0.000044,-0.256381, 
0,-0.927340,-0.739351,-0.008417,-0.269987, 
0,-0.921975,-0.731584,-0.003675,-0.262920, 
0,-0.920619,-0.728638,-0.001679,-0.259393, 
0,-0.919421,-0.724671,0.000846,-0.254992, 
0,-0.918854,-0.723879,0.000832,-0.254668, 
0,-0.912805,-0.715247,0.005486,-0.246345, 
0,-0.918305,-0.724804,-0.000773,-0.258127, 
0,-0.922053,-0.727108,-0.001911,-0.260844, 
0,-0.919063,-0.723313,-0.000352,-0.259014, 
0,-0.919781,-0.724258,-0.000418,-0.258117, 
0,-0.918803,-0.722812,-0.000665,-0.257379, 
0,-0.922041,-0.728251,-0.002689,-0.260473, 
0,-0.922526,-0.727591,-0.001393,-0.257519, 
0,-0.920232,-0.723359,0.000492,-0.253853, 
0,-0.921644,-0.725677,-0.001099,-0.256040, 
0,-0.918372,-0.722281,-0.000058,-0.255663, 
0,-0.919548,-0.724180,-0.001608,-0.258688, 
0,-0.918887,-0.723528,-0.001322,-0.259917, 
0,-0.917815,-0.722743,-0.001246,-0.261072, 
0,-0.920066,-0.723698,-0.000818,-0.263549, 
0,-0.920018,-0.723307,-0.001267,-0.265481, 
0,-0.918233,-0.721681,-0.000889,-0.263886, 
0,-0.920833,-0.723834,-0.001442,-0.263559, 
0,-0.918032,-0.719219,0.001229,-0.257129, 
3,-0.928414,-0.736635,-0.009429,-0.274073,"Analyte Added"
0,-1.049929,-0.930724,-0.129518,-0.466306, 
0,-0.984496,-0.822097,-0.062302,-0.377081, 
0,-0.896423,-0.683673,0.022188,-0.230016, 
0,-0.923432,-0.722100,0.003650,-0.258319, 
0,-0.942075,-0.761273,-0.016254,-0.303823, 
0,-0.808452,-0.549405,0.109168,-0.093031, 
0,-0.818036,-0.561666,0.096058,-0.102255, 
0,-0.927386,-0.740387,-0.013457,-0.275254, 
0,-0.878285,-0.662100,0.033640,-0.201927, 
0,-0.918389,-0.725940,-0.004333,-0.265640, 
0,-0.910798,-0.714456,0.002933,-0.256706, 
0,-0.907295,-0.710800,0.005631,-0.254591, 
0,-0.918626,-0.729703,-0.004932,-0.272871, 
0,-0.912561,-0.719599,0.002355,-0.262611, 
0,-0.922526,-0.735379,-0.006147,-0.277002, 
0,-0.920349,-0.731922,-0.002212,-0.272966, 
0,-0.915685,-0.728187,0.000203,-0.271135, 
0,-0.917689,-0.735117,-0.001432,-0.275808, 
0,-0.919375,-0.739254,-0.001300,-0.276425, 
0,-0.920708,-0.745219,-0.003256,-0.279184, 
0,-0.919156,-0.744429,-0.000952,-0.277505, 
0,-0.919464,-0.748681,-0.000828,-0.281049, 
0,-0.925618,-0.759220,-0.004895,-0.288372, 
0,-0.921697,-0.755026,-0.001978,-0.284143, 
0,-0.920628,-0.754812,-0.000692,-0.282530, 
0,-0.921132,-0.756476,-0.000054,-0.282077, 
0,-0.920349,-0.757590,0.000681,-0.280478, 
0,-0.922834,-0.764395,-0.001902,-0.284007, 
0,-0.921061,-0.763147,-0.000229,-0.279745, 
0,-0.924769,-0.769251,-0.002553,-0.283750, 
0,-0.921914,-0.766632,-0.001254,-0.282312, 
0,-0.922670,-0.769749,-0.001192,-0.281524, 
0,-0.922020,-0.771043,-0.001198,-0.279740, 
0,-0.921361,-0.771075,-0.001114,-0.278721, 
0,-0.922129,-0.773136,-0.001159,-0.278744, 
0,-0.922131,-0.774777,-0.001186,-0.279702, 
0,-0.923362,-0.776730,-0.001186,-0.280611, 
0,-0.923118,-0.777075,-0.001087,-0.281326, 
0,-0.919514,-0.774960,-0.001028,-0.282516, 
0,-0.920165,-0.776739,-0.001177,-0.284072, 
0,-0.920645,-0.778110,-0.001147,-0.285416, 
0,-0.921929,-0.780568,-0.000997,-0.285833, 
0,-0.921335,-0.782832,-0.001183,-0.287433, 
0,-0.919939,-0.782720,-0.001063,-0.286986, 
0,-0.921012,-0.782837,-0.001203,-0.285650, 
0,-0.923027,-0.786870,-0.001241,-0.286115, 
0,-0.923313,-0.787803,-0.000901,-0.284300, 
0,-0.923468,-0.789950,-0.000823,-0.285335, 
0,-0.921383,-0.789127,-0.000935,-0.289405, 
0,-0.922679,-0.791017,-0.000948,-0.291186, 
0,-0.922433,-0.790891,-0.001017,-0.291039, 
0,-0.922737,-0.793971,-0.001027,-0.291642, 
0,-0.924414,-0.796135,-0.001008,-0.292719, 
0,-0.923832,-0.797473,-0.000843,-0.294270, 
0,-0.924682,-0.799236,-0.001060,-0.293855, 
0,-0.922710,-0.797914,-0.000923,-0.294025, 
0,-0.922459,-0.798156,-0.000969,-0.296401, 
0,-0.922889,-0.798677,-0.000983,-0.298873, 
0,-0.924312,-0.799551,-0.000957,-0.299315, 
0,-0.923295,-0.799803,-0.001066,-0.300325, 
0,-0.923111,-0.801076,-0.000903,-0.299348, 
0,-0.923234,-0.802643,-0.001173,-0.300210, 
0,-0.922780,-0.803099,-0.000915,-0.300664, 
0,-0.922733,-0.803972,-0.000851,-0.297735, 
0,-0.923782,-0.806829,-0.000932,-0.299254, 
0,-0.922887,-0.806202,-0.000836,-0.300415, 
0,-0.921329,-0.805608,-0.001024,-0.302543, 
0,-0.923692,-0.808977,-0.001019,-0.304611, 
0,-0.924160,-0.807634,-0.000993,-0.302022, 
0,-0.922004,-0.806461,-0.000907,-0.300564, 
0,-0.922336,-0.807961,-0.000850,-0.298949, 
0,-0.921987,-0.809295,-0.001056,-0.299680, 
0,-0.922366,-0.810204,-0.000944,-0.300360, 
0,-0.923026,-0.810367,-0.000921,-0.301173, 
0,-0.923252,-0.810596,-0.000948,-0.299745, 
0,-0.922586,-0.810649,-0.000931,-0.299162, 
0,-0.924397,-0.811446,-0.000953,-0.299282, 
0,-0.924362,-0.811684,-0.000906,-0.299549, 
0,-0.923495,-0.812735,-0.000963,-0.300303, 
0,-0.923139,-0.813619,-0.000963,-0.304664, 
0,-0.924181,-0.815239,-0.000929,-0.304153, 
0,-0.923869,-0.815081,-0.000959,-0.301778, 
0,-0.924104,-0.814683,-0.001018,-0.300329, 
0,-0.922899,-0.814436,-0.000938,-0.299224, 
0,-0.922953,-0.814758,-0.000937,-0.299449, 
0,-0.923439,-0.815176,-0.001014,-0.298473, 
0,-0.924984,-0.815891,-0.000880,-0.298938, 
0,-0.925364,-0.815772,-0.000979,-0.299802, 
0,-0.925904,-0.817570,-0.001001,-0.301158, 
0,-0.926693,-0.818469,-0.000999,-0.302306, 
0,-0.926933,-0.819659,-0.000971,-0.300774, 
0,-0.927165,-0.820238,-0.000977,-0.298977, 
0,-0.927869,-0.822520,-0.000910,-0.299665, 
0,-0.928426,-0.824391,-0.001079,-0.304085, 
0,-0.926565,-0.823522,-0.000983,-0.302684, 
0,-0.926058,-0.822745,-0.000296,-0.299115, 
0,-0.928252,-0.823328,-0.000485,-0.298081, 
0,-0.928167,-0.824946,-0.000992,-0.297786, 
0,-0.926936,-0.824376,-0.000979,-0.297029, 
0,-0.927777,-0.825968,-0.000934,-0.299198, 
0,-0.928534,-0.827613,-0.000940,-0.299044, 
0,-0.928137,-0.827875,-0.000972,-0.297945, 
0,-0.929287,-0.830156,-0.000963,-0.296197, 
0,-0.928341,-0.828388,-0.000978,-0.295111, 
0,-0.929303,-0.830742,-0.001049,-0.293875, 
0,-0.928733,-0.831536,-0.000996,-0.297149, 
0,-0.927849,-0.831171,-0.000995,-0.298875, 
0,-0.926900,-0.829885,-0.000919,-0.299097, 
0,-0.927512,-0.831219,-0.000965,-0.301384, 
0,-0.927844,-0.832551,-0.001048,-0.300236, 
0,-0.926648,-0.832713,-0.001036,-0.299442, 
0,-0.926865,-0.832164,-0.001039,-0.302349, 
0,-0.926535,-0.831836,-0.000965,-0.299457, 
0,-0.927381,-0.833158,-0.000983,-0.298395, 
0,-0.928496,-0.834364,-0.000991,-0.298704, 
0,-0.929624,-0.835143,-0.000988,-0.299851, 
0,-0.928685,-0.834801,-0.000977,-0.300739, 
0,-0.928805,-0.832924,-0.000718,-0.299751, 
0,-0.928485,-0.832947,-0.000879,-0.300081, 
0,-0.926202,-0.832144,-0.001016,-0.299987, 
0,-0.926980,-0.833685,-0.000999,-0.300193, 
0,-0.928395,-0.835567,-0.000861,-0.298401, 
0,-0.927951,-0.835191,-0.000945,-0.296709, 
0,-0.927526,-0.834360,-0.000967,-0.297432, 
0,-0.928657,-0.836304,-0.001007,-0.300895, 
0,-0.926873,-0.835435,-0.000968,-0.303109, 
0,-0.929437,-0.836892,-0.001021,-0.304096, 
0,-0.926008,-0.833095,-0.000920,-0.301262, 
0,-0.926239,-0.835044,-0.000945,-0.301685, 
0,-0.926857,-0.834795,-0.000950,-0.303313, 
0,-0.926557,-0.834664,-0.000928,-0.302489, 
0,-0.925666,-0.834100,-0.001008,-0.302224, 
0,-0.925362,-0.834167,-0.000936,-0.301548, 
0,-0.925266,-0.831494,-0.000979,-0.300186, 
0,-0.925219,-0.832414,-0.001018,-0.302166, 
0,-0.925941,-0.834309,-0.000942,-0.303225, 
0,-0.926186,-0.835703,-0.000893,-0.301838, 
0,-0.927530,-0.838261,-0.000970,-0.301399, 
0,-0.927344,-0.839115,-0.000994,-0.300977, 
0,-0.927135,-0.839627,-0.001056,-0.299839, 
0,-0.926183,-0.838614,-0.000837,-0.299485, 
0,-0.926847,-0.838004,-0.000648,-0.299848, 
0,-0.927008,-0.837673,-0.000953,-0.301900, 
0,-0.928301,-0.838311,-0.000839,-0.301649, 
0,-0.928903,-0.838603,-0.001013,-0.305303, 
0,-0.929520,-0.839233,-0.001011,-0.306426, 
0,-0.928466,-0.839368,-0.001028,-0.302975, 
0,-0.929630,-0.842374,-0.000953,-0.305662, 
0,-0.929882,-0.843716,-0.001036,-0.307696, 
0,-0.931181,-0.845047,-0.001019,-0.310202, 
0,-0.931038,-0.844781,-0.001030,-0.314173, 
0,-0.931532,-0.845011,-0.000991,-0.314895, 
0,-0.933027,-0.845699,-0.001052,-0.310665, 
0,-0.934010,-0.845432,-0.001066,-0.308551, 
0,-0.934091,-0.846416,-0.001057,-0.306605, 
0,-0.934173,-0.846459,-0.001042,-0.307240, 
0,-0.934902,-0.848165,-0.001098,-0.309296, 
0,-0.934294,-0.846918,-0.001116,-0.310210, 
0,-0.933379,-0.844623,-0.000919,-0.308839, 
0,-0.933425,-0.844266,-0.001102,-0.310096, 
0,-0.933598,-0.843256,-0.001013,-0.311620, 
0,-0.934007,-0.844273,-0.001106,-0.315386, 
0,-0.934685,-0.845771,-0.001119,-0.316930, 
0,-0.931531,-0.841936,-0.001063,-0.312442, 
0,-0.934144,-0.842856,-0.001128,-0.311483, 
0,-0.934578,-0.843434,-0.001003,-0.310607, 
0,-0.932893,-0.841043,-0.001132,-0.309407, 
0,-0.934948,-0.843390,-0.001206,-0.308834, 
0,-0.935891,-0.845085,-0.001107,-0.307323, 
0,-0.935983,-0.845011,-0.001063,-0.306551, 
0,-0.935889,-0.845703,-0.001128,-0.307099, 
0,-0.935597,-0.845334,-0.001145,-0.305213, 
0,-0.935416,-0.845475,-0.001233,-0.304495, 
0,-0.935444,-0.845809,-0.001073,-0.302902, 
0,-0.937033,-0.846723,-0.001108,-0.303495, 
0,-0.936441,-0.847161,-0.001139,-0.303369, 
0,-0.935289,-0.847100,-0.001098,-0.304116, 
0,-0.937346,-0.847787,-0.001091,-0.305193, 
0,-0.934928,-0.844645,-0.001104,-0.308209, 
0,-0.935428,-0.845467,-0.001091,-0.309697, 
0,-0.932796,-0.845410,-0.001030,-0.309583, 
0,-0.928825,-0.855028,-0.001104,-0.311861, 
0,-0.922737,-0.858339,-0.001090,-0.308864, 
0,-0.922490,-0.861446,-0.001068,-0.310816, 
0,-0.925967,-0.865637,-0.001091,-0.316107, 
0,-0.923948,-0.865870,-0.001036,-0.316002, 
0,-0.926492,-0.866964,-0.001090,-0.315488, 
0,-0.924716,-0.864209,-0.001041,-0.313077, 
0,-0.924061,-0.867136,-0.001067,-0.309369, 
0,-0.926102,-0.871586,-0.001136,-0.311108, 
0,-0.928264,-0.873289,-0.001035,-0.314716, 
0,-0.929547,-0.874768,-0.001069,-0.313212, 
0,-0.930227,-0.877524,-0.001113,-0.311817, 
0,-0.932099,-0.885649,-0.001042,-0.310167, 
0,-0.933021,-0.891954,-0.000974,-0.308898, 
0,-0.934243,-0.896623,-0.000984,-0.308843, 
0,-0.933602,-0.896128,-0.001080,-0.308205, 
0,-0.934816,-0.899799,-0.001001,-0.308676, 
0,-0.934762,-0.900256,-0.001058,-0.308510, 
0,-0.933849,-0.900881,-0.001060,-0.309832, 
0,-0.933741,-0.901737,-0.001087,-0.309219, 
0,-0.935130,-0.903793,-0.000980,-0.310492, 
0,-0.934422,-0.902646,-0.000991,-0.308349, 
0,-0.934774,-0.902187,-0.001017,-0.309362, 
0,-0.936899,-0.904410,-0.001070,-0.313389, 
0,-0.936618,-0.903443,-0.000999,-0.310976, 
0,-0.937085,-0.903247,-0.001019,-0.308584, 
0,-0.936946,-0.902992,-0.001069,-0.308558, 
0,-0.936023,-0.901471,-0.000980,-0.307987, 
0,-0.935141,-0.900612,-0.000986,-0.306294, 
0,-0.937133,-0.900396,-0.000962,-0.306093, 
0,-0.938179,-0.900289,-0.001060,-0.305299, 
0,-0.935430,-0.896145,-0.001069,-0.305123, 
0,-0.938297,-0.896765,-0.001026,-0.304629, 
0,-0.936151,-0.894474,-0.001048,-0.305556, 
0,-0.937702,-0.896102,-0.001021,-0.305360, 
0,-0.937936,-0.896059,-0.000944,-0.304543, 
0,-0.936343,-0.893707,-0.000929,-0.303503, 
0,-0.936093,-0.894453,-0.001010,-0.302155, 
0,-0.936129,-0.894787,-0.001069,-0.301642, 
0,-0.936793,-0.894629,-0.001118,-0.305526, 
0,-0.936498,-0.894322,-0.001085,-0.308571, 
0,-0.937089,-0.892591,-0.001085,-0.311784, 
0,-0.936517,-0.891347,-0.001067,-0.310469, 
0,-0.934908,-0.889615,-0.001194,-0.309412, 
0,-0.934640,-0.889074,-0.000909,-0.309072, 
0,-0.935233,-0.891562,-0.000948,-0.308904, 
0,-0.936823,-0.895879,-0.002545,-0.311953, 
0,-0.933262,-0.892537,-0.000727,-0.307492, 
0,-0.934557,-0.895100,-0.001751,-0.307754, 
0,-0.935849,-0.897241,-0.002880,-0.310292, 
0,-0.931903,-0.891465,0.000373,-0.307083, 
0,-0.931326,-0.890717,-0.001544,-0.310304, 
0,-0.932769,-0.892142,-0.000657,-0.310424, 
0,-0.932227,-0.891331,-0.001491,-0.311605, 
0,-0.932325,-0.890692,-0.000946,-0.310205, 
0,-0.931255,-0.888342,-0.000584,-0.310231, 
0,-0.934051,-0.890033,-0.001159,-0.311573, 
0,-0.935035,-0.889302,-0.001176,-0.310777, 
0,-0.932847,-0.887490,-0.000996,-0.308795, 
0,-0.932025,-0.887120,-0.001009,-0.308262, 
0,-0.932925,-0.888045,-0.001013,-0.309452, 
0,-0.933168,-0.887174,-0.000798,-0.311436, 
0,-0.953618,-0.918451,-0.018156,-0.341493, 
0,-0.933855,-0.886078,0.000501,-0.308764, 
0,-0.947645,-0.909271,-0.012110,-0.328081, 
0,-0.932891,-0.883646,0.003383,-0.301528, 
0,-0.935461,-0.887674,-0.001391,-0.308912, 
0,-0.933740,-0.886247,-0.001083,-0.310171, 
0,-0.935634,-0.886815,-0.001147,-0.309291, 
0,-0.934896,-0.886646,-0.001471,-0.308842, 
0,-0.932954,-0.883465,-0.000166,-0.306612, 
0,-0.933828,-0.885058,-0.001308,-0.306815, 
0,-0.935892,-0.886005,-0.001159,-0.306947, 
0,-0.936246,-0.885195,-0.000967,-0.308753, 
0,-0.936892,-0.883712,-0.000846,-0.308582, 
0,-0.935877,-0.882378,-0.000637,-0.307209, 
0,-0.936776,-0.884035,-0.000768,-0.305547, 
0,-0.935379,-0.881102,-0.000233,-0.304439, 
0,-0.936727,-0.880777,0.000022,-0.304019, 
0,-0.938280,-0.883125,-0.001013,-0.308587, 
0,-0.938575,-0.883991,-0.001182,-0.308900, 
0,-0.939991,-0.883997,-0.001351,-0.308054, 
0,-0.939355,-0.882815,-0.001178,-0.307463, 
0,-0.939704,-0.884184,-0.001551,-0.309132, 
0,-0.938218,-0.882484,-0.000812,-0.306823, 
0,-0.938097,-0.882680,-0.000658,-0.306163, 
0,-0.938854,-0.885700,-0.001168,-0.307220, 
0,-0.939699,-0.887180,-0.000936,-0.307687, 
0,-0.940157,-0.888474,-0.000802,-0.308607, 
0,-0.939576,-0.888359,-0.000999,-0.308824, 
0,-0.940418,-0.889789,-0.000594,-0.309630, 
0,-0.939579,-0.889189,-0.000666,-0.307489, 
0,-0.939924,-0.889774,-0.001009,-0.307591, 
0,-0.939978,-0.888921,-0.000978,-0.307590, 
0,-0.937402,-0.885165,-0.000366,-0.310198, 
0,-0.939683,-0.887670,-0.000949,-0.314606, 
0,-0.940013,-0.887474,-0.001085,-0.314882, 
0,-0.939996,-0.886965,-0.001055,-0.311854, 
0,-0.941273,-0.887587,-0.001382,-0.309324, 
0,-0.939447,-0.885441,-0.000825,-0.306131, 
0,-0.939135,-0.885527,-0.000949,-0.308339, 
0,-0.940991,-0.888610,-0.001375,-0.310776, 
0,-0.938828,-0.884730,-0.000960,-0.311047, 
0,-0.939673,-0.885005,-0.001545,-0.312053, 
0,-0.940882,-0.885825,-0.001182,-0.311928, 
0,-0.938651,-0.884009,-0.000302,-0.311505, 
0,-0.938251,-0.884841,-0.000627,-0.311721, 
0,-0.937436,-0.882983,0.000138,-0.309137, 
4,-0.935146,-0.877684,0.003490,-0.302147,"Analyte Added"
0,-0.950824,-0.904668,-0.013238,-0.328185, 
0,-0.970127,-0.924973,-0.032071,-0.349576, 
0,-0.936567,-0.885022,-0.000870,-0.312489, 
0,-0.959472,-0.912582,-0.018039,-0.341345, 
0,-0.928327,-0.879619,0.009340,-0.313749, 
0,-0.857565,-0.752741,0.077465,-0.192386, 
0,-0.967583,-0.931624,-0.030927,-0.364911, 
0,-0.926357,-0.863842,0.010683,-0.301506, 
0,-0.926429,-0.862007,0.013255,-0.298723, 
0,-0.949409,-0.899362,-0.007959,-0.333979, 
0,-0.934299,-0.874025,0.006318,-0.315101, 
0,-0.940319,-0.884385,0.001534,-0.323506, 
0,-0.941040,-0.887182,-0.000499,-0.326055, 
0,-0.947424,-0.899475,-0.005378,-0.333114, 
0,-0.949201,-0.904171,-0.005374,-0.331234, 
0,-0.942715,-0.894961,0.002867,-0.316292, 
0,-0.951043,-0.909665,-0.005745,-0.328761, 
0,-0.943967,-0.897222,0.004063,-0.317320, 
0,-0.983510,-0.962820,-0.034916,-0.380225, 
0,-0.957920,-0.922026,-0.009290,-0.338866, 
0,-0.921006,-0.864962,0.027615,-0.281651, 
0,-0.946111,-0.906691,0.002400,-0.318709, 
0,-0.957793,-0.924646,-0.007117,-0.333240, 
0,-0.949248,-0.911995,0.002762,-0.319410, 
0,-0.954282,-0.923276,-0.002629,-0.332206, 
0,-0.952171,-0.922177,-0.001604,-0.333833, 
0,-0.951493,-0.921412,-0.000690,-0.330049, 
0,-0.951600,-0.921987,-0.000979,-0.328290, 
0,-0.952322,-0.923873,-0.001096,-0.329552, 
0,-0.953524,-0.926466,-0.001249,-0.333579, 
0,-0.952047,-0.926000,-0.000994,-0.336276, 
0,-0.951248,-0.928782,-0.001147,-0.335958, 
0,-0.954413,-0.932486,-0.001239,-0.335940, 
0,-0.954788,-0.934332,-0.001254,-0.336102, 
0,-0.952792,-0.931651,-0.000870,-0.334728, 
0,-0.954423,-0.934521,-0.000640,-0.337620, 
0,-0.954580,-0.934089,-0.001151,-0.338960, 
0,-0.961213,-0.945095,-0.007112,-0.344772, 
0,-0.956738,-0.938393,-0.000735,-0.333567, 
0,-0.957947,-0.941075,-0.002202,-0.339747, 
0,-0.957078,-0.940173,0.000132,-0.336800, 
0,-0.959361,-0.944847,-0.002928,-0.341702, 
0,-0.956066,-0.937737,0.002570,-0.332185, 
0,-0.959680,-0.940995,0.001692,-0.331075, 
0,-0.961402,-0.942052,0.000823,-0.330906, 
0,-0.965302,-0.945337,-0.001393,-0.331985, 
0,-0.969409,-0.951339,-0.004245,-0.337181, 
0,-0.962107,-0.941245,0.002667,-0.328093, 
0,-0.964046,-0.946278,0.000554,-0.330053, 
0,-0.967945,-0.951068,-0.002778,-0.333142, 
0,-0.966713,-0.949455,-0.002247,-0.333181, 
0,-0.962834,-0.944902,0.001169,-0.331616, 
0,-0.965807,-0.949840,0.000088,-0.338734, 
0,-0.967080,-0.951677,-0.000549,-0.342541, 
0,-0.967086,-0.951377,-0.001440,-0.344243, 
0,-0.966461,-0.951458,-0.001185,-0.343212, 
0,-0.967174,-0.952949,-0.000815,-0.339670, 
0,-0.966259,-0.952000,0.000247,-0.335194, 
0,-0.970941,-0.959464,-0.003392,-0.339920, 
0,-0.969539,-0.958460,-0.000583,-0.334960, 
0,-0.969247,-0.959859,-0.000563,-0.334849, 
0,-0.969702,-0.960480,-0.000253,-0.334307, 
0,-0.959292,-0.943611,0.010586,-0.316224, 
0,-0.971357,-0.963758,-0.002429,-0.337269, 
0,-0.978255,-0.976148,-0.010704,-0.355136, 
0,-0.972458,-0.967177,-0.004317,-0.348417, 
0,-0.959961,-0.950257,0.005549,-0.333175, 
0,-0.965277,-0.958748,-0.000689,-0.344286, 
0,-0.972049,-0.966474,-0.004243,-0.349869, 
0,-0.974535,-0.969892,-0.006608,-0.351260, 
0,-0.971177,-0.963245,-0.003167,-0.347445, 
0,-0.995047,-1.004007,-0.027470,-0.386568, 
0,-0.977608,-0.976730,-0.011175,-0.361938, 
0,-1.003071,-1.014224,-0.032227,-0.397769, 
0,-0.980847,-0.975453,-0.009500,-0.360292, 
0,-0.973294,-0.962175,-0.000866,-0.348594, 
0,-0.937786,-0.905926,0.033295,-0.288278, 
0,-0.973515,-0.961142,0.000450,-0.338037, 
0,-0.955295,-0.929445,0.019928,-0.305978, 
0,-0.966698,-0.947408,0.008477,-0.324773, 
0,-0.953665,-0.923881,0.023917,-0.301704, 
0,-0.976916,-0.962308,0.000423,-0.339421, 
0,-0.983770,-0.972733,-0.005266,-0.355133, 
0,-0.980039,-0.967426,-0.002034,-0.352332, 
0,-0.981580,-0.970622,-0.002258,-0.356536, 
0,-0.978582,-0.967599,-0.000307,-0.356341, 
0,-0.979786,-0.968730,-0.000612,-0.353412, 
0,-0.985805,-0.978741,-0.006598,-0.362942, 
0,-0.984799,-0.977319,-0.005447,-0.364809, 
0,-0.980690,-0.971727,-0.001962,-0.353242, 
0,-0.976052,-0.965702,0.001850,-0.345004, 
0,-0.972417,-0.960109,0.005779,-0.338283, 
0,-0.981024,-0.972798,-0.001808,-0.351006, 
0,-0.977680,-0.969205,-0.000228,-0.347532, 
0,-0.980931,-0.974713,-0.001776,-0.346703, 
0,-0.980873,-0.974266,-0.000063,-0.342507, 
0,-0.979629,-0.974397,-0.000858,-0.347227, 
0,-0.982103,-0.977301,-0.001367,-0.350350, 
0,-0.979992,-0.975461,-0.001247,-0.350587, 
0,-0.980549,-0.974522,-0.001185,-0.351732, 
0,-0.980061,-0.973997,-0.001403,-0.351472, 
0,-0.979112,-0.972567,-0.000873,-0.349369, 
0,-0.979420,-0.972762,-0.000990,-0.349830, 
0,-0.980579,-0.973383,-0.001262,-0.349695, 
0,-0.979410,-0.972523,-0.001088,-0.350720, 
0,-0.980348,-0.975186,-0.000686,-0.353777, 
0,-0.980803,-0.976243,-0.000539,-0.357047, 
0,-0.979512,-0.975759,-0.001083,-0.353930, 
0,-0.980966,-0.977577,-0.001959,-0.352757, 
0,-0.981226,-0.975059,-0.000967,-0.349270, 
0,-0.980970,-0.974711,-0.000340,-0.344729, 
0,-0.979890,-0.974473,-0.000993,-0.343934, 
0,-0.982990,-0.975332,-0.001378,-0.346446, 
0,-0.982905,-0.975462,-0.000658,-0.345989, 
0,-0.982851,-0.977469,-0.000966,-0.351894, 
0,-0.983477,-0.978784,-0.000989,-0.350449, 
0,-0.985458,-0.981899,-0.001211,-0.349963, 
0,-0.985608,-0.981791,-0.001059,-0.347011, 
0,-0.986711,-0.983897,-0.001002,-0.347044, 
0,-0.986828,-0.984142,-0.000968,-0.346082, 
0,-0.987547,-0.985964,-0.001086,-0.344378, 
0,-0.987162,-0.985880,-0.001058,-0.345660, 
0,-0.988724,-0.987009,-0.001131,-0.348271, 
0,-0.987037,-0.985261,-0.000930,-0.346165, 
0,-0.987130,-0.985224,-0.000917,-0.342934, 
0,-0.988469,-0.984681,-0.000927,-0.344615, 
0,-0.988900,-0.985766,-0.000927,-0.345719, 
0,-0.988943,-0.987230,-0.000859,-0.346068, 
0,-0.987991,-0.987918,-0.001078,-0.343065, 
0,-0.988455,-0.987619,-0.001413,-0.342409, 
0,-0.987533,-0.985414,-0.001085,-0.344871, 
0,-0.988031,-0.985389,-0.000847,-0.346198, 
0,-0.987695,-0.984386,-0.001099,-0.344162, 
0,-0.987612,-0.985756,-0.001041,-0.342647, 
0,-0.988265,-0.987497,-0.000997,-0.343969, 
0,-0.989856,-0.987549,-0.001082,-0.347955, 
0,-0.990061,-0.984913,-0.000953,-0.351983, 
0,-0.989610,-0.984630,-0.001172,-0.351837, 
0,-0.990270,-0.985307,-0.000975,-0.352520, 
0,-0.991136,-0.989155,-0.001028,-0.353380, 
0,-0.990524,-0.989766,-0.001032,-0.348410, 
0,-0.990312,-0.986314,-0.001000,-0.344025, 
0,-0.991506,-0.986719,-0.001059,-0.347217, 
0,-0.993034,-0.988952,-0.001024,-0.350726, 
0,-0.992716,-0.988103,-0.001010,-0.348828, 
0,-0.992324,-0.989179,-0.001077,-0.344996, 
0,-0.992958,-0.991844,-0.001113,-0.344331, 
0,-0.992947,-0.993275,-0.000987,-0.344278, 
0,-0.993289,-0.993994,-0.001056,-0.345731, 
0,-0.993294,-0.992497,-0.000961,-0.344673, 
0,-0.991109,-0.990352,-0.001111,-0.344179, 
0,-0.989971,-0.987463,-0.000772,-0.345879, 
0,-0.992924,-0.988812,-0.001026,-0.346389, 
0,-0.992886,-0.987125,-0.001392,-0.344358, 
0,-0.992609,-0.985515,-0.000654,-0.345008, 
0,-0.992862,-0.986406,-0.001117,-0.344511, 
0,-0.994396,-0.988171,-0.001234,-0.344502, 
0,-0.993125,-0.987019,-0.001019,-0.343843, 
0,-0.992691,-0.986299,-0.000932,-0.343534, 
0,-0.993358,-0.987643,-0.001052,-0.344385, 
0,-0.994020,-0.988161,-0.001203,-0.342160, 
0,-0.995042,-0.988410,-0.001515,-0.342282, 
0,-0.993815,-0.987220,-0.000980,-0.341224, 
0,-1.002889,-1.002806,-0.010109,-0.356037, 
0,-0.996848,-0.995968,-0.006754,-0.350118, 
0,-0.991569,-0.984131,0.002629,-0.337648, 
0,-0.985823,-0.975944,0.006828,-0.331698, 
0,-0.996122,-0.990550,-0.001245,-0.344055, 
0,-1.001545,-0.996289,-0.003980,-0.351886, 
0,-1.003836,-0.997098,-0.004551,-0.354570, 
0,-1.015162,-1.013284,-0.013701,-0.367866, 
0,-1.041163,-1.051953,-0.038315,-0.409161, 
0,-1.027883,-1.028440,-0.023541,-0.389309, 
0,-1.040365,-1.043596,-0.034082,-0.412933, 
0,-1.007194,-0.987742,-0.002126,-0.360429, 
0,-0.965411,-0.922468,0.040700,-0.290909, 
0,-0.995551,-0.972263,0.009952,-0.335122, 
0,-1.015269,-1.002770,-0.008123,-0.360501, 
0,-1.004168,-0.983662,0.004346,-0.337272, 
0,-1.009919,-0.992899,-0.001658,-0.345987, 
0,-1.001897,-0.980786,0.005461,-0.339482, 
0,-1.031979,-1.031133,-0.023215,-0.390804, 
0,-1.053433,-1.064604,-0.045273,-0.420446, 
0,-0.981202,-0.951561,0.026414,-0.312482, 
0,-0.983040,-0.952627,0.025847,-0.314368, 
0,-0.968881,-0.926170,0.037561,-0.285772, 
0,-0.982833,-0.947704,0.023490,-0.306465, 
0,-1.014640,-0.999461,-0.006420,-0.355230, 
0,-1.010740,-0.993015,-0.002181,-0.351657, 
0,-1.011647,-0.993916,-0.003199,-0.353754, 
0,-1.010484,-0.992257,-0.003190,-0.351408, 
0,-1.008869,-0.988882,-0.002020,-0.349080, 
0,-1.009557,-0.988827,-0.000657,-0.347071, 
0,-1.010718,-0.991175,-0.001834,-0.348743, 
0,-1.021710,-1.008387,-0.012434,-0.365731, 
0,-1.004974,-0.981248,0.004017,-0.340769, 
0,-1.003316,-0.978268,0.006461,-0.339514, 
0,-1.014760,-0.996878,-0.002872,-0.355985, 
0,-1.009880,-0.987888,0.000767,-0.352300, 
0,-1.011929,-0.991723,-0.001322,-0.353700, 
0,-1.012597,-0.992525,-0.000930,-0.350766, 
0,-1.014984,-0.995148,-0.001180,-0.349646, 
0,-1.019295,-0.999054,-0.003881,-0.352528, 
0,-1.012929,-0.989571,0.002080,-0.342707, 
0,-1.010822,-0.986564,0.002940,-0.339131, 
0,-1.015429,-0.992592,-0.000197,-0.345686, 
0,-1.015800,-0.994591,-0.001227,-0.348095, 
0,-1.012874,-0.991011,0.000934,-0.342036, 
0,-1.015734,-0.994743,-0.001290,-0.346367, 
0,-1.014826,-0.993538,-0.000901,-0.345801, 
0,-1.014742,-0.995187,-0.002340,-0.350206, 
0,-1.019474,-1.001991,-0.005068,-0.354550, 
0,-1.013582,-0.993135,0.000754,-0.342907, 
0,-1.015743,-0.995898,-0.000964,-0.342834, 
0,-1.014448,-0.993774,0.000718,-0.339180, 
0,-1.014485,-0.994109,-0.000729,-0.339391, 
0,-1.015319,-0.993124,-0.001073,-0.341605, 
0,-1.015407,-0.993458,-0.000890,-0.344304, 
0,-1.014129,-0.991859,-0.000985,-0.346646, 
0,-1.015535,-0.993883,-0.001338,-0.349857, 
0,-1.017598,-0.995112,-0.000917,-0.347879, 
0,-1.016293,-0.992903,-0.001038,-0.345860, 
0,-1.018908,-0.993575,-0.000641,-0.345636, 
0,-1.019696,-0.993044,-0.000616,-0.346192, 
0,-1.023282,-0.999517,-0.003640,-0.350739, 
0,-1.017787,-0.990743,0.001586,-0.340084, 
0,-1.027916,-1.008085,-0.008567,-0.354551, 
0,-1.023177,-1.000466,-0.002072,-0.346705, 
0,-1.047555,-1.040441,-0.025788,-0.390717, 
0,-1.015988,-0.990230,0.005403,-0.341507, 
0,-1.024677,-1.002429,-0.002026,-0.353367, 
0,-1.023407,-0.997925,-0.000281,-0.348322, 
0,-1.023536,-0.998715,-0.000767,-0.350177, 
0,-1.024020,-0.998420,0.000153,-0.350335, 
0,-1.025220,-1.000501,-0.000509,-0.349122, 
0,-1.025475,-1.001729,0.000066,-0.345143, 
0,-1.026395,-1.004219,-0.000720,-0.346172, 
0,-1.026041,-1.004603,-0.000987,-0.343378, 
0,-1.026747,-1.004389,-0.001513,-0.343365, 
0,-1.027363,-1.003697,-0.000821,-0.345799, 
0,-1.027052,-1.001884,-0.001166,-0.347432, 
0,-1.025444,-1.001006,-0.000796,-0.352041, 
0,-1.026320,-1.002244,-0.000810,-0.355966, 
0,-1.024474,-0.999686,-0.000533,-0.352628, 
0,-1.025658,-0.999486,-0.000852,-0.350999, 
0,-1.024724,-0.997343,-0.000957,-0.348566, 
0,-1.026477,-0.999242,-0.001402,-0.348150, 
0,-1.026338,-0.999363,-0.000832,-0.350524, 
0,-1.025624,-0.999512,-0.000634,-0.351658, 
0,-1.026989,-0.999542,-0.000834,-0.349385, 
0,-1.027728,-0.999418,-0.000873,-0.347585, 
0,-1.026338,-0.995843,0.000998,-0.341454, 
0,-1.024642,-0.992721,0.001820,-0.336671, 
5,-1.029719,-1.001233,-0.003607,-0.345673,"Analyte Added"
0,-1.151339,-1.195262,-0.122129,-0.539630, 
0,-1.057972,-1.028886,-0.027615,-0.381544, 
0,-1.048395,-1.022647,-0.009116,-0.364134, 
0,-1.231961,-1.072751,0.005176,-0.376449, 
0,-1.214380,-0.824305,0.170324,-0.077278, 
0,-1.482632,-1.174629,-0.035768,-0.467110, 
0,-1.444732,-1.077215,0.056820,-0.417934, 
0,-1.559818,-1.240156,0.001395,-0.507694, 
0,-1.572374,-1.256119,-0.008495,-0.600989, 
0,-1.599083,-1.273259,-0.005509,-0.648212, 
0,-1.627284,-1.299930,-0.000361,-0.654866, 
0,-1.673330,-1.319905,-0.004832,-0.695576, 
0,-1.714749,-1.335652,-0.003272,-0.720909, 
0,-1.760085,-1.354044,-0.003563,-0.724999, 
0,-1.802587,-1.380505,-0.002314,-0.722140, 
0,-1.826798,-1.392391,-0.001252,-0.717723, 
0,-1.850808,-1.401074,-0.001493,-0.714785, 
0,-1.880207,-1.411106,-0.001842,-0.714497, 
0,-1.900218,-1.422829,-0.001932,-0.715669, 
0,-1.906825,-1.423015,-0.001414,-0.715429, 
0,-1.918449,-1.427388,-0.001292,-0.719632, 
0,-1.930665,-1.429019,-0.001419,-0.722318, 
0,-1.953527,-1.432860,-0.001368,-0.724970, 
0,-1.972084,-1.439017,-0.001368,-0.728862, 
0,-1.984483,-1.441390,-0.000907,-0.728359, 
0,-1.991475,-1.444160,-0.001250,-0.728694, 
0,-1.996103,-1.441802,-0.001254,-0.727604, 
0,-1.999381,-1.441798,-0.001258,-0.730517, 
0,-2.000591,-1.438858,-0.001343,-0.730720, 
0,-2.014377,-1.441213,-0.001175,-0.732280, 
0,-2.021131,-1.442943,-0.000767,-0.732687, 
0,-2.023882,-1.444357,-0.000840,-0.733247, 
0,-2.025075,-1.441658,-0.001049,-0.735011, 
0,-2.029384,-1.440174,-0.001295,-0.739380, 
0,-2.029521,-1.436418,-0.001141,-0.740253, 
0,-2.028174,-1.432606,-0.001935,-0.739223, 
0,-2.024377,-1.427911,-0.000278,-0.735663, 
0,-2.025523,-1.425961,-0.001348,-0.737549, 
0,-2.022362,-1.421852,-0.000824,-0.739745, 
0,-2.019984,-1.418437,-0.001026,-0.741264, 
0,-2.021559,-1.419482,-0.001347,-0.742497, 
0,-2.022390,-1.417201,-0.000929,-0.744713, 
0,-2.023980,-1.417239,-0.001332,-0.745646, 
0,-2.025297,-1.416441,-0.001037,-0.746085, 
0,-2.024428,-1.414505,-0.001186,-0.748980, 
0,-2.023219,-1.410723,-0.000931,-0.753077, 
0,-2.023605,-1.408846,-0.000815,-0.756638, 
0,-2.024871,-1.408846,-0.000914,-0.759320, 
0,-2.023365,-1.407635,-0.001409,-0.760625, 
0,-2.025480,-1.407935,-0.001075,-0.761542, 
0,-2.023975,-1.405177,-0.001151,-0.758064, 
0,-2.025209,-1.405391,-0.000866,-0.754301, 
0,-2.024064,-1.404625,-0.001132,-0.754661, 
0,-2.021800,-1.401821,-0.000898,-0.753281, 
0,-2.022344,-1.402479,-0.001372,-0.752146, 
0,-2.022643,-1.402320,-0.001113,-0.754254, 
0,-2.023152,-1.404428,-0.000743,-0.756351, 
0,-2.021168,-1.402499,-0.001278,-0.759161, 
0,-2.021135,-1.402358,-0.001455,-0.761983, 
0,-2.022257,-1.401568,-0.001316,-0.760768, 
0,-2.022769,-1.401488,-0.001158,-0.754578, 
0,-2.022022,-1.400983,-0.000959,-0.750647, 
0,-2.022373,-1.403205,-0.001186,-0.749050, 
0,-2.021971,-1.401910,-0.001854,-0.749060, 
0,-2.022675,-1.402387,-0.001628,-0.748984, 
0,-2.020037,-1.397666,-0.000939,-0.749693, 
0,-2.023997,-1.401553,-0.001107,-0.752492, 
0,-2.022425,-1.397706,-0.001620,-0.755425, 
0,-2.021023,-1.394793,-0.001272,-0.754454, 
0,-2.024122,-1.395960,-0.001403,-0.754443, 
0,-2.023348,-1.394225,-0.001137,-0.754960, 
0,-2.024219,-1.396178,-0.001140,-0.756370, 
0,-2.023719,-1.397369,-0.001162,-0.754844, 
0,-2.024840,-1.398833,-0.001540,-0.754511, 
0,-2.024986,-1.398147,-0.001281,-0.753096, 
0,-2.026308,-1.397225,-0.000881,-0.749002, 
0,-2.026240,-1.398264,-0.000949,-0.746313, 
0,-2.025978,-1.396976,-0.001176,-0.745198, 
0,-2.027733,-1.397404,-0.001277,-0.745376, 
0,-2.029684,-1.399567,-0.001035,-0.745335, 
0,-2.028522,-1.400346,-0.000943,-0.746206, 
0,-2.027942,-1.399628,-0.000782,-0.745355, 
0,-2.029267,-1.401251,-0.001754,-0.745603, 
0,-2.028510,-1.400905,-0.001108,-0.745085, 
0,-2.030635,-1.402826,-0.001179,-0.744265, 
0,-2.033775,-1.403385,-0.001036,-0.742298, 
0,-2.032519,-1.400994,-0.001119,-0.740973, 
0,-2.032860,-1.399879,-0.001165,-0.741213, 
0,-2.034338,-1.402138,-0.001055,-0.742106, 
0,-2.035718,-1.404354,-0.000970,-0.739066, 
0,-2.033573,-1.400117,-0.000711,-0.735059, 
0,-2.034465,-1.402311,-0.001232,-0.737217, 
0,-2.033977,-1.402571,-0.001006,-0.739407, 
0,-2.035680,-1.403451,-0.001284,-0.742662, 
0,-2.038869,-1.404449,-0.000822,-0.742877, 
0,-2.038533,-1.402536,-0.000842,-0.742713, 
0,-2.040153,-1.403846,-0.001293,-0.741780, 
0,-2.038089,-1.402152,-0.000741,-0.739540, 
0,-2.036566,-1.399887,0.001348,-0.737554, 
0,-2.038722,-1.405641,-0.001239,-0.743247, 
0,-2.039480,-1.404666,-0.001814,-0.742431, 
0,-2.037701,-1.400633,-0.000048,-0.740717, 
0,-2.039781,-1.402014,-0.002446,-0.745025, 
0,-2.037163,-1.395317,-0.000114,-0.744362, 
0,-2.039112,-1.398982,-0.000713,-0.749658, 
0,-2.038063,-1.398344,-0.000925,-0.750748, 
0,-2.039074,-1.399332,-0.001218,-0.751326, 
0,-2.038059,-1.399238,-0.000942,-0.746536, 
0,-2.037036,-1.398705,-0.001041,-0.745689, 
0,-2.037411,-1.399076,-0.000842,-0.746764, 
0,-2.037554,-1.398060,-0.000703,-0.745148, 
0,-2.037100,-1.396871,-0.001174,-0.744669, 
0,-2.036874,-1.396799,-0.001072,-0.742410, 
0,-2.037326,-1.398463,-0.001090,-0.742419, 
0,-2.035140,-1.397209,-0.000751,-0.740898, 
0,-2.035870,-1.395510,-0.000889,-0.739685, 
0,-2.035053,-1.395161,-0.001065,-0.738510, 
0,-2.035190,-1.395549,-0.000867,-0.737861, 
0,-2.038219,-1.395460,-0.000991,-0.737399, 
0,-2.038430,-1.394663,-0.000677,-0.738946, 
0,-2.037924,-1.393993,-0.000680,-0.740745, 
0,-2.037679,-1.393921,-0.001332,-0.740336, 
0,-2.039014,-1.397386,-0.001208,-0.742635, 
0,-2.039322,-1.397226,-0.001025,-0.741605, 
0,-2.037165,-1.394808,-0.000760,-0.739045, 
0,-2.038422,-1.395620,-0.000776,-0.740500, 
0,-2.039142,-1.395342,-0.001257,-0.743338, 
0,-2.038161,-1.395161,-0.001103,-0.743335, 
0,-2.038646,-1.395762,-0.001129,-0.744612, 
0,-2.040095,-1.398423,-0.000923,-0.743652, 
0,-2.038466,-1.397764,-0.000843,-0.744943, 
0,-2.038949,-1.399691,-0.001189,-0.746978, 
0,-2.038323,-1.400178,-0.001333,-0.746819, 
0,-2.037313,-1.398408,-0.001103,-0.747427, 
0,-2.036655,-1.397783,-0.001049,-0.746000, 
0,-2.037359,-1.398304,-0.000894,-0.745535, 
0,-2.036214,-1.397625,-0.000788,-0.742285, 
0,-2.036845,-1.399973,-0.001426,-0.743064, 
0,-2.038172,-1.401833,-0.001121,-0.742511, 
0,-2.033789,-1.394738,0.001257,-0.739498, 
0,-2.035618,-1.398314,-0.001365,-0.745171, 
0,-2.034969,-1.397579,-0.001176,-0.744775, 
0,-2.034489,-1.396226,-0.000166,-0.742705, 
0,-2.033916,-1.395419,-0.000020,-0.741834, 
0,-2.038109,-1.402372,-0.004754,-0.749645, 
0,-2.034882,-1.395167,-0.000833,-0.742280, 
0,-2.036301,-1.396480,-0.001568,-0.742703, 
0,-2.032210,-1.389055,0.003519,-0.733955, 
0,-2.038262,-1.400245,-0.004065,-0.744949, 
0,-2.037548,-1.398975,-0.002685,-0.740481, 
0,-2.037173,-1.396873,-0.003225,-0.739684, 
0,-2.031723,-1.387313,0.003075,-0.730686, 
0,-2.036159,-1.389560,0.000580,-0.735739, 
0,-2.039196,-1.393932,-0.001692,-0.740995, 
0,-2.040545,-1.393057,-0.002404,-0.742779, 
0,-2.040620,-1.390567,-0.001089,-0.740610, 
0,-2.042450,-1.392004,-0.001281,-0.741247, 
0,-2.041431,-1.391947,-0.001550,-0.741443, 
0,-2.042587,-1.395391,-0.001374,-0.742478, 
0,-2.044799,-1.397919,-0.002469,-0.744915, 
0,-2.041659,-1.393533,-0.000490,-0.741720, 
0,-2.040860,-1.393671,-0.000755,-0.743747, 
0,-2.040275,-1.392792,-0.000511,-0.742885, 
0,-2.041425,-1.395326,-0.002179,-0.753252, 
0,-2.041605,-1.395404,-0.001870,-0.758051, 
0,-2.032433,-1.380618,0.006340,-0.745278, 
0,-2.040413,-1.395499,-0.002561,-0.756058, 
0,-2.041702,-1.401011,-0.004592,-0.755581, 
0,-2.042570,-1.401464,-0.005522,-0.752672, 
0,-2.009597,-1.351650,0.026651,-0.701459, 
0,-2.103557,-1.502243,-0.068854,-0.847002, 
0,-2.008734,-1.352606,0.025416,-0.703111, 
0,-2.033678,-1.390626,0.002528,-0.737545, 
0,-2.218627,-1.684481,-0.183897,-1.043109, 
0,-1.881920,-1.144864,0.154345,-0.507092, 
0,-2.024404,-1.372910,0.010472,-0.723481, 
0,-2.038735,-1.397579,-0.004555,-0.746655, 
0,-2.028423,-1.381886,0.005560,-0.730502, 
0,-2.038929,-1.396209,-0.003227,-0.745369, 
0,-2.035662,-1.389599,-0.000327,-0.742955, 
0,-2.038190,-1.392354,-0.002785,-0.748126, 
0,-2.031601,-1.382545,0.001951,-0.744172, 
0,-2.038263,-1.391261,-0.003672,-0.753074, 
0,-2.034261,-1.385189,-0.000752,-0.749647, 
0,-2.034157,-1.382239,-0.000125,-0.752787, 
0,-2.035650,-1.382181,-0.000762,-0.754666, 
0,-2.036648,-1.382506,-0.000713,-0.753427, 
0,-2.035283,-1.381788,-0.000642,-0.751596, 
0,-2.039442,-1.387038,-0.002884,-0.755322, 
0,-2.033307,-1.377366,0.002199,-0.745594, 
0,-2.038332,-1.382458,-0.000059,-0.749474, 
0,-2.040835,-1.386523,-0.001914,-0.753677, 
0,-2.040423,-1.385301,-0.000998,-0.749765, 
0,-2.040444,-1.386003,-0.000275,-0.747565, 
0,-2.044137,-1.390332,-0.002691,-0.749039, 
0,-2.041290,-1.385849,0.000424,-0.747014, 
0,-2.041097,-1.384884,0.000693,-0.746087, 
0,-2.042500,-1.385153,-0.000372,-0.746572, 
0,-2.042569,-1.385172,-0.001331,-0.746678, 
0,-2.043904,-1.388241,-0.001594,-0.750061, 
0,-2.036867,-1.378450,0.004945,-0.743829, 
0,-2.033087,-1.372729,0.008363,-0.736812, 
0,-2.041388,-1.389350,-0.003186,-0.750522, 
0,-2.049801,-1.403351,-0.010976,-0.762459, 
0,-2.072386,-1.441218,-0.033362,-0.799008, 
0,-2.046970,-1.401223,-0.007629,-0.760920, 
0,-2.047183,-1.402793,-0.006780,-0.761401, 
0,-2.030760,-1.376108,0.008142,-0.737525, 
0,-2.011083,-1.341479,0.026627,-0.702089, 
0,-2.044151,-1.398423,-0.007536,-0.754537, 
0,-2.038886,-1.393301,-0.003549,-0.749859, 
0,-2.037235,-1.390321,-0.001710,-0.747472, 
0,-2.037208,-1.388366,-0.001920,-0.743897, 
6,-2.039632,-1.389333,-0.001286,-0.743253,"Test Substance Added"
0,-2.039741,-1.389443,-0.000592,-0.741958, 
0,-2.041264,-1.389892,-0.001793,-0.742402, 
7,-2.039849,-1.387135,-0.001106,-0.742539,"END OF CALIBRATION"
