-1.000000,-0.000217,-0.008503,-0.000009,-0.005634
-1.000000,-0.000217,-0.008503,-0.000009,-0.005634
-1.000000,0.000000,0.000000,0.000000,0.000000
-1.000000,0.000000,0.000000,0.000000,0.000000
-1.000000,0.000000,0.000000,0.000000,0.000000
-1.000000,0.000000,0.000000,0.000000,0.000000
-1.000000,0.000000,0.000000,0.000000,0.000000
0,-0.283747,-0.390383,-0.266328,-0.268505, 
0,-0.284484,-0.391896,-0.266933,-0.269441, 
0,-0.283894,-0.390774,-0.266770,-0.269602, 
0,-0.284068,-0.391017,-0.266405,-0.268771, 
0,-0.283905,-0.391442,-0.267695,-0.270770, 
0,-0.284390,-0.391845,-0.267236,-0.270320, 
0,-0.284026,-0.390372,-0.267545,-0.270562, 
0,-0.296508,-0.411639,-0.278562,-0.289359, 
0,-0.233102,-0.311848,-0.222478,-0.190655, 
0,-0.252973,-0.338654,-0.238443,-0.218877, 
1,-0.287903,-0.397044,-0.270448,-0.275933,"Baseline"
0,-0.263845,-0.357348,-0.248630,-0.237476, 
0,-0.098393,-0.113898,-0.104425,0.008943, 
0,-0.054075,-0.061352,-0.071406,0.055683, 
0,-0.172822,-0.234588,-0.175557,-0.115548, 
0,-0.312962,-0.450484,-0.296626,-0.329888, 
0,-0.403002,-0.603525,-0.377517,-0.481240, 
0,-0.616306,-0.889117,-0.555608,-0.771782, 
0,-0.333577,-0.450469,-0.304322,-0.338513, 
0,-0.279159,-0.380013,-0.258538,-0.261295, 
0,-0.279180,-0.398183,-0.263321,-0.259599, 
0,-0.292245,-0.442466,-0.281914,-0.282356, 
0,-0.329613,-0.519343,-0.319088,-0.338541, 
0,-0.314173,-0.511761,-0.302356,-0.310013, 
0,-0.304281,-0.515366,-0.295879,-0.294131, 
0,-0.300724,-0.523413,-0.294610,-0.285774, 
0,-0.295699,-0.522995,-0.292229,-0.276625, 
0,-0.289219,-0.516696,-0.287675,-0.264598, 
0,-0.281952,-0.509628,-0.281977,-0.252360, 
0,-0.285563,-0.519219,-0.285225,-0.256062, 
0,-0.273551,-0.502498,-0.274244,-0.234835, 
0,-0.261817,-0.486621,-0.263424,-0.214996, 
0,-0.273595,-0.509641,-0.274657,-0.234393, 
0,-0.289210,-0.534418,-0.289244,-0.257274, 
0,-0.306503,-0.562187,-0.305190,-0.283111, 
0,-0.305288,-0.561318,-0.304332,-0.281173, 
0,-0.147064,-0.334349,-0.158664,-0.048861, 
0,-0.240265,-0.501036,-0.260377,-0.225015, 
0,-0.307228,-0.566549,-0.306819,-0.282532, 
0,-0.302026,-0.561241,-0.302146,-0.274508, 
0,-0.367546,-0.660254,-0.362846,-0.374126, 
0,-0.344380,-0.625380,-0.340812,-0.339422, 
0,-0.318629,-0.585594,-0.317942,-0.301835, 
0,-0.320183,-0.588844,-0.318858,-0.305071, 
0,-0.311400,-0.575300,-0.310476,-0.293252, 
0,-0.302740,-0.562593,-0.303605,-0.279657, 
0,-0.300753,-0.559471,-0.302357,-0.277127, 
0,-0.318411,-0.587044,-0.318677,-0.305997, 
0,-0.308924,-0.570858,-0.309084,-0.290318, 
0,-0.308119,-0.570269,-0.308385,-0.288275, 
0,-0.307876,-0.570032,-0.307750,-0.287046, 
0,-0.305923,-0.566581,-0.305950,-0.283445, 
0,-0.305205,-0.566112,-0.306137,-0.283491, 
0,-0.305537,-0.566039,-0.306013,-0.283079, 
0,-0.305403,-0.566495,-0.305915,-0.282755, 
0,-0.305463,-0.566355,-0.306078,-0.282834, 
0,-0.305775,-0.567011,-0.305778,-0.282179, 
0,-0.306222,-0.567656,-0.306051,-0.282129, 
0,-0.306441,-0.567252,-0.305816,-0.281708, 
0,-0.306585,-0.568017,-0.305985,-0.281679, 
0,-0.306454,-0.567598,-0.305619,-0.281015, 
0,-0.306056,-0.566017,-0.306067,-0.281246, 
0,-0.305208,-0.565859,-0.305367,-0.280038, 
0,-0.305209,-0.565295,-0.305604,-0.280218, 
0,-0.305269,-0.564985,-0.305148,-0.280171, 
0,-0.305688,-0.565407,-0.305330,-0.280331, 
0,-0.306045,-0.565994,-0.305400,-0.280401, 
0,-0.305399,-0.564375,-0.304632,-0.278923, 
0,-0.304191,-0.562525,-0.304616,-0.278689, 
0,-0.305958,-0.564755,-0.305618,-0.280556, 
0,-0.306262,-0.565016,-0.305841,-0.281402, 
0,-0.303642,-0.561074,-0.304607,-0.279522, 
0,-0.308227,-0.568125,-0.307957,-0.285387, 
0,-0.297263,-0.549309,-0.297900,-0.267963, 
0,-0.303752,-0.560966,-0.304578,-0.278575, 
0,-0.306925,-0.564708,-0.307419,-0.284321, 
0,-0.309759,-0.569875,-0.310745,-0.289770, 
0,-0.288886,-0.536407,-0.290920,-0.255186, 
0,-0.307487,-0.566439,-0.308552,-0.284878, 
0,-0.291340,-0.539982,-0.293554,-0.258735, 
0,-0.302982,-0.559669,-0.304417,-0.277621, 
0,-0.299215,-0.554884,-0.300603,-0.271483, 
0,-0.302702,-0.559820,-0.304130,-0.277178, 
0,-0.301274,-0.556608,-0.303428,-0.276240, 
0,-0.302134,-0.558443,-0.304048,-0.277382, 
0,-0.310620,-0.572552,-0.311912,-0.291402, 
0,-0.310473,-0.571677,-0.310846,-0.290413, 
0,-0.301634,-0.556275,-0.303327,-0.276982, 
0,-0.299367,-0.553407,-0.300985,-0.273165, 
0,-0.303505,-0.560332,-0.305376,-0.280321, 
0,-0.305938,-0.563422,-0.307557,-0.284283, 
0,-0.301967,-0.556836,-0.303917,-0.277880, 
0,-0.302004,-0.557644,-0.303199,-0.276709, 
0,-0.301086,-0.555426,-0.303203,-0.276291, 
0,-0.301004,-0.555074,-0.303267,-0.276201, 
0,-0.299963,-0.555439,-0.303363,-0.276217, 
0,-0.301079,-0.555441,-0.303375,-0.276260, 
0,-0.300875,-0.555828,-0.303298,-0.276098, 
0,-0.302680,-0.558647,-0.304269,-0.277830, 
0,-0.302608,-0.558240,-0.303844,-0.277456, 
0,-0.289174,-0.537263,-0.292639,-0.256722, 
0,-0.291251,-0.540629,-0.294134,-0.259203, 
0,-0.284995,-0.530086,-0.288745,-0.249246, 
0,-0.302660,-0.558894,-0.304655,-0.277302, 
0,-0.303856,-0.560858,-0.305658,-0.279618, 
0,-0.301731,-0.557312,-0.304132,-0.276813, 
0,-0.300921,-0.556755,-0.303525,-0.276160, 
0,-0.300601,-0.555538,-0.303607,-0.275868, 
0,-0.301533,-0.556072,-0.303904,-0.276277, 
0,-0.301628,-0.556738,-0.303240,-0.275221, 
0,-0.301660,-0.556528,-0.303239,-0.274770, 
0,-0.300581,-0.555279,-0.303608,-0.275152, 
0,-0.300006,-0.555566,-0.303632,-0.275411, 
0,-0.301941,-0.557558,-0.304252,-0.276928, 
0,-0.314376,-0.577309,-0.315482,-0.296975, 
0,-0.312923,-0.574850,-0.313950,-0.294419, 
0,-0.301508,-0.556530,-0.303534,-0.276157, 
0,-0.286466,-0.532973,-0.290222,-0.252448, 
0,-0.290977,-0.540330,-0.295221,-0.261122, 
0,-0.299388,-0.553474,-0.302499,-0.273715, 
0,-0.302150,-0.558083,-0.304603,-0.277410, 
0,-0.301537,-0.557336,-0.303493,-0.275705, 
0,-0.301027,-0.555735,-0.303290,-0.275638, 
0,-0.301164,-0.555999,-0.303314,-0.275630, 
0,-0.302108,-0.556630,-0.303697,-0.276239, 
0,-0.302975,-0.558477,-0.304497,-0.277950, 
0,-0.303007,-0.558341,-0.304355,-0.277471, 
0,-0.309181,-0.568639,-0.309742,-0.287532, 
0,-0.300549,-0.553867,-0.301600,-0.273416, 
0,-0.301758,-0.556091,-0.302756,-0.275412, 
0,-0.299150,-0.552216,-0.301029,-0.271843, 
0,-0.298367,-0.550266,-0.300865,-0.271634, 
0,-0.299373,-0.551784,-0.301357,-0.272600, 
0,-0.300603,-0.553511,-0.302243,-0.274091, 
0,-0.300308,-0.552758,-0.302262,-0.274385, 
0,-0.300892,-0.553648,-0.302426,-0.274485, 
0,-0.301179,-0.554031,-0.302660,-0.274696, 
0,-0.301070,-0.553320,-0.302843,-0.274869, 
0,-0.300921,-0.553188,-0.302517,-0.274493, 
0,-0.300043,-0.553346,-0.302689,-0.274449, 
0,-0.300346,-0.553478,-0.302271,-0.274149, 
0,-0.300165,-0.552664,-0.302354,-0.274261, 
0,-0.301409,-0.554614,-0.302246,-0.274173, 
0,-0.301310,-0.554438,-0.302023,-0.274094, 
0,-0.300989,-0.553237,-0.301902,-0.273967, 
0,-0.300782,-0.552798,-0.302128,-0.274296, 
0,-0.300195,-0.552714,-0.301856,-0.273805, 
0,-0.299828,-0.551842,-0.301923,-0.273756, 
0,-0.299885,-0.551960,-0.302057,-0.273818, 
0,-0.300126,-0.552205,-0.301958,-0.273730, 
0,-0.299879,-0.550821,-0.301828,-0.273841, 
0,-0.299694,-0.551744,-0.301698,-0.273667, 
0,-0.299905,-0.551490,-0.301817,-0.273648, 
0,-0.299407,-0.550393,-0.301725,-0.273615, 
0,-0.299407,-0.550345,-0.301652,-0.273357, 
0,-0.301253,-0.553300,-0.303070,-0.275304, 
0,-0.299315,-0.550876,-0.301508,-0.273263, 
0,-0.298948,-0.549993,-0.301629,-0.273230, 
0,-0.299531,-0.551261,-0.301685,-0.273277, 
0,-0.299394,-0.550710,-0.301661,-0.273138, 
0,-0.299299,-0.550266,-0.301204,-0.272635, 
0,-0.298867,-0.549256,-0.300995,-0.272514, 
0,-0.298014,-0.548487,-0.300543,-0.271674, 
0,-0.298696,-0.549411,-0.300123,-0.270821, 
0,-0.299306,-0.550650,-0.300445,-0.271258, 
0,-0.303309,-0.557163,-0.304356,-0.277961, 
0,-0.298089,-0.548596,-0.299941,-0.270118, 
0,-0.298138,-0.548122,-0.299677,-0.269557, 
0,-0.283515,-0.524600,-0.286059,-0.245349, 
0,-0.283866,-0.526041,-0.287971,-0.248393, 
0,-0.279889,-0.518899,-0.284537,-0.242263, 
0,-0.307159,-0.564285,-0.308760,-0.285182, 
0,-0.296359,-0.545672,-0.298615,-0.266815, 
0,-0.296380,-0.546202,-0.298636,-0.266735, 
0,-0.285575,-0.527713,-0.289193,-0.249992, 
0,-0.316532,-0.578997,-0.318401,-0.301759, 
2,-0.290896,-0.536280,-0.294813,-0.260173,"Interferent"
0,-0.177921,-0.354261,-0.192757,-0.078069, 
0,-0.196248,-0.402912,-0.214644,-0.122453, 
0,-0.262313,-0.498068,-0.272286,-0.221620, 
0,-0.292024,-0.541712,-0.298186,-0.271580, 
0,-0.317340,-0.580186,-0.320499,-0.314343, 
0,-0.331207,-0.608650,-0.331074,-0.325975, 
0,-0.258677,-0.479076,-0.263849,-0.198173, 
0,-0.298547,-0.555916,-0.301448,-0.275145, 
0,-0.388846,-0.715267,-0.384228,-0.426962, 
0,-0.455331,-0.812079,-0.441827,-0.531223, 
0,-0.327561,-0.604239,-0.324252,-0.332753, 
0,-0.307546,-0.574474,-0.306664,-0.292238, 
0,-0.302597,-0.572245,-0.302863,-0.290112, 
0,-0.296887,-0.567634,-0.298582,-0.284923, 
0,-0.294719,-0.566897,-0.296642,-0.283404, 
0,-0.295887,-0.573054,-0.297783,-0.287185, 
0,-0.296374,-0.578177,-0.298273,-0.290059, 
0,-0.297244,-0.582506,-0.298838,-0.293340, 
0,-0.298726,-0.587424,-0.299686,-0.297130, 
0,-0.298228,-0.589108,-0.299260,-0.298363, 
0,-0.292892,-0.582078,-0.294563,-0.292297, 
0,-0.296967,-0.591710,-0.298041,-0.300477, 
0,-0.300048,-0.600075,-0.300797,-0.307460, 
0,-0.307820,-0.613211,-0.307670,-0.321187, 
0,-0.299811,-0.602984,-0.300268,-0.310570, 
0,-0.298885,-0.604947,-0.300348,-0.312624, 
0,-0.301416,-0.610510,-0.300883,-0.315460, 
0,-0.301760,-0.611303,-0.301353,-0.317942, 
0,-0.302186,-0.615349,-0.301252,-0.319989, 
0,-0.302902,-0.618985,-0.301415,-0.321735, 
0,-0.303375,-0.621727,-0.302050,-0.323791, 
0,-0.303603,-0.623959,-0.301941,-0.325249, 
0,-0.302936,-0.624377,-0.302085,-0.326466, 
0,-0.303219,-0.627072,-0.302063,-0.327810, 
0,-0.303467,-0.627369,-0.302102,-0.329367, 
0,-0.304212,-0.630566,-0.301934,-0.330690, 
0,-0.304038,-0.631916,-0.301712,-0.332203, 
0,-0.304343,-0.634596,-0.302286,-0.334404, 
0,-0.304341,-0.636401,-0.302078,-0.334994, 
0,-0.304689,-0.637326,-0.302261,-0.335969, 
0,-0.304191,-0.637666,-0.302324,-0.337107, 
0,-0.303628,-0.638138,-0.302486,-0.338096, 
0,-0.304005,-0.638796,-0.302501,-0.339453, 
0,-0.304008,-0.640516,-0.302452,-0.340324, 
0,-0.303824,-0.641853,-0.302498,-0.341166, 
0,-0.303056,-0.641936,-0.301935,-0.340828, 
0,-0.302196,-0.642244,-0.300471,-0.340205, 
0,-0.304059,-0.646265,-0.301532,-0.342762, 
0,-0.294430,-0.630875,-0.293686,-0.328749, 
0,-0.291462,-0.626743,-0.291225,-0.324593, 
0,-0.313414,-0.663096,-0.311555,-0.360545, 
0,-0.299438,-0.641757,-0.299143,-0.340499, 
0,-0.293634,-0.633332,-0.293039,-0.330390, 
0,-0.303340,-0.650762,-0.301748,-0.347980, 
0,-0.305991,-0.656076,-0.303505,-0.352885, 
0,-0.304455,-0.654842,-0.302650,-0.351388, 
0,-0.302517,-0.652607,-0.300950,-0.348586, 
0,-0.304112,-0.656077,-0.302843,-0.352338, 
0,-0.304158,-0.656889,-0.302373,-0.351913, 
0,-0.304022,-0.658255,-0.302952,-0.353376, 
0,-0.304627,-0.660296,-0.302809,-0.353820, 
0,-0.304144,-0.660015,-0.302446,-0.353680, 
0,-0.305229,-0.663607,-0.303020,-0.355357, 
0,-0.305966,-0.665194,-0.304028,-0.357830, 
0,-0.305134,-0.665184,-0.303505,-0.357205, 
0,-0.304746,-0.663983,-0.302979,-0.357285, 
0,-0.304934,-0.665619,-0.303354,-0.358092, 
0,-0.304609,-0.666045,-0.302971,-0.358180, 
0,-0.303992,-0.665837,-0.303623,-0.360117, 
0,-0.304470,-0.667688,-0.303405,-0.360418, 
0,-0.304218,-0.668561,-0.303706,-0.360911, 
0,-0.304987,-0.670996,-0.303995,-0.361540, 
0,-0.305580,-0.671844,-0.303770,-0.361455, 
0,-0.303910,-0.669830,-0.303413,-0.360206, 
0,-0.303641,-0.670218,-0.303033,-0.360424, 
0,-0.304525,-0.672494,-0.303676,-0.362754, 
0,-0.306101,-0.676135,-0.305037,-0.366001, 
0,-0.315517,-0.692788,-0.312879,-0.380801, 
0,-0.312811,-0.688917,-0.310399,-0.376311, 
0,-0.314104,-0.691115,-0.311717,-0.378542, 
0,-0.312344,-0.688793,-0.310216,-0.376904, 
0,-0.304176,-0.675512,-0.301868,-0.363068, 
0,-0.312520,-0.689480,-0.309178,-0.376600, 
0,-0.310557,-0.686514,-0.307195,-0.373242, 
0,-0.308364,-0.684837,-0.306187,-0.372226, 
0,-0.306504,-0.682702,-0.303635,-0.368430, 
0,-0.306540,-0.683065,-0.303752,-0.368341, 
0,-0.306444,-0.683208,-0.303297,-0.367579, 
0,-0.306379,-0.683935,-0.303579,-0.367998, 
0,-0.306042,-0.684707,-0.303916,-0.369083, 
0,-0.305968,-0.684424,-0.303842,-0.369018, 
0,-0.306580,-0.685602,-0.303716,-0.369285, 
0,-0.306553,-0.685446,-0.303715,-0.369328, 
0,-0.306788,-0.686702,-0.303891,-0.370358, 
0,-0.306407,-0.687727,-0.303877,-0.370597, 
0,-0.306566,-0.689305,-0.304122,-0.371495, 
0,-0.306008,-0.690338,-0.303874,-0.371767, 
0,-0.305595,-0.689444,-0.303662,-0.371898, 
0,-0.306081,-0.690437,-0.303969,-0.372234, 
0,-0.305842,-0.691356,-0.304469,-0.372052, 
0,-0.306422,-0.691454,-0.304432,-0.372100, 
0,-0.306073,-0.692318,-0.304345,-0.373280, 
0,-0.306493,-0.692522,-0.304615,-0.373926, 
0,-0.305684,-0.693090,-0.304371,-0.374768, 
0,-0.306241,-0.694211,-0.304474,-0.375163, 
0,-0.306501,-0.694443,-0.304709,-0.374622, 
0,-0.306584,-0.694126,-0.304895,-0.375176, 
0,-0.306182,-0.693358,-0.304616,-0.374328, 
0,-0.305476,-0.692594,-0.303996,-0.373654, 
0,-0.304600,-0.691325,-0.302942,-0.371675, 
0,-0.304499,-0.692136,-0.303505,-0.372990, 
0,-0.306310,-0.695821,-0.304508,-0.374833, 
0,-0.306372,-0.695689,-0.304775,-0.375110, 
0,-0.305499,-0.693753,-0.303760,-0.374868, 
0,-0.306391,-0.697079,-0.304038,-0.376510, 
0,-0.307133,-0.697589,-0.304642,-0.377769, 
0,-0.306025,-0.696947,-0.302978,-0.375773, 
0,-0.303806,-0.694404,-0.300818,-0.371914, 
0,-0.302967,-0.695436,-0.300629,-0.370599, 
0,-0.304245,-0.697983,-0.303170,-0.374237, 
0,-0.309329,-0.706625,-0.308077,-0.383609, 
0,-0.308074,-0.705460,-0.306643,-0.381456, 
0,-0.306318,-0.700424,-0.304365,-0.377480, 
0,-0.307044,-0.700994,-0.304945,-0.379597, 
0,-0.310541,-0.707522,-0.307396,-0.384887, 
0,-0.309930,-0.707691,-0.307249,-0.383937, 
0,-0.307627,-0.704829,-0.305247,-0.381089, 
0,-0.307331,-0.703986,-0.305027,-0.380899, 
0,-0.305726,-0.700515,-0.303934,-0.379629, 
0,-0.305370,-0.701144,-0.303754,-0.378972, 
0,-0.303681,-0.699740,-0.302612,-0.377010, 
0,-0.305116,-0.701517,-0.303342,-0.378113, 
0,-0.304532,-0.702073,-0.304213,-0.378874, 
0,-0.305647,-0.704525,-0.305061,-0.380279, 
0,-0.301827,-0.698013,-0.301130,-0.373726, 
0,-0.302924,-0.700164,-0.301899,-0.375556, 
0,-0.303471,-0.701646,-0.302601,-0.377386, 
0,-0.310961,-0.715077,-0.309648,-0.389600, 
0,-0.312509,-0.717458,-0.310442,-0.391480, 
0,-0.303699,-0.703968,-0.303617,-0.379811, 
0,-0.307542,-0.711377,-0.306540,-0.386318, 
0,-0.306784,-0.709401,-0.305436,-0.385080, 
0,-0.305326,-0.707662,-0.303971,-0.382959, 
0,-0.306557,-0.709163,-0.304904,-0.384659, 
0,-0.305660,-0.708503,-0.304732,-0.384280, 
0,-0.306002,-0.709662,-0.304818,-0.385206, 
0,-0.306586,-0.712033,-0.304986,-0.385960, 
0,-0.306635,-0.711258,-0.305042,-0.385162, 
0,-0.306584,-0.711737,-0.304945,-0.385202, 
0,-0.306206,-0.710422,-0.304448,-0.384424, 
0,-0.305403,-0.709773,-0.303709,-0.383598, 
0,-0.303782,-0.707286,-0.302483,-0.381371, 
0,-0.312238,-0.721978,-0.309918,-0.394652, 
0,-0.308651,-0.714932,-0.306578,-0.388969, 
0,-0.309125,-0.716607,-0.306692,-0.389992, 
0,-0.307450,-0.713440,-0.305052,-0.387529, 
0,-0.307419,-0.715906,-0.304709,-0.388031, 
0,-0.306907,-0.720808,-0.304743,-0.388611, 
0,-0.286338,-0.696174,-0.282445,-0.361479, 
0,-0.306941,-0.724100,-0.305270,-0.387538, 
0,-0.306706,-0.724054,-0.305066,-0.387550, 
0,-0.305921,-0.723517,-0.305084,-0.387602, 
0,-0.305189,-0.723464,-0.305331,-0.387152, 
0,-0.305578,-0.722847,-0.305038,-0.386723, 
0,-0.305733,-0.724660,-0.305123,-0.388188, 
0,-0.306325,-0.726326,-0.305096,-0.387960, 
0,-0.306477,-0.725962,-0.305104,-0.388665, 
0,-0.305597,-0.725549,-0.304924,-0.388284, 
0,-0.306444,-0.726131,-0.305031,-0.387952, 
0,-0.306218,-0.724945,-0.304863,-0.387204, 
0,-0.305724,-0.725800,-0.304705,-0.387340, 
0,-0.306399,-0.726950,-0.304729,-0.387438, 
0,-0.307526,-0.730078,-0.305870,-0.390310, 
0,-0.304561,-0.725887,-0.303276,-0.385269, 
0,-0.308594,-0.731715,-0.306476,-0.391086, 
0,-0.307876,-0.729914,-0.305593,-0.389355, 
0,-0.303945,-0.724405,-0.302230,-0.384641, 
0,-0.301989,-0.720672,-0.299837,-0.380503, 
0,-0.301789,-0.721368,-0.300637,-0.381524, 
0,-0.272030,-0.673251,-0.274198,-0.334008, 
0,-0.304353,-0.726897,-0.302922,-0.385856, 
0,-0.305992,-0.728767,-0.303829,-0.387181, 
0,-0.311276,-0.737600,-0.308633,-0.394897, 
3,-0.310162,-0.736039,-0.307671,-0.392954,"Analyte Added"
0,-0.210821,-0.572379,-0.216711,-0.230631, 
0,-0.228484,-0.614513,-0.238047,-0.268143, 
0,-0.272434,-0.686930,-0.279077,-0.349667, 
0,-0.306956,-0.734267,-0.308159,-0.397940, 
0,-0.369868,-0.839220,-0.361710,-0.495415, 
0,-0.393339,-0.873458,-0.383256,-0.528293, 
0,-0.386338,-0.856372,-0.375776,-0.521509, 
0,-0.313936,-0.753779,-0.309092,-0.411674, 
0,-0.313295,-0.768773,-0.310012,-0.417130, 
0,-0.310619,-0.766736,-0.306806,-0.416774, 
0,-0.308205,-0.768649,-0.305031,-0.416139, 
0,-0.306942,-0.772071,-0.303407,-0.417318, 
0,-0.307896,-0.777571,-0.303607,-0.420594, 
0,-0.308356,-0.779305,-0.303892,-0.422500, 
0,-0.309294,-0.783981,-0.304604,-0.425311, 
0,-0.309573,-0.784982,-0.304669,-0.427125, 
0,-0.309856,-0.787113,-0.304958,-0.429853, 
0,-0.309054,-0.788748,-0.304065,-0.432338, 
0,-0.311466,-0.795340,-0.305892,-0.438291, 
0,-0.311104,-0.797901,-0.305289,-0.439545, 
0,-0.303250,-0.788589,-0.297966,-0.427184, 
0,-0.309788,-0.799664,-0.303905,-0.437536, 
0,-0.310857,-0.802888,-0.305382,-0.439491, 
0,-0.310431,-0.803245,-0.305561,-0.441009, 
0,-0.311292,-0.806232,-0.306105,-0.444142, 
0,-0.308698,-0.801929,-0.303590,-0.441817, 
0,-0.305051,-0.799617,-0.300667,-0.437270, 
0,-0.308471,-0.807571,-0.304396,-0.445426, 
0,-0.307857,-0.807757,-0.303396,-0.444899, 
0,-0.314848,-0.822100,-0.309107,-0.456952, 
0,-0.311615,-0.817417,-0.305142,-0.451514, 
0,-0.313766,-0.822306,-0.307355,-0.456772, 
0,-0.313207,-0.823192,-0.306933,-0.457101, 
0,-0.313639,-0.825538,-0.306932,-0.459051, 
0,-0.313873,-0.827167,-0.307070,-0.460434, 
0,-0.314737,-0.829423,-0.308089,-0.461564, 
0,-0.314220,-0.829173,-0.308010,-0.461651, 
0,-0.314172,-0.830536,-0.307897,-0.461802, 
0,-0.314445,-0.831533,-0.308263,-0.463398, 
0,-0.314680,-0.833919,-0.308105,-0.463700, 
0,-0.314343,-0.835160,-0.307897,-0.464447, 
0,-0.315737,-0.838103,-0.309190,-0.468242, 
0,-0.314378,-0.839415,-0.309025,-0.469192, 
0,-0.315855,-0.841652,-0.309431,-0.469298, 
0,-0.312642,-0.837243,-0.306538,-0.465836, 
0,-0.313255,-0.841336,-0.307277,-0.469344, 
0,-0.314532,-0.845369,-0.308380,-0.470895, 
0,-0.319411,-0.854245,-0.313177,-0.479293, 
0,-0.323895,-0.861328,-0.317236,-0.486167, 
0,-0.309796,-0.837234,-0.304234,-0.464494, 
0,-0.325914,-0.865069,-0.317827,-0.491891, 
0,-0.316805,-0.853364,-0.309830,-0.477895, 
0,-0.313988,-0.849846,-0.307606,-0.473115, 
0,-0.313890,-0.848260,-0.307465,-0.472818, 
0,-0.315087,-0.850401,-0.307823,-0.475915, 
0,-0.315550,-0.852176,-0.307603,-0.478165, 
0,-0.315197,-0.852729,-0.307430,-0.478900, 
0,-0.314373,-0.852572,-0.307030,-0.480327, 
0,-0.314033,-0.854844,-0.307058,-0.480107, 
0,-0.314017,-0.856244,-0.307564,-0.479986, 
0,-0.314421,-0.856433,-0.307554,-0.479606, 
0,-0.315109,-0.858139,-0.307822,-0.480583, 
0,-0.314208,-0.858101,-0.307550,-0.482260, 
0,-0.314557,-0.859223,-0.307744,-0.484156, 
0,-0.314878,-0.862208,-0.307946,-0.483951, 
0,-0.314750,-0.864786,-0.308184,-0.483596, 
0,-0.314866,-0.865566,-0.308408,-0.484082, 
0,-0.314488,-0.865631,-0.307913,-0.485869, 
0,-0.314922,-0.866716,-0.307830,-0.485910, 
0,-0.314731,-0.865256,-0.308245,-0.485645, 
0,-0.315449,-0.866261,-0.308573,-0.486948, 
0,-0.315582,-0.867057,-0.308602,-0.488010, 
0,-0.315598,-0.869542,-0.308436,-0.488387, 
0,-0.315015,-0.869182,-0.308108,-0.488909, 
0,-0.315051,-0.870012,-0.308001,-0.491356, 
0,-0.318310,-0.876557,-0.310419,-0.495627, 
0,-0.315527,-0.872739,-0.307548,-0.490123, 
0,-0.314780,-0.871169,-0.306964,-0.488241, 
0,-0.315630,-0.871487,-0.308284,-0.489992, 
0,-0.313523,-0.869142,-0.306881,-0.488696, 
0,-0.315614,-0.876579,-0.308756,-0.492439, 
0,-0.316902,-0.878400,-0.308939,-0.494043, 
0,-0.315480,-0.876191,-0.307151,-0.493109, 
0,-0.314609,-0.874841,-0.306151,-0.491475, 
0,-0.314117,-0.873508,-0.306263,-0.491503, 
0,-0.314783,-0.877074,-0.306756,-0.492319, 
0,-0.315750,-0.877049,-0.306701,-0.491835, 
0,-0.315913,-0.876107,-0.307031,-0.492881, 
0,-0.315864,-0.876857,-0.306837,-0.493130, 
0,-0.315764,-0.877669,-0.306631,-0.495328, 
0,-0.315570,-0.879119,-0.306570,-0.495535, 
0,-0.315760,-0.879694,-0.306831,-0.495978, 
0,-0.315904,-0.880017,-0.306796,-0.496597, 
0,-0.315739,-0.879283,-0.306187,-0.497318, 
0,-0.316133,-0.880679,-0.306360,-0.498621, 
0,-0.316284,-0.883126,-0.306522,-0.498902, 
0,-0.315883,-0.885383,-0.306511,-0.497466, 
0,-0.315426,-0.885195,-0.306616,-0.498577, 
0,-0.316654,-0.884882,-0.306692,-0.499102, 
0,-0.316859,-0.885061,-0.306783,-0.499825, 
0,-0.316150,-0.886129,-0.306853,-0.500130, 
0,-0.315937,-0.886305,-0.306348,-0.500993, 
0,-0.316192,-0.886861,-0.306500,-0.501900, 
0,-0.315825,-0.885857,-0.306483,-0.501916, 
0,-0.316919,-0.888518,-0.308345,-0.505165, 
0,-0.309171,-0.877444,-0.301306,-0.492977, 
0,-0.310646,-0.879345,-0.303395,-0.496506, 
0,-0.315001,-0.888498,-0.306705,-0.502864, 
0,-0.318233,-0.893214,-0.308865,-0.507809, 
0,-0.315936,-0.889205,-0.306297,-0.503710, 
0,-0.311303,-0.882790,-0.301336,-0.494455, 
0,-0.315985,-0.889474,-0.306186,-0.503154, 
0,-0.315924,-0.889945,-0.306482,-0.504987, 
0,-0.317843,-0.894498,-0.309232,-0.510279, 
0,-0.315611,-0.891706,-0.306922,-0.506764, 
0,-0.315434,-0.890950,-0.306321,-0.507841, 
0,-0.315935,-0.892370,-0.307067,-0.508997, 
0,-0.315522,-0.895033,-0.306904,-0.507730, 
0,-0.314612,-0.894972,-0.307034,-0.505656, 
0,-0.313962,-0.893772,-0.307168,-0.506912, 
0,-0.314718,-0.896136,-0.306992,-0.507828, 
0,-0.315952,-0.897837,-0.307951,-0.509853, 
0,-0.316361,-0.898943,-0.307830,-0.508548, 
0,-0.316364,-0.896731,-0.307664,-0.507722, 
0,-0.315894,-0.895142,-0.307084,-0.507955, 
0,-0.315683,-0.896912,-0.307236,-0.509900, 
0,-0.315854,-0.898629,-0.307506,-0.510043, 
0,-0.316210,-0.896972,-0.307491,-0.511518, 
0,-0.315997,-0.897484,-0.307531,-0.511639, 
0,-0.315347,-0.896929,-0.307068,-0.510432, 
0,-0.315125,-0.896961,-0.307001,-0.510111, 
0,-0.315605,-0.898174,-0.307721,-0.511780, 
0,-0.317525,-0.900998,-0.308969,-0.514528, 
0,-0.316500,-0.900042,-0.307847,-0.513567, 
0,-0.314855,-0.898511,-0.306945,-0.511177, 
0,-0.315106,-0.900109,-0.307365,-0.511702, 
0,-0.315466,-0.899336,-0.307290,-0.509996, 
0,-0.315660,-0.898958,-0.307240,-0.510332, 
0,-0.315391,-0.899625,-0.307356,-0.510304, 
0,-0.315254,-0.900635,-0.307602,-0.510320, 
0,-0.315103,-0.900393,-0.306886,-0.509567, 
0,-0.315111,-0.898475,-0.307334,-0.509928, 
0,-0.315578,-0.898292,-0.307198,-0.509926, 
0,-0.315044,-0.899181,-0.307732,-0.510466, 
0,-0.315374,-0.900005,-0.307673,-0.510289, 
0,-0.314860,-0.901748,-0.307857,-0.511511, 
0,-0.315339,-0.904070,-0.307577,-0.511529, 
0,-0.314726,-0.907469,-0.307695,-0.510448, 
0,-0.315102,-0.908065,-0.307708,-0.511633, 
0,-0.315024,-0.907467,-0.307811,-0.512379, 
0,-0.315304,-0.906930,-0.307909,-0.513778, 
0,-0.315611,-0.908301,-0.307815,-0.514123, 
0,-0.316484,-0.909121,-0.307958,-0.513966, 
0,-0.316151,-0.907236,-0.307760,-0.512575, 
0,-0.315539,-0.903663,-0.308074,-0.513449, 
0,-0.316061,-0.905404,-0.308449,-0.515175, 
0,-0.315125,-0.905580,-0.307157,-0.513129, 
0,-0.321110,-0.915227,-0.312386,-0.523017, 
0,-0.316110,-0.907676,-0.308053,-0.517996, 
0,-0.304503,-0.888589,-0.297631,-0.498709, 
0,-0.310748,-0.900774,-0.303756,-0.508756, 
0,-0.305168,-0.892045,-0.298157,-0.496701, 
0,-0.315064,-0.907460,-0.307432,-0.512505, 
0,-0.315395,-0.907835,-0.307812,-0.512946, 
0,-0.315886,-0.908566,-0.308613,-0.515235, 
0,-0.315779,-0.908656,-0.308389,-0.516617, 
0,-0.315331,-0.907944,-0.308429,-0.516154, 
0,-0.314751,-0.907412,-0.307625,-0.514801, 
0,-0.315565,-0.906576,-0.308968,-0.515647, 
0,-0.315061,-0.904673,-0.308533,-0.514328, 
0,-0.315121,-0.903772,-0.308203,-0.515114, 
0,-0.315763,-0.905428,-0.308858,-0.515770, 
0,-0.314646,-0.905456,-0.308266,-0.514055, 
0,-0.314497,-0.906482,-0.308125,-0.514652, 
0,-0.316531,-0.909965,-0.309192,-0.518069, 
4,-0.297877,-0.879410,-0.292567,-0.488795,"Analyte Added"
0,-0.257352,-0.811368,-0.255350,-0.421535, 
0,-0.253704,-0.813343,-0.255964,-0.422341, 
0,-0.289796,-0.878493,-0.289901,-0.488462, 
0,-0.313300,-0.910539,-0.311228,-0.521160, 
0,-0.346360,-0.965101,-0.327192,-0.569324, 
0,-0.370512,-1.002531,-0.355569,-0.602483, 
0,-0.385682,-1.023562,-0.369117,-0.627715, 
0,-0.335637,-0.941699,-0.321307,-0.553168, 
0,-0.329533,-0.943514,-0.315003,-0.547887, 
0,-0.326410,-0.940320,-0.311725,-0.542870, 
0,-0.323973,-0.935672,-0.309062,-0.539105, 
0,-0.323885,-0.938271,-0.308720,-0.540646, 
0,-0.324791,-0.945397,-0.309591,-0.543897, 
0,-0.322709,-0.945840,-0.308848,-0.542546, 
0,-0.324345,-0.952813,-0.310024,-0.548134, 
0,-0.324267,-0.956494,-0.309545,-0.548990, 
0,-0.323747,-0.956969,-0.309167,-0.549617, 
0,-0.324289,-0.960973,-0.309400,-0.553243, 
0,-0.324338,-0.965003,-0.309841,-0.555584, 
0,-0.323813,-0.967869,-0.310159,-0.559516, 
0,-0.324238,-0.972741,-0.309974,-0.562788, 
0,-0.323950,-0.974786,-0.309433,-0.564435, 
0,-0.325614,-0.980733,-0.310490,-0.566898, 
0,-0.319462,-0.972636,-0.304711,-0.557443, 
0,-0.324903,-0.984145,-0.310138,-0.566798, 
0,-0.325457,-0.986399,-0.310314,-0.569690, 
0,-0.327514,-0.991153,-0.311595,-0.573600, 
0,-0.326304,-0.991023,-0.311117,-0.573193, 
0,-0.326268,-0.992810,-0.310717,-0.574523, 
0,-0.324781,-0.992305,-0.310780,-0.577498, 
0,-0.326088,-0.996339,-0.310620,-0.579559, 
0,-0.328151,-1.001656,-0.312356,-0.582306, 
0,-0.328512,-1.004706,-0.312951,-0.583185, 
0,-0.321956,-0.996801,-0.307631,-0.573845, 
0,-0.331196,-1.013572,-0.316319,-0.590272, 
0,-0.324921,-1.003721,-0.310492,-0.582085, 
0,-0.324792,-1.005551,-0.310077,-0.582712, 
0,-0.327176,-1.013700,-0.312824,-0.587743, 
0,-0.325847,-1.011443,-0.311766,-0.585109, 
0,-0.325764,-1.009694,-0.312274,-0.586585, 
0,-0.325185,-1.011456,-0.312224,-0.586897, 
0,-0.325405,-1.016095,-0.311874,-0.587338, 
0,-0.324763,-1.017191,-0.312079,-0.589054, 
0,-0.324849,-1.020419,-0.312252,-0.589893, 
0,-0.325669,-1.021507,-0.312605,-0.591602, 
0,-0.326066,-1.022278,-0.312682,-0.593313, 
0,-0.325995,-1.022662,-0.312906,-0.596565, 
0,-0.325503,-1.023706,-0.312742,-0.597778, 
0,-0.325278,-1.026675,-0.312623,-0.596696, 
0,-0.325083,-1.026050,-0.312632,-0.596166, 
0,-0.325102,-1.024882,-0.312475,-0.595973, 
0,-0.325315,-1.026859,-0.312960,-0.597734, 
0,-0.325086,-1.029934,-0.313185,-0.600030, 
0,-0.325092,-1.030981,-0.312751,-0.599196, 
0,-0.324166,-1.031019,-0.312825,-0.599684, 
0,-0.324390,-1.032444,-0.313101,-0.600403, 
0,-0.324269,-1.033336,-0.313096,-0.603095, 
0,-0.325034,-1.035214,-0.313331,-0.606221, 
0,-0.326191,-1.037937,-0.313925,-0.607329, 
0,-0.326129,-1.037434,-0.313642,-0.604790, 
0,-0.326372,-1.036657,-0.313802,-0.604556, 
0,-0.325873,-1.035329,-0.312820,-0.604496, 
0,-0.325630,-1.036923,-0.313402,-0.607789, 
0,-0.325591,-1.038198,-0.313295,-0.609611, 
0,-0.326001,-1.041127,-0.313417,-0.611744, 
0,-0.326173,-1.038739,-0.312567,-0.609437, 
0,-0.329109,-1.043221,-0.315276,-0.614842, 
0,-0.329505,-1.044133,-0.313714,-0.611284, 
0,-0.329582,-1.040256,-0.312166,-0.606954, 
0,-0.334073,-1.043854,-0.313537,-0.610312, 
0,-0.334315,-1.046178,-0.314095,-0.610480, 
0,-0.331255,-1.045208,-0.312935,-0.611417, 
0,-0.330956,-1.047452,-0.313712,-0.615769, 
0,-0.330303,-1.046066,-0.313878,-0.616430, 
0,-0.329787,-1.043875,-0.314358,-0.619667, 
0,-0.329453,-1.047348,-0.315168,-0.624137, 
0,-0.328417,-1.049450,-0.313950,-0.622359, 
0,-0.327455,-1.050775,-0.314524,-0.622761, 
0,-0.327113,-1.051722,-0.314476,-0.624381, 
0,-0.327127,-1.053399,-0.314509,-0.624008, 
0,-0.327084,-1.055360,-0.314604,-0.625726, 
0,-0.326984,-1.057226,-0.314763,-0.625301, 
0,-0.327104,-1.056346,-0.314569,-0.622112, 
0,-0.327373,-1.056101,-0.314761,-0.620704, 
0,-0.327542,-1.055537,-0.314790,-0.618603, 
0,-0.327133,-1.055397,-0.314745,-0.617926, 
0,-0.327066,-1.054709,-0.314601,-0.617314, 
0,-0.326584,-1.055042,-0.314576,-0.618111, 
0,-0.327232,-1.055838,-0.314812,-0.619197, 
0,-0.326988,-1.058321,-0.315028,-0.619441, 
0,-0.326519,-1.058830,-0.314838,-0.617627, 
0,-0.326411,-1.060279,-0.314934,-0.617950, 
0,-0.326648,-1.059373,-0.314689,-0.619358, 
0,-0.326946,-1.061170,-0.314515,-0.619867, 
0,-0.326855,-1.063751,-0.315107,-0.620530, 
0,-0.327100,-1.066609,-0.315073,-0.619215, 
0,-0.326680,-1.063630,-0.314675,-0.617692, 
0,-0.327025,-1.063325,-0.315114,-0.618957, 
0,-0.327626,-1.064075,-0.315061,-0.620268, 
0,-0.327667,-1.067560,-0.315154,-0.622477, 
0,-0.327736,-1.071357,-0.315171,-0.620953, 
0,-0.327479,-1.071218,-0.314976,-0.619980, 
0,-0.326621,-1.067375,-0.314832,-0.619794, 
0,-0.327213,-1.069162,-0.315561,-0.622361, 
0,-0.327228,-1.070484,-0.314943,-0.622308, 
0,-0.327948,-1.070302,-0.315223,-0.623077, 
0,-0.327978,-1.070070,-0.314996,-0.623684, 
0,-0.327821,-1.070142,-0.315004,-0.625067, 
0,-0.327787,-1.070126,-0.315372,-0.625229, 
0,-0.327383,-1.071973,-0.315286,-0.624494, 
0,-0.327465,-1.074485,-0.315282,-0.625919, 
0,-0.327815,-1.074391,-0.315626,-0.626889, 
0,-0.327695,-1.076051,-0.315935,-0.626435, 
0,-0.328213,-1.077863,-0.316188,-0.626057, 
0,-0.327705,-1.076500,-0.316165,-0.625235, 
0,-0.327308,-1.076201,-0.316214,-0.624318, 
0,-0.327289,-1.076697,-0.316353,-0.624730, 
0,-0.328328,-1.078325,-0.316110,-0.627528, 
0,-0.328037,-1.080178,-0.316026,-0.626410, 
0,-0.327581,-1.079428,-0.316046,-0.625438, 
0,-0.328213,-1.078860,-0.315465,-0.625378, 
0,-0.327993,-1.078292,-0.315990,-0.625329, 
0,-0.328398,-1.078245,-0.316086,-0.626172, 
0,-0.326988,-1.077085,-0.314578,-0.623726, 
0,-0.328178,-1.076570,-0.315660,-0.624685, 
0,-0.326874,-1.075321,-0.314665,-0.623095, 
0,-0.321012,-1.066410,-0.309346,-0.615341, 
0,-0.330750,-1.085122,-0.318127,-0.631988, 
0,-0.332880,-1.088259,-0.321053,-0.635950, 
0,-0.328912,-1.084240,-0.317209,-0.628720, 
0,-0.328165,-1.083433,-0.316596,-0.627885, 
0,-0.328360,-1.084279,-0.316917,-0.631512, 
0,-0.328006,-1.082868,-0.316427,-0.631034, 
0,-0.326056,-1.079886,-0.314525,-0.627576, 
0,-0.327200,-1.079949,-0.316279,-0.629918, 
0,-0.323777,-1.076188,-0.313221,-0.626878, 
0,-0.324610,-1.081206,-0.313683,-0.629460, 
0,-0.327363,-1.085951,-0.316014,-0.634251, 
0,-0.325902,-1.084920,-0.314723,-0.630450, 
0,-0.326480,-1.087536,-0.316181,-0.630359, 
0,-0.326881,-1.087284,-0.316896,-0.631510, 
0,-0.327008,-1.086341,-0.316979,-0.630896, 
0,-0.326917,-1.083967,-0.316835,-0.630774, 
0,-0.327306,-1.085112,-0.316500,-0.632288, 
0,-0.327180,-1.085173,-0.316129,-0.633821, 
0,-0.327563,-1.087026,-0.316058,-0.634295, 
0,-0.328205,-1.088971,-0.316120,-0.633428, 
0,-0.328235,-1.090167,-0.316745,-0.632341, 
0,-0.328511,-1.091614,-0.316969,-0.632065, 
0,-0.328115,-1.091162,-0.316827,-0.631991, 
0,-0.328402,-1.089501,-0.316588,-0.632395, 
0,-0.328517,-1.088063,-0.316880,-0.633791, 
0,-0.328529,-1.089475,-0.317576,-0.634809, 
0,-0.327922,-1.088965,-0.317186,-0.634701, 
0,-0.328246,-1.088011,-0.316871,-0.634909, 
0,-0.327837,-1.087355,-0.317023,-0.635368, 
0,-0.328499,-1.090083,-0.316686,-0.633963, 
0,-0.328736,-1.087842,-0.317708,-0.635201, 
0,-0.327799,-1.085813,-0.316357,-0.632394, 
0,-0.328184,-1.088076,-0.316880,-0.634551, 
0,-0.328177,-1.089732,-0.316873,-0.634330, 
0,-0.328591,-1.091565,-0.317419,-0.634400, 
0,-0.328345,-1.089816,-0.316766,-0.634591, 
0,-0.328480,-1.091890,-0.317315,-0.633646, 
0,-0.329592,-1.093015,-0.318193,-0.633519, 
0,-0.329272,-1.089786,-0.317858,-0.632282, 
0,-0.329126,-1.088113,-0.318023,-0.632538, 
0,-0.328106,-1.085542,-0.317201,-0.631261, 
0,-0.327717,-1.084037,-0.316982,-0.632194, 
0,-0.329136,-1.086633,-0.318182,-0.634768, 
0,-0.329245,-1.088430,-0.318840,-0.636317, 
5,-0.325805,-1.084671,-0.315044,-0.629269,"Analyte Added"
0,-0.299535,-1.040706,-0.290953,-0.584641, 
0,-0.301538,-1.044554,-0.293739,-0.587888, 
0,-0.290625,-1.019691,-0.282818,-0.565729, 
0,-0.322335,-1.075743,-0.297763,-0.607743, 
0,-0.383465,-1.186834,-0.366797,-0.727112, 
0,-0.345227,-1.132665,-0.340263,-0.673288, 
0,-0.381647,-1.185103,-0.370582,-0.727322, 
0,-0.330107,-1.096562,-0.322177,-0.641607, 
0,-0.322058,-1.079506,-0.314170,-0.629371, 
0,-0.330703,-1.092256,-0.321209,-0.644526, 
0,-0.333151,-1.097875,-0.323477,-0.649332, 
0,-0.327594,-1.092793,-0.319026,-0.639947, 
0,-0.326886,-1.094807,-0.318733,-0.638110, 
0,-0.327097,-1.093762,-0.318443,-0.637233, 
0,-0.324719,-1.089384,-0.316809,-0.633193, 
0,-0.329685,-1.099345,-0.321841,-0.643886, 
0,-0.317239,-1.080979,-0.309731,-0.622684, 
0,-0.317842,-1.080013,-0.309680,-0.622204, 
0,-0.299205,-1.046876,-0.293057,-0.591191, 
0,-0.266777,-0.992600,-0.263516,-0.537156, 
0,-0.314686,-1.075217,-0.308289,-0.616131, 
0,-0.383554,-1.172838,-0.357972,-0.709906, 
0,-0.339295,-1.128486,-0.384930,-0.686462, 
0,-0.393888,-1.240211,-0.441899,-0.767937, 
0,-0.447194,-1.285822,-0.411050,-0.680890, 
0,-0.452323,-1.283348,-0.474984,-0.714235, 
0,-0.518282,-1.343341,-0.553742,-0.793158, 
0,-0.546344,-1.339703,-0.581153,-0.804134, 
0,-0.579127,-1.359718,-0.614282,-0.819349, 
0,-0.621847,-1.394834,-0.658760,-0.884204, 
0,-0.656424,-1.449249,-0.714560,-0.937753, 
0,-0.667072,-1.459291,-0.740694,-0.950334, 
0,-0.670248,-1.468403,-0.762464,-0.958339, 
0,-0.680052,-1.468595,-0.783219,-0.970566, 
0,-0.690797,-1.471112,-0.785553,-0.967976, 
0,-0.700404,-1.482603,-0.792194,-0.973507, 
0,-0.704222,-1.487040,-0.798795,-0.978490, 
0,-0.711026,-1.497241,-0.804762,-0.983619, 
0,-0.715137,-1.499923,-0.808950,-0.985054, 
0,-0.717499,-1.503779,-0.813928,-0.987778, 
0,-0.719908,-1.507678,-0.817264,-0.988940, 
0,-0.724340,-1.512488,-0.822209,-0.992969, 
0,-0.726211,-1.511825,-0.822305,-0.992854, 
0,-0.729188,-1.515492,-0.826002,-0.994705, 
0,-0.732976,-1.518696,-0.830283,-0.996402, 
0,-0.736450,-1.516827,-0.834093,-0.997702, 
0,-0.738187,-1.514419,-0.834500,-0.998120, 
0,-0.739386,-1.513224,-0.836323,-0.998446, 
0,-0.741990,-1.516623,-0.838655,-1.001703, 
0,-0.743926,-1.519484,-0.840738,-1.003899, 
0,-0.744758,-1.522306,-0.842531,-1.004481, 
0,-0.745423,-1.525340,-0.845598,-1.005923, 
0,-0.747154,-1.526975,-0.845852,-1.007128, 
0,-0.748720,-1.527233,-0.847177,-1.007760, 
0,-0.747358,-1.525014,-0.846784,-1.004960, 
0,-0.752594,-1.533023,-0.853322,-1.013232, 
0,-0.750855,-1.527706,-0.850677,-1.008090, 
0,-0.749643,-1.525987,-0.849801,-1.006780, 
0,-0.753318,-1.532153,-0.853104,-1.010611, 
0,-0.748919,-1.526211,-0.850305,-1.004477, 
0,-0.752051,-1.531890,-0.853674,-1.008239, 
0,-0.753307,-1.533020,-0.854615,-1.009909, 
0,-0.754715,-1.532892,-0.856113,-1.010068, 
0,-0.755852,-1.531303,-0.856001,-1.010895, 
0,-0.756094,-1.531347,-0.856544,-1.012380, 
0,-0.756184,-1.532457,-0.856597,-1.013992, 
0,-0.755564,-1.535255,-0.857154,-1.016760, 
0,-0.756538,-1.538123,-0.857551,-1.017645, 
0,-0.757323,-1.540045,-0.858767,-1.016736, 
0,-0.757269,-1.540911,-0.859918,-1.016060, 
0,-0.758483,-1.537922,-0.861021,-1.015793, 
0,-0.759519,-1.537765,-0.860187,-1.018135, 
0,-0.760027,-1.537597,-0.860709,-1.018951, 
0,-0.760268,-1.537187,-0.861478,-1.019147, 
0,-0.759530,-1.536777,-0.861930,-1.020013, 
0,-0.758237,-1.537970,-0.862455,-1.019627, 
0,-0.757592,-1.538832,-0.862372,-1.019692, 
0,-0.757793,-1.539093,-0.862701,-1.020003, 
0,-0.757764,-1.538671,-0.862876,-1.021399, 
0,-0.757876,-1.539406,-0.863391,-1.022362, 
0,-0.758694,-1.538059,-0.864166,-1.022582, 
0,-0.759306,-1.539707,-0.863953,-1.022747, 
0,-0.759630,-1.539362,-0.864341,-1.022050, 
0,-0.760888,-1.540089,-0.864166,-1.022891, 
0,-0.759815,-1.539494,-0.863557,-1.024465, 
0,-0.760268,-1.542488,-0.862810,-1.025956, 
0,-0.760169,-1.542368,-0.864168,-1.025404, 
0,-0.759825,-1.542801,-0.865709,-1.024871, 
0,-0.759578,-1.544066,-0.866025,-1.024490, 
0,-0.760021,-1.542336,-0.865921,-1.024146, 
0,-0.760251,-1.544260,-0.866872,-1.026354, 
0,-0.761158,-1.545687,-0.867371,-1.027345, 
0,-0.762282,-1.547156,-0.869548,-1.030388, 
0,-0.762226,-1.545992,-0.867168,-1.031367, 
0,-0.764172,-1.551369,-0.869949,-1.038633, 
0,-0.762182,-1.553850,-0.869932,-1.040626, 
0,-0.755234,-1.544376,-0.862407,-1.030520, 
0,-0.757871,-1.548596,-0.864596,-1.035065, 
0,-0.764670,-1.561203,-0.871389,-1.046019, 
0,-0.748044,-1.534516,-0.856956,-1.019180, 
0,-0.760344,-1.554795,-0.866990,-1.040426, 
0,-0.761750,-1.556479,-0.868430,-1.040516, 
0,-0.761246,-1.552608,-0.866831,-1.040060, 
0,-0.761434,-1.549960,-0.866455,-1.042027, 
0,-0.767347,-1.557202,-0.872137,-1.051758, 
0,-0.766117,-1.553595,-0.869988,-1.048014, 
0,-0.757390,-1.539844,-0.861983,-1.035842, 
0,-0.759458,-1.544294,-0.862200,-1.036997, 
0,-0.763837,-1.553381,-0.867383,-1.045757, 
0,-0.760968,-1.548888,-0.864068,-1.037357, 
0,-0.762381,-1.545903,-0.866113,-1.039428, 
0,-0.762893,-1.544030,-0.865996,-1.039611, 
0,-0.763408,-1.545925,-0.866130,-1.040359, 
0,-0.764423,-1.547240,-0.865530,-1.042146, 
0,-0.763351,-1.548844,-0.864732,-1.042094, 
0,-0.761254,-1.550847,-0.865091,-1.039785, 
0,-0.761730,-1.552879,-0.864569,-1.039789, 
0,-0.762248,-1.551683,-0.865339,-1.039520, 
0,-0.762413,-1.551875,-0.866301,-1.037728, 
0,-0.762696,-1.550512,-0.866250,-1.037861, 
0,-0.762495,-1.549358,-0.866530,-1.037307, 
0,-0.762826,-1.547737,-0.867461,-1.035806, 
0,-0.762895,-1.547122,-0.867293,-1.033901, 
0,-0.762964,-1.547348,-0.868945,-1.032204, 
0,-0.762342,-1.547807,-0.869722,-1.030381, 
0,-0.762001,-1.546796,-0.870258,-1.028891, 
0,-0.762724,-1.546304,-0.871076,-1.028822, 
0,-0.763309,-1.546635,-0.870996,-1.029102, 
0,-0.762934,-1.546588,-0.869684,-1.029221, 
0,-0.763004,-1.548987,-0.868730,-1.028985, 
0,-0.762977,-1.548740,-0.868060,-1.028414, 
0,-0.764001,-1.545966,-0.867306,-1.029662, 
0,-0.764121,-1.547507,-0.867194,-1.029361, 
0,-0.763800,-1.549244,-0.866673,-1.030703, 
0,-0.762838,-1.550779,-0.867569,-1.029356, 
0,-0.762699,-1.551242,-0.867822,-1.029079, 
0,-0.761645,-1.551264,-0.866767,-1.027803, 
0,-0.762118,-1.550039,-0.867563,-1.027189, 
0,-0.760901,-1.546502,-0.867439,-1.027268, 
0,-0.761986,-1.549163,-0.867740,-1.027072, 
0,-0.762964,-1.548474,-0.867791,-1.026069, 
0,-0.763176,-1.548354,-0.866331,-1.028646, 
0,-0.762496,-1.552057,-0.865875,-1.029199, 
0,-0.761561,-1.553631,-0.867347,-1.026573, 
0,-0.761292,-1.554716,-0.867938,-1.026739, 
0,-0.761428,-1.553034,-0.867236,-1.024899, 
0,-0.762588,-1.553139,-0.867501,-1.025923, 
0,-0.762301,-1.552345,-0.866098,-1.027973, 
0,-0.761773,-1.553769,-0.865960,-1.027942, 
0,-0.761089,-1.555034,-0.867279,-1.026255, 
0,-0.761215,-1.551381,-0.867475,-1.025821, 
0,-0.762142,-1.550685,-0.867994,-1.025693, 
0,-0.762519,-1.547720,-0.867318,-1.026257, 
0,-0.761470,-1.547552,-0.866645,-1.026272, 
0,-0.760059,-1.548951,-0.865580,-1.026761, 
0,-0.759166,-1.552467,-0.865366,-1.026889, 
0,-0.759107,-1.552211,-0.865943,-1.025289, 
0,-0.759403,-1.552258,-0.866015,-1.027391, 
0,-0.759067,-1.552092,-0.865705,-1.029208, 
0,-0.759676,-1.551974,-0.864035,-1.030349, 
0,-0.759773,-1.551851,-0.863338,-1.033935, 
0,-0.760783,-1.552678,-0.862104,-1.037197, 
0,-0.761072,-1.555263,-0.861265,-1.039491, 
0,-0.760226,-1.558370,-0.861821,-1.039776, 
0,-0.760461,-1.559549,-0.862924,-1.038493, 
0,-0.760728,-1.556961,-0.863887,-1.037929, 
0,-0.760751,-1.554500,-0.864677,-1.037411, 
0,-0.759798,-1.552257,-0.863903,-1.038198, 
0,-0.759791,-1.554273,-0.864082,-1.038611, 
0,-0.759152,-1.556380,-0.864819,-1.039117, 
0,-0.759246,-1.556103,-0.864302,-1.038171, 
0,-0.760044,-1.552706,-0.862413,-1.039147, 
0,-0.759758,-1.553577,-0.861716,-1.041764, 
0,-0.759473,-1.557731,-0.862848,-1.041176, 
0,-0.759834,-1.556701,-0.864106,-1.038482, 
0,-0.759352,-1.553943,-0.864516,-1.038172, 
0,-0.758425,-1.551708,-0.864551,-1.036153, 
0,-0.757766,-1.550609,-0.864009,-1.036314, 
0,-0.758724,-1.549742,-0.863050,-1.038421, 
0,-0.758889,-1.549756,-0.862468,-1.039278, 
0,-0.757951,-1.550578,-0.862802,-1.040187, 
0,-0.757599,-1.550853,-0.862169,-1.037705, 
0,-0.758614,-1.549125,-0.863586,-1.039329, 
0,-0.759311,-1.549944,-0.863764,-1.040414, 
0,-0.756717,-1.547138,-0.860743,-1.036618, 
0,-0.760532,-1.552932,-0.864244,-1.042712, 
0,-0.759494,-1.551988,-0.862244,-1.042811, 
0,-0.758539,-1.552952,-0.862620,-1.043722, 
0,-0.756035,-1.550215,-0.860537,-1.039644, 
0,-0.755660,-1.551728,-0.859447,-1.040471, 
0,-0.755494,-1.549856,-0.858009,-1.037150, 
0,-0.759263,-1.557433,-0.862279,-1.041431, 
0,-0.759324,-1.556561,-0.862962,-1.040352, 
0,-0.759361,-1.554717,-0.863023,-1.038930, 
0,-0.758952,-1.552128,-0.861564,-1.037927, 
6,-0.762107,-1.556048,-0.863749,-1.043744,"Test Substance Added"
0,-0.755918,-1.546265,-0.858720,-1.035392, 
0,-0.756093,-1.547087,-0.858831,-1.034519, 
0,-0.757873,-1.550739,-0.861476,-1.038549, 
0,-0.756700,-1.551998,-0.860676,-1.033898, 
0,-0.755551,-1.552494,-0.862222,-1.032232, 
0,-0.756430,-1.551868,-0.862132,-1.031976, 
0,-0.756585,-1.551705,-0.861549,-1.031637, 
0,-0.756213,-1.552880,-0.860825,-1.031136, 
0,-0.756263,-1.552888,-0.861565,-1.029781, 
0,-0.755340,-1.554014,-0.862048,-1.028137, 
0,-0.757450,-1.557378,-0.862715,-1.027670, 
0,-0.756325,-1.555642,-0.862033,-1.024137, 
0,-0.757746,-1.555300,-0.864275,-1.026021, 
0,-0.739266,-1.522864,-0.845766,-0.994382, 
0,-0.752865,-1.543826,-0.856832,-1.015919, 
0,-0.764878,-1.563408,-0.867246,-1.035171, 
0,-0.758955,-1.553997,-0.861504,-1.027575, 
7,-0.756475,-1.551852,-0.858966,-1.024331,"END OF CALIBRATION"
