-1.000000,-0.000028,-0.005116,0.000270,-0.000153
-1.000000,-0.000028,-0.005116,0.000270,-0.000153
-1.000000,0.000000,0.000000,0.000000,0.000000
-1.000000,0.000000,0.000000,0.000000,0.000000
-1.000000,0.000000,0.000000,0.000000,0.000000
-1.000000,0.000000,0.000000,0.000000,0.000000
-1.000000,0.000000,0.000000,0.000000,0.000000
0,-0.631263,-0.240693,-0.401614,-0.009459, 
0,-0.618308,-0.219521,-0.390294,0.013731, 
0,-0.616585,-0.217329,-0.388117,0.017307, 
0,-0.637324,-0.250012,-0.406766,-0.018996, 
0,-0.632550,-0.242253,-0.402143,-0.009814, 
0,-0.626348,-0.232122,-0.396401,0.001489, 
0,-0.629642,-0.237416,-0.399588,-0.004420, 
0,-0.628364,-0.235210,-0.398051,-0.001351, 
0,-0.628710,-0.235617,-0.398427,-0.001793, 
0,-0.628503,-0.235325,-0.398524,-0.001757, 
1,-0.657728,-0.284431,-0.426487,-0.058735,"Baseline"
0,-0.577630,-0.154150,-0.354003,0.085623, 
0,-0.606881,-0.202709,-0.380368,0.031731, 
0,-0.614070,-0.217804,-0.386586,0.016107, 
0,-0.622761,-0.229586,-0.394526,0.002290, 
0,-0.622039,-0.227038,-0.395378,0.000047, 
0,-0.636449,-0.245089,-0.405004,-0.015740, 
0,-0.712717,-0.369128,-0.473323,-0.149068, 
0,-0.601906,-0.187237,-0.374921,0.051077, 
0,-0.622538,-0.220741,-0.392631,0.012201, 
0,-0.636535,-0.243869,-0.407698,-0.012942, 
0,-0.624137,-0.224284,-0.397732,0.008732, 
0,-0.630872,-0.233819,-0.402804,-0.001479, 
0,-0.632334,-0.235555,-0.402746,-0.003753, 
0,-0.630772,-0.232299,-0.400865,0.000054, 
0,-0.630238,-0.230747,-0.400618,0.000949, 
0,-0.631446,-0.232266,-0.401088,-0.000077, 
0,-0.632219,-0.233195,-0.401889,-0.001387, 
0,-0.632583,-0.233525,-0.401906,-0.001673, 
0,-0.634627,-0.236272,-0.403361,-0.004385, 
0,-0.634356,-0.235499,-0.403088,-0.003790, 
0,-0.630335,-0.228642,-0.399158,0.003762, 
0,-0.636900,-0.238706,-0.405310,-0.008467, 
0,-0.630199,-0.227682,-0.398784,0.003840, 
0,-0.638331,-0.240148,-0.405932,-0.010227, 
0,-0.625400,-0.219249,-0.393550,0.013210, 
0,-0.632720,-0.230365,-0.400164,0.000315, 
0,-0.633758,-0.232133,-0.401487,-0.002461, 
0,-0.635002,-0.233659,-0.402572,-0.004390, 
0,-0.633633,-0.230985,-0.400655,-0.000547, 
0,-0.634335,-0.232115,-0.401579,-0.002074, 
0,-0.635542,-0.233566,-0.401829,-0.002696, 
0,-0.635186,-0.232786,-0.401464,-0.001648, 
0,-0.641656,-0.242782,-0.407366,-0.013106, 
0,-0.628602,-0.221795,-0.395471,0.009973, 
0,-0.640078,-0.239354,-0.405537,-0.009467, 
0,-0.641240,-0.241040,-0.406721,-0.011221, 
0,-0.636508,-0.233317,-0.402243,-0.002865, 
0,-0.634838,-0.230631,-0.400846,-0.000029, 
0,-0.637745,-0.234760,-0.403283,-0.004920, 
0,-0.623419,-0.212446,-0.389729,0.020816, 
0,-0.640281,-0.238407,-0.405502,-0.009656, 
0,-0.635413,-0.230583,-0.400923,-0.001379, 
0,-0.637571,-0.234059,-0.402622,-0.004768, 
0,-0.636050,-0.231666,-0.400996,-0.001769, 
0,-0.636117,-0.231683,-0.400859,-0.001644, 
0,-0.635438,-0.231075,-0.401011,-0.001969, 
0,-0.635946,-0.231501,-0.400696,-0.001867, 
0,-0.635646,-0.230941,-0.400665,-0.001871, 
0,-0.636016,-0.231171,-0.400696,-0.001804, 
0,-0.635343,-0.230539,-0.400719,-0.001748, 
0,-0.634996,-0.230085,-0.400463,-0.001830, 
0,-0.635245,-0.230100,-0.400405,-0.001808, 
0,-0.635450,-0.230490,-0.400327,-0.001815, 
0,-0.635270,-0.230369,-0.400262,-0.001838, 
0,-0.635016,-0.230077,-0.400194,-0.001845, 
0,-0.635042,-0.230024,-0.400145,-0.001814, 
0,-0.635212,-0.230195,-0.400077,-0.001783, 
0,-0.635384,-0.230544,-0.400056,-0.001782, 
0,-0.635449,-0.230643,-0.399871,-0.001812, 
0,-0.635579,-0.230606,-0.399713,-0.001550, 
0,-0.634856,-0.229846,-0.399604,-0.001452, 
0,-0.634805,-0.229689,-0.399691,-0.001712, 
0,-0.634303,-0.228844,-0.398829,-0.000209, 
0,-0.630333,-0.222907,-0.395317,0.006501, 
0,-0.632734,-0.226626,-0.397609,0.002173, 
0,-0.629357,-0.221578,-0.394838,0.007063, 
0,-0.643963,-0.243361,-0.407897,-0.017613, 
0,-0.629370,-0.221065,-0.394183,0.008111, 
0,-0.633489,-0.227185,-0.397839,0.001377, 
0,-0.649283,-0.253051,-0.412260,-0.027708, 
0,-0.632111,-0.225839,-0.396411,0.003136, 
0,-0.628534,-0.219683,-0.393670,0.008770, 
0,-0.620737,-0.206721,-0.385944,0.023827, 
0,-0.635024,-0.230335,-0.399271,-0.003260, 
0,-0.633671,-0.228020,-0.397816,-0.000377, 
0,-0.635246,-0.230561,-0.399044,-0.002869, 
0,-0.634463,-0.229655,-0.398304,-0.001522, 
0,-0.635316,-0.231170,-0.398965,-0.003039, 
0,-0.634485,-0.229873,-0.398336,-0.002347, 
0,-0.635241,-0.231329,-0.399165,-0.004101, 
0,-0.634518,-0.230105,-0.398418,-0.002687, 
0,-0.630660,-0.223812,-0.394720,0.004584, 
0,-0.634504,-0.230035,-0.398453,-0.002881, 
0,-0.634239,-0.229839,-0.398480,-0.003113, 
0,-0.633930,-0.229332,-0.398026,-0.002412, 
0,-0.633575,-0.228982,-0.397851,-0.002182, 
0,-0.632699,-0.227714,-0.397212,-0.001271, 
0,-0.632878,-0.228102,-0.397482,-0.001915, 
0,-0.633104,-0.228807,-0.397929,-0.002683, 
0,-0.631954,-0.226983,-0.397555,-0.001988, 
0,-0.632124,-0.227106,-0.397221,-0.001539, 
0,-0.632561,-0.227932,-0.397555,-0.002350, 
0,-0.632704,-0.228097,-0.397229,-0.001965, 
0,-0.632865,-0.228413,-0.397162,-0.001956, 
0,-0.632474,-0.227934,-0.396938,-0.001673, 
0,-0.632467,-0.227949,-0.396944,-0.001920, 
0,-0.632846,-0.228497,-0.397043,-0.002197, 
0,-0.633083,-0.229148,-0.397179,-0.002841, 
0,-0.633639,-0.230077,-0.397674,-0.003800, 
0,-0.632098,-0.227641,-0.396554,-0.001674, 
0,-0.632684,-0.228483,-0.396136,-0.001932, 
0,-0.633259,-0.229215,-0.396434,-0.002391, 
0,-0.636287,-0.234261,-0.399167,-0.008305, 
0,-0.638294,-0.237497,-0.401091,-0.012051, 
0,-0.622358,-0.211744,-0.386713,0.016275, 
0,-0.641342,-0.242520,-0.404045,-0.018304, 
0,-0.635070,-0.232193,-0.398221,-0.006623, 
0,-0.633819,-0.230124,-0.397329,-0.004978, 
0,-0.633478,-0.229578,-0.396756,-0.004153, 
0,-0.631528,-0.226381,-0.394897,-0.000615, 
0,-0.632140,-0.227392,-0.395129,-0.002009, 
0,-0.632644,-0.227917,-0.395461,-0.002536, 
0,-0.631729,-0.226400,-0.394650,-0.000978, 
0,-0.631870,-0.226592,-0.394693,-0.001388, 
0,-0.632115,-0.227046,-0.394756,-0.001575, 
0,-0.631814,-0.226649,-0.394576,-0.001434, 
0,-0.632136,-0.226993,-0.394696,-0.001699, 
0,-0.632401,-0.227178,-0.394871,-0.001882, 
0,-0.632247,-0.227344,-0.394758,-0.001809, 
0,-0.631993,-0.226857,-0.394694,-0.001813, 
0,-0.632167,-0.226980,-0.394462,-0.001796, 
0,-0.632046,-0.226876,-0.394201,-0.001582, 
0,-0.631976,-0.226631,-0.394102,-0.001367, 
0,-0.635134,-0.231571,-0.396729,-0.006902, 
0,-0.634018,-0.229791,-0.395818,-0.005116, 
0,-0.629417,-0.222457,-0.391291,0.003184, 
0,-0.628982,-0.221850,-0.391165,0.003606, 
0,-0.633939,-0.229882,-0.395823,-0.005626, 
0,-0.636786,-0.234381,-0.398146,-0.010198, 
0,-0.629791,-0.223303,-0.391996,0.001465, 
0,-0.616403,-0.201294,-0.379660,0.025649, 
0,-0.631749,-0.225794,-0.393259,-0.001024, 
0,-0.632797,-0.227865,-0.394196,-0.003597, 
2,-0.638956,-0.237628,-0.399778,-0.014473,"Interferent"
0,-0.618432,-0.204638,-0.381084,0.022347, 
0,-0.608010,-0.190517,-0.371728,0.038857, 
0,-0.617041,-0.199574,-0.380619,0.025714, 
0,-0.626260,-0.217903,-0.388862,0.005634, 
0,-0.632272,-0.227372,-0.394361,-0.004917, 
0,-0.638410,-0.237605,-0.400097,-0.013571, 
0,-0.647210,-0.256020,-0.407694,-0.034239, 
0,-0.647005,-0.247363,-0.409221,-0.028443, 
0,-0.670314,-0.288822,-0.428463,-0.072993, 
0,-0.614953,-0.200089,-0.378581,0.025739, 
0,-0.631135,-0.225825,-0.392717,-0.002902, 
0,-0.630260,-0.224569,-0.391677,-0.001477, 
0,-0.638704,-0.239373,-0.399367,-0.016041, 
0,-0.628635,-0.225218,-0.390367,0.001531, 
0,-0.623365,-0.219063,-0.385005,0.011714, 
0,-0.635588,-0.242277,-0.396581,-0.011039, 
0,-0.629368,-0.236371,-0.391222,-0.000371, 
0,-0.629656,-0.240319,-0.391398,-0.000776, 
0,-0.629448,-0.243512,-0.391065,-0.000263, 
0,-0.629705,-0.248183,-0.391334,-0.000793, 
0,-0.630728,-0.254158,-0.392288,-0.002474, 
0,-0.630770,-0.256371,-0.392194,-0.000091, 
0,-0.630382,-0.259846,-0.391715,-0.001343, 
0,-0.631829,-0.264273,-0.392582,-0.003032, 
0,-0.631046,-0.265540,-0.391886,-0.001815, 
0,-0.630670,-0.267749,-0.391345,-0.001439, 
0,-0.630955,-0.270435,-0.391455,-0.001349, 
0,-0.630174,-0.271988,-0.391394,-0.001492, 
0,-0.630661,-0.275045,-0.391344,-0.001453, 
0,-0.631088,-0.277559,-0.391283,-0.001661, 
0,-0.609117,-0.253132,-0.367262,0.021352, 
0,-0.631866,-0.282007,-0.391234,-0.001607, 
0,-0.631726,-0.283530,-0.391114,-0.001555, 
0,-0.635403,-0.291398,-0.394671,-0.008696, 
0,-0.629662,-0.283559,-0.389033,0.002296, 
0,-0.633579,-0.290549,-0.392384,-0.003995, 
0,-0.624705,-0.277816,-0.384100,0.012173, 
0,-0.631445,-0.289920,-0.390240,0.000037, 
0,-0.632703,-0.292547,-0.391195,-0.002039, 
0,-0.631344,-0.291932,-0.390264,-0.000437, 
0,-0.632788,-0.295360,-0.391388,-0.002603, 
0,-0.632423,-0.295817,-0.391229,-0.002429, 
0,-0.632374,-0.296802,-0.390905,-0.002052, 
0,-0.632504,-0.297173,-0.390664,-0.001601, 
0,-0.631854,-0.297142,-0.390445,-0.001723, 
0,-0.631937,-0.298642,-0.390335,-0.001932, 
0,-0.631733,-0.299062,-0.390229,-0.001678, 
0,-0.632455,-0.300145,-0.390177,-0.001923, 
0,-0.631561,-0.300149,-0.390029,-0.001681, 
0,-0.631846,-0.301780,-0.390174,-0.001940, 
0,-0.632424,-0.302966,-0.390183,-0.002000, 
0,-0.632412,-0.303493,-0.390186,-0.002036, 
0,-0.632164,-0.303702,-0.390114,-0.001964, 
0,-0.632104,-0.304560,-0.389807,-0.001541, 
0,-0.632513,-0.305715,-0.389732,-0.001759, 
0,-0.632619,-0.306121,-0.389777,-0.001917, 
0,-0.632348,-0.306317,-0.389854,-0.002269, 
0,-0.632357,-0.307312,-0.389711,-0.002028, 
0,-0.632869,-0.308895,-0.389820,-0.002273, 
0,-0.635069,-0.312823,-0.391837,-0.006256, 
0,-0.633427,-0.310529,-0.390154,-0.002969, 
0,-0.631632,-0.308012,-0.388656,-0.000181, 
0,-0.635137,-0.314111,-0.391914,-0.006982, 
0,-0.629072,-0.304694,-0.386098,0.004422, 
0,-0.634224,-0.313320,-0.391107,-0.005208, 
0,-0.633121,-0.312328,-0.390160,-0.003454, 
0,-0.631616,-0.310101,-0.388240,0.000283, 
0,-0.632642,-0.311654,-0.389140,-0.001416, 
0,-0.632571,-0.312194,-0.389006,-0.001147, 
0,-0.632560,-0.312690,-0.389507,-0.002257, 
0,-0.633156,-0.314206,-0.389288,-0.001907, 
0,-0.632935,-0.314287,-0.389044,-0.001583, 
0,-0.632140,-0.313468,-0.388913,-0.001432, 
0,-0.632624,-0.315056,-0.389210,-0.002230, 
0,-0.632481,-0.315082,-0.388910,-0.001697, 
0,-0.632577,-0.315112,-0.389158,-0.002119, 
0,-0.632141,-0.315026,-0.388539,-0.000901, 
0,-0.632563,-0.315812,-0.388699,-0.001283, 
0,-0.633607,-0.317584,-0.389365,-0.003039, 
0,-0.633433,-0.317775,-0.389257,-0.003086, 
0,-0.632198,-0.315736,-0.387712,0.000205, 
0,-0.637524,-0.324253,-0.392560,-0.009155, 
0,-0.632216,-0.316029,-0.387629,0.000619, 
0,-0.635037,-0.321398,-0.390275,-0.005192, 
0,-0.629568,-0.313398,-0.385200,0.004755, 
0,-0.632727,-0.318385,-0.388044,-0.000929, 
0,-0.636473,-0.324158,-0.391410,-0.007517, 
0,-0.630247,-0.314548,-0.385619,0.003469, 
0,-0.633081,-0.319113,-0.388420,-0.001833, 
0,-0.634344,-0.321784,-0.389297,-0.003496, 
0,-0.633510,-0.320632,-0.388553,-0.002053, 
0,-0.633659,-0.321237,-0.388328,-0.001894, 
0,-0.633414,-0.320777,-0.387924,-0.001316, 
0,-0.635524,-0.323796,-0.389732,-0.005032, 
0,-0.634949,-0.323581,-0.388955,-0.003800, 
0,-0.630310,-0.316312,-0.385027,0.003966, 
0,-0.633862,-0.322297,-0.388088,-0.002051, 
0,-0.633703,-0.322634,-0.388023,-0.002139, 
0,-0.633758,-0.323165,-0.387672,-0.001939, 
0,-0.633481,-0.322834,-0.387683,-0.001820, 
0,-0.633592,-0.322696,-0.387555,-0.001682, 
0,-0.634379,-0.323954,-0.387945,-0.002751, 
0,-0.633896,-0.323465,-0.387719,-0.002266, 
0,-0.634253,-0.324335,-0.387894,-0.002537, 
0,-0.633601,-0.323233,-0.386960,-0.001252, 
0,-0.633970,-0.324452,-0.387412,-0.002216, 
0,-0.633705,-0.324184,-0.387251,-0.002194, 
0,-0.633139,-0.324084,-0.386647,-0.001730, 
0,-0.633693,-0.324831,-0.386867,-0.002019, 
0,-0.633393,-0.324800,-0.386845,-0.001696, 
0,-0.633509,-0.325670,-0.386990,-0.001970, 
0,-0.633998,-0.325764,-0.386924,-0.001960, 
0,-0.633390,-0.325005,-0.386957,-0.001857, 
0,-0.633279,-0.324981,-0.387002,-0.001860, 
0,-0.632508,-0.325410,-0.386916,-0.001866, 
0,-0.632849,-0.326440,-0.386940,-0.001816, 
0,-0.633343,-0.326935,-0.387063,-0.002229, 
0,-0.633218,-0.326437,-0.386745,-0.001492, 
0,-0.630391,-0.321187,-0.383969,0.004081, 
0,-0.633793,-0.327035,-0.387066,-0.002081, 
0,-0.634286,-0.327725,-0.387193,-0.002626, 
0,-0.633479,-0.326835,-0.386902,-0.002547, 
0,-0.633547,-0.327313,-0.386823,-0.002302, 
0,-0.633872,-0.327920,-0.386709,-0.002276, 
0,-0.633507,-0.327709,-0.386370,-0.001783, 
0,-0.633364,-0.327739,-0.386385,-0.001922, 
0,-0.633199,-0.327508,-0.386399,-0.001785, 
0,-0.633267,-0.327651,-0.386324,-0.001552, 
0,-0.631847,-0.326065,-0.385451,-0.000320, 
0,-0.633606,-0.329371,-0.386744,-0.003033, 
0,-0.632481,-0.327522,-0.385777,-0.001097, 
0,-0.632839,-0.328308,-0.386216,-0.002025, 
0,-0.632496,-0.327989,-0.385910,-0.001601, 
0,-0.632553,-0.328797,-0.386119,-0.001855, 
0,-0.634891,-0.332897,-0.388230,-0.006126, 
0,-0.634408,-0.332457,-0.387593,-0.004787, 
0,-0.635260,-0.334004,-0.388223,-0.006252, 
0,-0.637485,-0.337300,-0.390356,-0.010129, 
0,-0.630302,-0.325366,-0.383742,0.002604, 
0,-0.558307,-0.217190,-0.318418,0.124821, 
0,-0.617632,-0.307412,-0.371617,0.023704, 
0,-0.643203,-0.344810,-0.394738,-0.019019, 
0,-0.730408,-0.475671,-0.474297,-0.166740, 
0,-0.607081,-0.294852,-0.363330,0.038384, 
0,-0.647217,-0.354890,-0.399499,-0.028266, 
0,-0.643580,-0.350887,-0.395621,-0.023325, 
0,-0.592653,-0.266466,-0.348666,0.071310, 
0,-0.634965,-0.335644,-0.387125,-0.006445, 
0,-0.631200,-0.329356,-0.383546,0.000022, 
0,-0.632382,-0.331440,-0.384919,-0.003099, 
0,-0.631366,-0.329735,-0.384020,-0.001360, 
0,-0.631993,-0.330984,-0.384456,-0.002243, 
0,-0.631371,-0.330515,-0.384470,-0.002272, 
0,-0.630938,-0.329819,-0.384215,-0.001720, 
0,-0.631179,-0.330623,-0.384463,-0.002168, 
0,-0.631468,-0.330398,-0.384841,-0.002769, 
0,-0.629950,-0.328194,-0.383512,-0.000436, 
0,-0.630823,-0.329393,-0.383936,-0.001548, 
0,-0.629719,-0.328065,-0.383905,-0.001394, 
0,-0.630514,-0.329718,-0.383975,-0.001714, 
0,-0.630267,-0.329728,-0.384038,-0.001666, 
0,-0.630821,-0.330426,-0.384086,-0.001683, 
0,-0.630720,-0.330770,-0.384139,-0.002134, 
0,-0.630719,-0.330774,-0.384124,-0.002203, 
0,-0.629381,-0.329492,-0.383307,-0.000612, 
0,-0.629975,-0.330329,-0.383875,-0.001934, 
0,-0.630260,-0.331170,-0.383837,-0.002055, 
0,-0.629645,-0.330490,-0.383592,-0.001645, 
0,-0.629849,-0.332095,-0.383626,-0.001672, 
0,-0.629935,-0.332400,-0.383584,-0.001672, 
0,-0.630098,-0.332413,-0.383775,-0.001971, 
0,-0.630016,-0.332944,-0.383510,-0.001859, 
0,-0.630291,-0.333022,-0.383404,-0.001916, 
0,-0.630325,-0.333112,-0.383086,-0.001566, 
0,-0.630144,-0.332128,-0.383210,-0.001658, 
0,-0.630027,-0.332476,-0.383333,-0.001960, 
0,-0.629783,-0.332601,-0.383325,-0.001947, 
0,-0.629346,-0.332349,-0.383100,-0.001676, 
0,-0.629332,-0.332695,-0.382988,-0.001700, 
0,-0.630213,-0.333943,-0.383009,-0.001716, 
0,-0.630312,-0.333315,-0.383100,-0.001845, 
0,-0.630137,-0.333078,-0.383116,-0.001939, 
0,-0.629921,-0.333287,-0.383130,-0.001872, 
0,-0.629891,-0.333305,-0.383156,-0.001833, 
0,-0.629895,-0.333036,-0.383130,-0.001686, 
0,-0.629637,-0.333450,-0.383102,-0.001721, 
0,-0.629736,-0.334112,-0.383093,-0.001808, 
0,-0.629690,-0.333636,-0.383120,-0.001749, 
0,-0.629899,-0.333886,-0.382995,-0.001822, 
0,-0.629620,-0.334135,-0.382730,-0.001501, 
0,-0.629562,-0.334248,-0.382670,-0.001710, 
0,-0.629512,-0.334938,-0.382497,-0.002006, 
0,-0.629234,-0.335227,-0.382201,-0.001869, 
0,-0.629067,-0.334648,-0.382050,-0.001677, 
0,-0.629280,-0.334615,-0.381779,-0.001586, 
0,-0.629430,-0.334578,-0.381863,-0.001867, 
0,-0.629149,-0.334369,-0.381921,-0.001948, 
0,-0.628909,-0.333869,-0.381749,-0.001834, 
0,-0.628897,-0.333832,-0.381586,-0.001587, 
0,-0.628577,-0.333626,-0.381382,-0.001581, 
0,-0.628302,-0.333117,-0.381494,-0.001864, 
0,-0.628199,-0.332522,-0.381532,-0.001795, 
0,-0.628703,-0.333491,-0.381771,-0.001865, 
0,-0.628227,-0.333197,-0.381578,-0.001534, 
0,-0.628174,-0.333509,-0.381650,-0.001800, 
0,-0.628622,-0.333812,-0.381605,-0.002032, 
0,-0.628594,-0.334099,-0.381534,-0.001937, 
0,-0.628024,-0.333208,-0.381333,-0.001584, 
0,-0.627895,-0.333265,-0.381384,-0.001582, 
0,-0.628249,-0.334869,-0.381498,-0.001935, 
0,-0.628694,-0.335153,-0.381520,-0.001932, 
0,-0.628395,-0.334663,-0.381227,-0.001850, 
0,-0.628034,-0.334470,-0.381183,-0.001668, 
0,-0.628276,-0.335288,-0.381008,-0.001564, 
0,-0.628611,-0.335520,-0.381251,-0.002128, 
0,-0.628748,-0.335480,-0.381085,-0.001835, 
0,-0.628192,-0.334609,-0.381083,-0.001732, 
0,-0.628409,-0.334669,-0.381204,-0.001784, 
0,-0.627948,-0.335620,-0.381275,-0.001997, 
0,-0.627511,-0.335385,-0.380905,-0.001841, 
0,-0.627570,-0.334775,-0.381140,-0.001908, 
0,-0.627818,-0.334384,-0.381140,-0.001904, 
0,-0.627651,-0.334452,-0.381073,-0.001739, 
0,-0.627465,-0.334331,-0.380921,-0.001596, 
0,-0.628096,-0.335300,-0.381211,-0.001873, 
0,-0.628386,-0.335340,-0.381292,-0.001979, 
0,-0.628035,-0.334639,-0.381216,-0.001977, 
0,-0.627757,-0.334922,-0.381095,-0.001869, 
0,-0.626866,-0.334469,-0.381043,-0.001652, 
0,-0.627194,-0.335209,-0.381230,-0.001786, 
0,-0.627586,-0.335037,-0.381041,-0.001818, 
0,-0.627505,-0.335043,-0.381060,-0.001868, 
0,-0.626957,-0.335308,-0.380907,-0.001807, 
0,-0.627196,-0.335091,-0.380901,-0.001665, 
0,-0.627369,-0.335554,-0.381066,-0.001935, 
0,-0.627697,-0.335607,-0.381087,-0.002042, 
0,-0.627227,-0.334898,-0.380997,-0.001691, 
0,-0.626851,-0.334686,-0.380915,-0.001820, 
0,-0.626906,-0.335794,-0.380718,-0.001822, 
0,-0.627150,-0.335679,-0.380853,-0.001938, 
0,-0.627136,-0.335986,-0.380740,-0.001902, 
0,-0.627344,-0.336542,-0.380715,-0.001802, 
0,-0.627693,-0.336771,-0.380687,-0.001741, 
0,-0.627874,-0.336635,-0.380876,-0.001957, 
0,-0.627874,-0.336739,-0.381051,-0.002211, 
0,-0.629955,-0.340093,-0.382826,-0.005722, 
0,-0.628645,-0.337729,-0.381428,-0.003336, 
0,-0.626045,-0.334346,-0.379088,0.001202, 
0,-0.624845,-0.332777,-0.377710,0.003626, 
0,-0.629555,-0.340901,-0.382428,-0.005903, 
0,-0.628676,-0.338459,-0.381138,-0.002904, 
0,-0.631521,-0.343178,-0.383652,-0.009032, 
0,-0.627408,-0.336403,-0.380170,-0.001685, 
0,-0.626492,-0.336522,-0.380221,-0.001688, 
0,-0.627122,-0.337783,-0.380271,-0.002070, 
0,-0.626862,-0.337453,-0.380178,-0.001787, 
0,-0.627080,-0.337452,-0.380159,-0.001691, 
0,-0.627156,-0.336828,-0.380146,-0.001807, 
0,-0.628854,-0.338983,-0.381571,-0.004624, 
0,-0.620841,-0.327165,-0.374827,0.008515, 
0,-0.624841,-0.332914,-0.378348,0.001816, 
0,-0.625182,-0.334441,-0.378893,0.000278, 
0,-0.624883,-0.333339,-0.378622,0.001364, 
0,-0.626791,-0.336937,-0.380152,-0.002287, 
0,-0.621903,-0.329072,-0.376062,0.006064, 
3,-0.614263,-0.316668,-0.368744,0.020576,"Analyte Added"
0,-0.618011,-0.323729,-0.371777,0.013939, 
0,-0.643511,-0.355747,-0.394076,-0.023506, 
0,-0.623608,-0.333197,-0.377270,0.002103, 
0,-0.644622,-0.356746,-0.391697,-0.021545, 
0,-0.612365,-0.327019,-0.370729,0.008656, 
0,-0.649481,-0.372947,-0.400817,-0.043287, 
0,-0.633249,-0.347697,-0.385571,-0.013529, 
0,-0.628947,-0.342324,-0.380477,-0.003544, 
0,-0.624327,-0.339227,-0.377405,0.002684, 
0,-0.623029,-0.338430,-0.376051,0.005466, 
0,-0.624199,-0.342178,-0.376622,0.003429, 
0,-0.625382,-0.344952,-0.377268,0.002234, 
0,-0.626942,-0.349382,-0.379330,-0.001646, 
0,-0.627002,-0.351908,-0.378932,-0.001177, 
0,-0.627486,-0.354098,-0.379007,-0.001251, 
0,-0.627337,-0.354046,-0.378825,-0.001171, 
0,-0.627317,-0.356498,-0.379064,-0.001527, 
0,-0.626764,-0.358940,-0.378730,-0.001171, 
0,-0.627159,-0.361190,-0.378801,-0.001260, 
0,-0.627160,-0.363103,-0.378943,-0.001562, 
0,-0.627084,-0.364563,-0.378818,-0.001587, 
0,-0.626546,-0.366927,-0.378571,-0.001498, 
0,-0.626345,-0.368620,-0.378432,-0.001624, 
0,-0.626664,-0.370927,-0.378564,-0.001653, 
0,-0.625256,-0.371023,-0.378563,-0.001598, 
0,-0.625084,-0.373155,-0.378451,-0.001516, 
0,-0.625291,-0.376872,-0.377925,-0.001597, 
0,-0.625568,-0.377699,-0.378044,-0.001753, 
0,-0.625303,-0.379725,-0.378008,-0.001723, 
0,-0.625330,-0.381394,-0.377934,-0.001600, 
0,-0.625521,-0.382393,-0.377928,-0.001515, 
0,-0.625352,-0.383841,-0.377779,-0.001558, 
0,-0.625431,-0.385831,-0.377920,-0.001749, 
0,-0.626072,-0.387911,-0.377992,-0.001756, 
0,-0.626087,-0.388566,-0.377805,-0.001413, 
0,-0.625961,-0.389832,-0.377719,-0.001479, 
0,-0.625984,-0.390760,-0.377819,-0.001629, 
0,-0.626538,-0.393056,-0.377931,-0.001884, 
0,-0.626315,-0.393943,-0.377600,-0.001610, 
0,-0.626359,-0.395329,-0.377395,-0.001364, 
0,-0.626766,-0.397227,-0.377714,-0.001834, 
0,-0.626994,-0.398290,-0.377912,-0.001972, 
0,-0.626531,-0.398028,-0.377876,-0.001872, 
0,-0.626433,-0.398963,-0.377739,-0.001659, 
0,-0.626481,-0.399376,-0.377571,-0.001432, 
0,-0.626528,-0.399627,-0.377614,-0.001503, 
0,-0.626325,-0.400412,-0.377474,-0.001815, 
0,-0.626608,-0.402315,-0.377415,-0.001766, 
0,-0.626100,-0.402067,-0.377345,-0.001495, 
0,-0.626811,-0.403754,-0.377584,-0.001864, 
0,-0.627036,-0.405392,-0.377522,-0.002015, 
0,-0.627032,-0.405772,-0.377500,-0.001885, 
0,-0.627142,-0.407017,-0.377326,-0.001568, 
0,-0.627563,-0.407632,-0.377608,-0.001839, 
0,-0.627443,-0.407887,-0.377566,-0.001975, 
0,-0.627290,-0.407559,-0.377554,-0.002035, 
0,-0.627238,-0.408581,-0.377360,-0.001918, 
0,-0.627308,-0.409554,-0.377572,-0.002033, 
0,-0.627394,-0.409432,-0.377525,-0.001873, 
0,-0.627270,-0.409592,-0.377551,-0.001764, 
0,-0.627306,-0.410999,-0.377499,-0.001821, 
0,-0.627394,-0.412953,-0.377304,-0.001599, 
0,-0.627874,-0.412932,-0.377315,-0.001736, 
0,-0.628084,-0.413168,-0.377478,-0.001934, 
0,-0.628078,-0.413572,-0.377545,-0.001941, 
0,-0.628076,-0.413888,-0.377596,-0.001937, 
0,-0.627722,-0.414043,-0.377413,-0.001629, 
0,-0.627914,-0.415294,-0.377480,-0.001788, 
0,-0.627929,-0.416496,-0.377590,-0.001921, 
0,-0.628135,-0.416822,-0.377742,-0.001908, 
0,-0.628091,-0.416705,-0.377827,-0.001804, 
0,-0.627861,-0.416352,-0.377575,-0.001646, 
0,-0.628109,-0.417177,-0.377799,-0.001971, 
0,-0.627833,-0.416648,-0.377733,-0.001668, 
0,-0.628085,-0.417656,-0.377840,-0.001908, 
0,-0.628135,-0.418091,-0.377763,-0.001818, 
0,-0.627889,-0.417791,-0.377598,-0.001763, 
0,-0.628415,-0.417917,-0.377424,-0.001858, 
0,-0.627959,-0.417464,-0.377343,-0.001920, 
0,-0.627737,-0.418317,-0.377203,-0.002011, 
0,-0.627548,-0.420278,-0.377039,-0.001834, 
0,-0.628034,-0.418612,-0.377173,-0.001791, 
0,-0.628019,-0.418386,-0.377273,-0.001783, 
0,-0.628061,-0.419246,-0.377298,-0.001961, 
0,-0.627854,-0.419861,-0.376962,-0.001642, 
0,-0.627863,-0.420131,-0.376919,-0.001653, 
0,-0.627603,-0.419301,-0.377210,-0.001896, 
0,-0.627327,-0.418480,-0.377204,-0.001847, 
0,-0.627441,-0.419759,-0.377250,-0.001841, 
0,-0.627226,-0.419324,-0.377279,-0.001849, 
0,-0.627387,-0.420164,-0.377379,-0.001823, 
0,-0.626895,-0.420301,-0.377379,-0.001817, 
0,-0.627093,-0.420965,-0.377277,-0.001810, 
0,-0.627256,-0.421585,-0.377370,-0.001848, 
0,-0.626759,-0.420777,-0.377377,-0.001669, 
0,-0.627353,-0.422747,-0.377297,-0.001701, 
0,-0.627605,-0.422595,-0.377285,-0.001922, 
0,-0.627785,-0.422608,-0.377307,-0.001852, 
0,-0.627509,-0.422299,-0.377200,-0.001669, 
0,-0.627416,-0.422881,-0.377286,-0.001802, 
0,-0.627786,-0.423508,-0.377288,-0.001768, 
0,-0.627381,-0.423496,-0.377218,-0.001916, 
0,-0.627100,-0.424195,-0.377169,-0.001834, 
0,-0.627290,-0.424775,-0.377260,-0.001863, 
0,-0.627719,-0.425204,-0.377294,-0.001697, 
0,-0.627694,-0.425241,-0.377384,-0.001874, 
0,-0.627151,-0.425304,-0.377318,-0.001814, 
0,-0.628017,-0.426882,-0.377732,-0.002966, 
0,-0.628329,-0.426594,-0.377829,-0.003464, 
0,-0.629735,-0.429415,-0.379114,-0.005867, 
0,-0.627776,-0.427862,-0.377260,-0.002262, 
0,-0.614867,-0.406393,-0.365594,0.020621, 
0,-0.639853,-0.446341,-0.387776,-0.023074, 
0,-0.627222,-0.426226,-0.376727,-0.001512, 
0,-0.627663,-0.427771,-0.377186,-0.002247, 
0,-0.627774,-0.428006,-0.376833,-0.001651, 
0,-0.627520,-0.427178,-0.376675,-0.001618, 
0,-0.627659,-0.427433,-0.376716,-0.001494, 
0,-0.627865,-0.427788,-0.376805,-0.001787, 
0,-0.628345,-0.428680,-0.376886,-0.001894, 
0,-0.628233,-0.427972,-0.376910,-0.001889, 
0,-0.628119,-0.428105,-0.376849,-0.001816, 
0,-0.628352,-0.428218,-0.376824,-0.001825, 
0,-0.628358,-0.428495,-0.376696,-0.001787, 
0,-0.628071,-0.428913,-0.376602,-0.001786, 
0,-0.627671,-0.428196,-0.376467,-0.001632, 
0,-0.628093,-0.430102,-0.376556,-0.001928, 
0,-0.627998,-0.430642,-0.376342,-0.001831, 
0,-0.627564,-0.430281,-0.376379,-0.001839, 
0,-0.627820,-0.431206,-0.376155,-0.001827, 
0,-0.627531,-0.431504,-0.376164,-0.001798, 
0,-0.627511,-0.431113,-0.376236,-0.001815, 
0,-0.627852,-0.431147,-0.376269,-0.001758, 
0,-0.627808,-0.430710,-0.376326,-0.001959, 
0,-0.627380,-0.430748,-0.376016,-0.001853, 
0,-0.627308,-0.430850,-0.375948,-0.001825, 
0,-0.627243,-0.431278,-0.375922,-0.001866, 
0,-0.627167,-0.430868,-0.375878,-0.001947, 
0,-0.627136,-0.431559,-0.375642,-0.001759, 
0,-0.627212,-0.432898,-0.375793,-0.001834, 
0,-0.627205,-0.432624,-0.375798,-0.001837, 
0,-0.619505,-0.409753,-0.360397,0.027266, 
0,-0.626830,-0.433937,-0.375571,-0.001577, 
0,-0.626975,-0.436372,-0.375664,-0.001801, 
0,-0.626818,-0.437572,-0.375769,-0.001895, 
0,-0.626921,-0.438032,-0.375785,-0.001821, 
0,-0.626915,-0.438541,-0.375664,-0.001755, 
0,-0.627127,-0.436845,-0.375458,-0.001788, 
0,-0.626897,-0.434884,-0.375429,-0.001699, 
0,-0.629242,-0.438865,-0.377993,-0.006636, 
0,-0.622705,-0.428738,-0.371602,0.005848, 
0,-0.612525,-0.416207,-0.361007,0.019527, 
0,-0.628846,-0.439089,-0.377089,-0.005117, 
0,-0.626839,-0.435448,-0.375432,-0.001708, 
0,-0.627251,-0.435804,-0.375816,-0.002355, 
0,-0.624957,-0.433525,-0.373983,0.001133, 
0,-0.629307,-0.438797,-0.377785,-0.006136, 
0,-0.626875,-0.435316,-0.376116,-0.003016, 
0,-0.630805,-0.441371,-0.379329,-0.009040, 
0,-0.626447,-0.434638,-0.375301,-0.001350, 
0,-0.625200,-0.432045,-0.373724,0.001361, 
0,-0.614378,-0.414356,-0.364262,0.019990, 
0,-0.613913,-0.414749,-0.363490,0.020215, 
0,-0.601116,-0.396137,-0.352060,0.041718, 
0,-0.639774,-0.452907,-0.386835,-0.023325, 
0,-0.633149,-0.443240,-0.380785,-0.012103, 
0,-0.626686,-0.433802,-0.375395,-0.001815, 
0,-0.653571,-0.473822,-0.399333,-0.046420, 
0,-0.637084,-0.447761,-0.384298,-0.015255, 
0,-0.638982,-0.453816,-0.386049,-0.023266, 
0,-0.637273,-0.452148,-0.384640,-0.020247, 
0,-0.597790,-0.388179,-0.348565,0.051835, 
0,-0.640551,-0.455228,-0.387119,-0.024788, 
0,-0.630166,-0.438740,-0.377986,-0.007173, 
0,-0.623950,-0.429348,-0.372491,0.003744, 
0,-0.626380,-0.433218,-0.374348,0.000200, 
0,-0.626532,-0.434219,-0.374868,-0.000614, 
0,-0.626446,-0.434832,-0.374900,-0.000671, 
0,-0.625031,-0.432876,-0.373170,0.002037, 
0,-0.627212,-0.435742,-0.374548,-0.001159, 
0,-0.628373,-0.435465,-0.375561,-0.003095, 
0,-0.622034,-0.425447,-0.370373,0.007108, 
0,-0.626884,-0.434880,-0.374588,-0.001450, 
0,-0.627365,-0.436118,-0.375071,-0.002225, 
0,-0.627052,-0.435816,-0.374661,-0.001343, 
0,-0.625721,-0.435130,-0.374611,-0.001275, 
0,-0.626601,-0.436122,-0.374808,-0.001667, 
0,-0.626553,-0.435622,-0.374922,-0.002021, 
0,-0.626913,-0.435164,-0.374775,-0.002006, 
0,-0.625669,-0.433963,-0.374330,-0.001015, 
0,-0.628714,-0.438223,-0.376866,-0.005990, 
0,-0.628472,-0.438651,-0.377131,-0.006486, 
0,-0.627459,-0.435593,-0.375596,-0.003587, 
0,-0.625665,-0.434182,-0.374241,-0.001211, 
0,-0.625800,-0.434197,-0.374671,-0.001441, 
0,-0.625534,-0.432635,-0.373956,0.000024, 
0,-0.626671,-0.435215,-0.375319,-0.002823, 
0,-0.623283,-0.432810,-0.372554,0.002582, 
0,-0.629889,-0.443284,-0.378749,-0.009073, 
0,-0.623553,-0.432147,-0.373023,0.002178, 
0,-0.626397,-0.434879,-0.375453,-0.002670, 
0,-0.625433,-0.433510,-0.375007,-0.001629, 
0,-0.625222,-0.434081,-0.375242,-0.002005, 
0,-0.624762,-0.434289,-0.374871,-0.001107, 
0,-0.618730,-0.424306,-0.369436,0.009785, 
0,-0.625226,-0.434408,-0.375254,-0.001378, 
0,-0.625238,-0.433920,-0.375586,-0.002217, 
0,-0.625345,-0.434925,-0.375894,-0.002901, 
0,-0.625482,-0.435488,-0.375758,-0.002672, 
0,-0.625128,-0.434802,-0.375479,-0.002248, 
0,-0.624826,-0.434891,-0.375310,-0.001917, 
0,-0.624550,-0.434208,-0.375590,-0.002513, 
0,-0.623423,-0.433122,-0.374286,-0.000412, 
0,-0.625097,-0.436186,-0.375181,-0.002440, 
0,-0.624621,-0.433885,-0.374844,-0.002032, 
0,-0.624269,-0.433642,-0.374236,-0.001818, 
0,-0.624318,-0.434555,-0.374174,-0.001675, 
0,-0.629927,-0.443533,-0.379363,-0.011700, 
0,-0.625491,-0.436672,-0.375723,-0.004590, 
0,-0.624022,-0.434464,-0.374206,-0.001790, 
0,-0.619735,-0.427327,-0.370207,0.006262, 
0,-0.629678,-0.443461,-0.379316,-0.011566, 
0,-0.624618,-0.434942,-0.374895,-0.003062, 
0,-0.624904,-0.435385,-0.374893,-0.002975, 
0,-0.623825,-0.433417,-0.374257,-0.001653, 
0,-0.623585,-0.433352,-0.374046,-0.001444, 
0,-0.625599,-0.436721,-0.375411,-0.004148, 
0,-0.624010,-0.433999,-0.374251,-0.001969, 
0,-0.616003,-0.421906,-0.366822,0.012295, 
0,-0.601377,-0.397270,-0.353429,0.039961, 
0,-0.630320,-0.444654,-0.379275,-0.012316, 
0,-0.631725,-0.446966,-0.380647,-0.015520, 
4,-0.625305,-0.437575,-0.374870,-0.003835,"Analyte Added"
0,-0.621788,-0.432548,-0.371741,0.001900, 
0,-0.573183,-0.354680,-0.326902,0.090209, 
0,-0.612670,-0.413606,-0.362798,0.021407, 
0,-0.663932,-0.503982,-0.413285,-4.730207, 
0,-0.631701,-0.448273,-0.382290,-9.198926, 
0,-0.647797,-0.472214,-0.395849,-0.058034, 
0,-0.641590,-0.462288,-0.388311,-0.037344, 
0,-0.626387,-0.440960,-0.374942,-0.016000, 
0,-0.612438,-0.426644,-0.362371,0.009147, 
0,-0.632180,-0.456124,-0.380184,-0.017145, 
0,-0.674764,-0.540428,-0.418671,-0.103858, 
0,-0.638197,-0.489643,-0.384753,-0.048173, 
0,-0.618168,-0.469443,-0.366441,0.002681, 
0,-0.633171,-0.505816,-0.379939,-0.019477, 
0,-0.631553,-0.517194,-0.378890,-0.017280, 
0,-0.620662,-0.506563,-0.368603,0.004952, 
0,-0.624625,-0.521872,-0.372321,-0.001084, 
0,-0.625491,-0.529172,-0.372809,-0.001553, 
0,-0.625850,-0.535287,-0.373139,-0.001622, 
0,-0.626136,-0.541394,-0.373088,-0.001485, 
0,-0.626383,-0.547785,-0.373415,-0.001801, 
0,-0.626818,-0.552527,-0.373464,-0.001823, 
0,-0.626814,-0.556909,-0.373396,-0.001828, 
0,-0.627154,-0.559984,-0.373803,-0.002220, 
0,-0.627126,-0.564789,-0.373842,-0.002418, 
0,-0.627815,-0.565647,-0.373937,-0.002617, 
0,-0.628056,-0.566715,-0.374156,-0.002963, 
0,-0.627713,-0.566834,-0.373945,-0.002525, 
0,-0.627749,-0.568209,-0.373648,-0.002171, 
0,-0.628196,-0.571675,-0.373751,-0.002218, 
0,-0.628603,-0.570810,-0.373889,-0.002363, 
0,-0.628012,-0.570493,-0.373825,-0.001812, 
0,-0.628260,-0.571502,-0.373492,-0.001432, 
0,-0.629458,-0.571993,-0.374119,-0.002652, 
0,-0.629028,-0.568590,-0.373636,-0.002094, 
0,-0.628983,-0.567905,-0.373765,-0.002892, 
0,-0.631017,-0.568659,-0.375350,-0.006044, 
0,-0.630885,-0.568106,-0.374952,-0.005958, 
0,-0.629133,-0.562353,-0.373374,-0.002478, 
0,-0.627957,-0.560679,-0.372421,-0.000725, 
0,-0.630955,-0.564702,-0.374778,-0.005521, 
0,-0.617948,-0.542010,-0.362644,0.018277, 
0,-0.634802,-0.566695,-0.377881,-0.011778, 
0,-0.630675,-0.557915,-0.374542,-0.005252, 
0,-0.629705,-0.555260,-0.373629,-0.003338, 
0,-0.629770,-0.553790,-0.373519,-0.002758, 
0,-0.628508,-0.548871,-0.372714,-0.001077, 
0,-0.629061,-0.548606,-0.373176,-0.002147, 
0,-0.629522,-0.547333,-0.373268,-0.002448, 
0,-0.628952,-0.546417,-0.373103,-0.002135, 
0,-0.628592,-0.547079,-0.372971,-0.001802, 
0,-0.629440,-0.547192,-0.373565,-0.002653, 
0,-0.628527,-0.543709,-0.372948,-0.001515, 
0,-0.629965,-0.545331,-0.373848,-0.003551, 
0,-0.629424,-0.541711,-0.373372,-0.002446, 
0,-0.628649,-0.539907,-0.373107,-0.001798, 
0,-0.623342,-0.531401,-0.368174,0.007816, 
0,-0.637101,-0.552879,-0.381152,-0.017534, 
0,-0.628344,-0.538529,-0.372935,-0.001869, 
0,-0.625451,-0.531303,-0.370324,0.003629, 
0,-0.627023,-0.532812,-0.371865,0.000413, 
0,-0.628980,-0.535024,-0.373597,-0.002725, 
0,-0.629250,-0.534233,-0.373520,-0.002866, 
0,-0.628901,-0.533134,-0.373206,-0.002366, 
0,-0.628248,-0.532758,-0.372982,-0.002008, 
0,-0.628457,-0.532644,-0.373006,-0.001922, 
0,-0.628524,-0.532396,-0.373114,-0.002347, 
0,-0.628433,-0.532144,-0.372912,-0.001989, 
0,-0.628228,-0.532170,-0.372969,-0.002090, 
0,-0.628016,-0.531869,-0.372977,-0.002106, 
0,-0.627861,-0.532581,-0.373063,-0.002156, 
0,-0.628005,-0.531889,-0.373234,-0.002146, 
0,-0.628262,-0.530851,-0.373088,-0.002045, 
0,-0.627932,-0.529723,-0.373062,-0.002134, 
0,-0.627626,-0.530634,-0.372856,-0.002017, 
0,-0.627428,-0.532325,-0.372883,-0.002003, 
0,-0.628313,-0.531407,-0.372976,-0.002009, 
0,-0.628329,-0.531027,-0.372901,-0.002131, 
0,-0.628317,-0.529882,-0.372808,-0.002073, 
0,-0.628852,-0.530199,-0.372841,-0.002051, 
0,-0.628203,-0.530357,-0.372756,-0.001982, 
0,-0.628041,-0.530410,-0.372863,-0.002160, 
0,-0.628288,-0.530886,-0.372973,-0.002123, 
0,-0.627756,-0.531467,-0.372867,-0.001982, 
0,-0.628002,-0.534883,-0.372951,-0.002079, 
0,-0.627996,-0.532514,-0.372812,-0.001993, 
0,-0.630304,-0.533644,-0.374855,-0.005871, 
0,-0.625907,-0.525810,-0.370661,0.002371, 
0,-0.627026,-0.527756,-0.371934,0.000274, 
0,-0.628397,-0.530304,-0.373052,-0.001996, 
0,-0.628447,-0.530706,-0.373124,-0.001901, 
0,-0.628629,-0.530004,-0.373052,-0.001853, 
0,-0.628473,-0.529170,-0.373165,-0.002167, 
0,-0.628616,-0.530013,-0.372751,-0.002129, 
0,-0.610535,-0.501252,-0.349969,0.023499, 
0,-0.628899,-0.528742,-0.372948,-0.002096, 
0,-0.628547,-0.528050,-0.372852,-0.001780, 
0,-0.628686,-0.529425,-0.372797,-0.001888, 
0,-0.628743,-0.529263,-0.372972,-0.002127, 
0,-0.628764,-0.527759,-0.373003,-0.002082, 
0,-0.629330,-0.526580,-0.373083,-0.002190, 
0,-0.629210,-0.527284,-0.373009,-0.001961, 
0,-0.628628,-0.526630,-0.372915,-0.001932, 
0,-0.629132,-0.527520,-0.372984,-0.002091, 
0,-0.629080,-0.527373,-0.373010,-0.002067, 
0,-0.629005,-0.527690,-0.373017,-0.002069, 
0,-0.628463,-0.527486,-0.372854,-0.002052, 
0,-0.628471,-0.528322,-0.372861,-0.001936, 
0,-0.628547,-0.527607,-0.372782,-0.001971, 
0,-0.628630,-0.528568,-0.372863,-0.002145, 
0,-0.628667,-0.528084,-0.372785,-0.002049, 
0,-0.628468,-0.528666,-0.372686,-0.001999, 
0,-0.628548,-0.527942,-0.372611,-0.001962, 
0,-0.628314,-0.527167,-0.372560,-0.001941, 
0,-0.628248,-0.527049,-0.372839,-0.002231, 
0,-0.627972,-0.526036,-0.372608,-0.002042, 
0,-0.627991,-0.526368,-0.372643,-0.001986, 
0,-0.627828,-0.527163,-0.372566,-0.001987, 
0,-0.628137,-0.527933,-0.372589,-0.001850, 
0,-0.628570,-0.526561,-0.372789,-0.002228, 
0,-0.628214,-0.525440,-0.372732,-0.002028, 
0,-0.627762,-0.524853,-0.372475,-0.001903, 
0,-0.628159,-0.525292,-0.372725,-0.002134, 
0,-0.627824,-0.524091,-0.372484,-0.001923, 
0,-0.628277,-0.524709,-0.372533,-0.002103, 
0,-0.631568,-0.530213,-0.375470,-0.007671, 
0,-0.625107,-0.519900,-0.369613,0.004249, 
0,-0.629213,-0.525123,-0.373468,-0.003341, 
0,-0.627875,-0.522691,-0.372079,-0.000629, 
0,-0.627960,-0.524842,-0.372610,-0.001903, 
0,-0.628797,-0.526154,-0.372746,-0.002097, 
0,-0.629342,-0.524771,-0.372810,-0.002036, 
0,-0.630107,-0.525911,-0.373519,-0.003503, 
0,-0.628282,-0.524336,-0.371883,-0.000518, 
0,-0.629291,-0.527339,-0.373022,-0.002598, 
0,-0.628832,-0.526002,-0.372809,-0.002097, 
0,-0.629857,-0.527007,-0.373402,-0.003245, 
0,-0.628873,-0.523845,-0.372035,-0.000542, 
0,-0.629785,-0.525176,-0.373001,-0.002415, 
0,-0.630968,-0.527098,-0.374246,-0.004744, 
0,-0.630601,-0.528283,-0.373565,-0.003989, 
0,-0.629898,-0.525426,-0.372692,-0.002359, 
0,-0.625929,-0.518307,-0.368804,0.004781, 
0,-0.623916,-0.514321,-0.367109,0.008580, 
0,-0.620582,-0.510041,-0.364312,0.013960, 
0,-0.630842,-0.528990,-0.373155,-0.003960, 
0,-0.644964,-0.550145,-0.385964,-0.029423, 
0,-0.629036,-0.526268,-0.371885,-0.001597, 
0,-0.628519,-0.526957,-0.372132,-0.001591, 
0,-0.629168,-0.526652,-0.371997,-0.001303, 
0,-0.629234,-0.525294,-0.372277,-0.001804, 
0,-0.628973,-0.526418,-0.372446,-0.002183, 
0,-0.629309,-0.527632,-0.372543,-0.002325, 
0,-0.629772,-0.528852,-0.372336,-0.002009, 
0,-0.629442,-0.527525,-0.372053,-0.001867, 
0,-0.629634,-0.527158,-0.372034,-0.001834, 
0,-0.629541,-0.526866,-0.372013,-0.001861, 
0,-0.629602,-0.526068,-0.372243,-0.002177, 
0,-0.628877,-0.526059,-0.371866,-0.001774, 
0,-0.629536,-0.529869,-0.372149,-0.001945, 
0,-0.629575,-0.527639,-0.372112,-0.001955, 
0,-0.629370,-0.528057,-0.372091,-0.001788, 
0,-0.630051,-0.528583,-0.372471,-0.002742, 
0,-0.631710,-0.530581,-0.374044,-0.006086, 
0,-0.629462,-0.525814,-0.372269,-0.001982, 
0,-0.633147,-0.534041,-0.375516,-0.008540, 
0,-0.614411,-0.503026,-0.358670,0.025316, 
0,-0.629501,-0.526196,-0.372142,-0.001446, 
0,-0.630521,-0.527960,-0.373394,-0.004027, 
0,-0.631396,-0.529659,-0.374674,-0.006614, 
5,-0.618529,-0.508832,-0.363214,0.016406,"Analyte Added"
0,-0.603729,-0.485461,-0.349312,0.043287, 
0,-0.636502,-0.532660,-0.378929,-0.010639, 
0,-0.624732,-0.517257,-0.368979,0.006664, 
0,-0.645100,-0.546388,-0.386772,-0.018347, 
0,-0.612201,-0.509386,-0.393248,0.014486, 
0,-0.670147,-0.592430,-0.524599,-0.077858, 
0,-0.638580,-0.541240,-0.464840,-0.021655, 
0,-0.615867,-0.503200,-0.424784,0.021006, 
0,-0.640854,-0.543246,-0.458814,-0.022731, 
0,-0.631098,-0.531114,-0.469747,-0.000424, 
0,-0.636103,-0.544262,-0.487613,0.004976, 
0,-0.651086,-0.560592,-0.508851,0.001725, 
0,-0.671304,-0.587485,-0.518712,-0.013506, 
0,-0.672235,-0.591097,-0.512512,0.012244, 
0,-0.693154,-0.625460,-0.519297,0.002163, 
0,-0.709909,-0.652316,-0.523637,-0.001484, 
0,-0.728018,-0.679743,-0.528665,-0.000475, 
0,-0.744816,-0.705702,-0.532793,-0.003519, 
0,-0.759942,-0.724670,-0.537791,-0.009061, 
0,-0.780143,-0.749759,-0.540752,-0.009421, 
0,-0.781849,-0.748888,-0.533615,0.009923, 
0,-0.798727,-0.773253,-0.540801,0.001127, 
0,-0.814480,-0.791869,-0.545857,-0.003681, 
0,-0.823895,-0.801553,-0.547241,-0.002035, 
0,-0.832240,-0.808017,-0.549360,-0.001786, 
0,-0.840649,-0.816317,-0.551573,-0.002188, 
0,-0.848911,-0.823894,-0.553243,-0.002073, 
0,-0.857561,-0.833506,-0.555128,-0.001988, 
0,-0.865835,-0.841115,-0.556827,-0.001860, 
0,-0.871975,-0.843516,-0.558473,-0.001897, 
0,-0.878406,-0.847207,-0.560135,-0.001969, 
0,-0.885065,-0.853892,-0.561499,-0.001878, 
0,-0.891570,-0.858109,-0.562874,-0.001933, 
0,-0.897844,-0.862872,-0.564279,-0.001858, 
0,-0.902477,-0.865307,-0.565309,-0.001610, 
0,-0.908164,-0.866577,-0.566514,-0.001999, 
0,-0.912194,-0.867811,-0.567688,-0.001960, 
0,-0.917008,-0.869393,-0.568997,-0.001902, 
0,-0.920761,-0.869699,-0.569845,-0.001887, 
0,-0.924380,-0.872243,-0.570970,-0.001963, 
0,-0.928310,-0.874554,-0.572005,-0.001850, 
0,-0.932141,-0.877315,-0.572904,-0.001998, 
0,-0.935610,-0.876777,-0.573850,-0.001908, 
0,-0.939386,-0.877778,-0.574823,-0.001909, 
0,-0.943590,-0.880715,-0.575679,-0.001929, 
0,-0.947082,-0.881340,-0.576510,-0.001811, 
0,-0.949826,-0.880694,-0.577305,-0.001835, 
0,-0.954010,-0.881081,-0.578176,-0.001961, 
0,-0.957514,-0.880725,-0.578983,-0.001985, 
0,-0.959539,-0.880469,-0.579608,-0.001785, 
0,-0.962439,-0.882070,-0.580456,-0.001837, 
0,-0.964581,-0.881293,-0.580982,-0.001954, 
0,-0.967333,-0.882702,-0.581441,-0.001938, 
0,-0.969956,-0.883562,-0.582151,-0.001975, 
0,-0.971522,-0.882538,-0.582892,-0.001903, 
0,-0.975017,-0.884668,-0.583425,-0.001761, 
0,-0.977708,-0.883344,-0.584148,-0.001784, 
0,-0.979011,-0.881867,-0.584956,-0.001932, 
0,-0.981531,-0.883704,-0.585458,-0.001848, 
0,-0.984259,-0.886376,-0.586382,-0.002527, 
0,-0.986825,-0.886177,-0.585808,-0.000858, 
0,-0.991724,-0.889935,-0.588281,-0.004752, 
0,-0.985344,-0.877592,-0.582427,0.007813, 
0,-0.991806,-0.884167,-0.586894,0.000358, 
0,-0.992463,-0.881629,-0.585322,0.003571, 
0,-1.008328,-0.903087,-0.598481,-0.021063, 
0,-0.991768,-0.874635,-0.582914,0.010801, 
0,-0.997515,-0.881925,-0.587322,0.002927, 
0,-0.998025,-0.879922,-0.585662,0.006559, 
0,-1.005921,-0.888087,-0.590915,-0.002950, 
0,-1.006429,-0.887327,-0.590897,-0.002084, 
0,-1.008295,-0.888040,-0.591042,-0.002221, 
0,-1.009136,-0.887255,-0.591871,-0.002452, 
0,-1.011314,-0.886975,-0.592219,-0.002354, 
0,-1.021830,-0.900215,-0.599618,-0.016292, 
0,-1.009445,-0.877862,-0.588143,0.008034, 
0,-1.023829,-0.900377,-0.601077,-0.017640, 
0,-1.012133,-0.877965,-0.588528,0.007672, 
0,-1.019073,-0.885396,-0.592627,-0.000143, 
0,-1.019519,-0.883174,-0.592135,0.001518, 
0,-1.027665,-0.893821,-0.598328,-0.009825, 
0,-1.018260,-0.878609,-0.589597,0.008059, 
0,-1.023542,-0.884633,-0.592700,0.002711, 
0,-1.028989,-0.887404,-0.595394,-0.001865, 
0,-1.029371,-0.887351,-0.595841,-0.002377, 
0,-1.030370,-0.887281,-0.596374,-0.002592, 
0,-1.031277,-0.886293,-0.596248,-0.002327, 
0,-1.031421,-0.884568,-0.595777,-0.000765, 
0,-1.033468,-0.885324,-0.596176,-0.000920, 
0,-1.035035,-0.887432,-0.597821,-0.003027, 
0,-1.035642,-0.887023,-0.597573,-0.002070, 
0,-1.037998,-0.888119,-0.597848,-0.002131, 
0,-1.039214,-0.887793,-0.598246,-0.002154, 
0,-1.040468,-0.886920,-0.598321,-0.002013, 
0,-1.042161,-0.887707,-0.598417,-0.001846, 
0,-1.043221,-0.887091,-0.598672,-0.002059, 
0,-1.043708,-0.887824,-0.598678,-0.001968, 
0,-1.044170,-0.887051,-0.598306,-0.000833, 
0,-1.042995,-0.884259,-0.597075,0.002377, 
0,-1.033788,-0.865753,-0.586929,0.023661, 
0,-1.031687,-0.859565,-0.583869,0.030152, 
0,-0.989861,-0.787167,-0.545514,0.109110, 
0,-1.010475,-0.824925,-0.565649,0.067564, 
0,-1.115578,-1.011599,-0.661362,-0.136121, 
0,-1.046988,-0.884474,-0.597700,0.003794, 
0,-1.024873,-0.849373,-0.576915,0.044297, 
0,-0.997151,-0.811175,-0.551224,0.087514, 
0,-1.068363,-0.909473,-0.613893,-0.025347, 
0,-1.077980,-0.923468,-0.621349,-0.039669, 
0,-1.033239,-0.855814,-0.580088,0.036892, 
0,-1.062457,-0.898653,-0.605994,-0.010295, 
0,-1.085002,-0.932112,-0.626008,-0.047844, 
0,-1.060647,-0.893113,-0.603314,-0.004749, 
0,-1.057409,-0.884385,-0.599417,0.004057, 
0,-1.058994,-0.886201,-0.601256,0.000988, 
0,-1.054535,-0.878793,-0.597059,0.009285, 
0,-1.075780,-0.907116,-0.614408,-0.023481, 
0,-1.100232,-0.948152,-0.636766,-0.068217, 
0,-1.074202,-0.905077,-0.613208,-0.020965, 
0,-1.042134,-0.852998,-0.582870,0.038805, 
0,-1.089423,-0.927099,-0.625799,-0.046055, 
0,-1.063029,-0.883899,-0.601982,0.001515, 
0,-1.054003,-0.868305,-0.593199,0.019292, 
0,-1.064992,-0.885573,-0.603997,-0.001595, 
0,-1.054809,-0.868028,-0.593434,0.019447, 
0,-1.067272,-0.886477,-0.604575,-0.002713, 
0,-1.069006,-0.890367,-0.606959,-0.006886, 
0,-1.077094,-0.900066,-0.611644,-0.015485, 
0,-1.070420,-0.888083,-0.606098,-0.003970, 
0,-1.070651,-0.888714,-0.606941,-0.004875, 
0,-1.057286,-0.870611,-0.592401,0.015630, 
0,-1.070412,-0.884739,-0.604668,-0.000074, 
0,-1.071886,-0.885258,-0.605308,-0.000610, 
0,-1.071331,-0.884837,-0.604861,0.000414, 
0,-1.071666,-0.885638,-0.605150,0.000056, 
0,-1.071807,-0.885764,-0.605486,-0.000331, 
0,-1.072780,-0.885867,-0.605326,-0.000439, 
0,-1.073717,-0.885913,-0.605436,-0.000484, 
0,-1.073383,-0.883671,-0.605607,-0.000579, 
0,-1.074641,-0.886118,-0.606541,-0.002604, 
0,-1.074179,-0.884401,-0.605236,0.000123, 
0,-1.076023,-0.886071,-0.605978,-0.000944, 
0,-1.075646,-0.884037,-0.606014,-0.000681, 
0,-1.076196,-0.884514,-0.606345,-0.001319, 
0,-1.078221,-0.884647,-0.606207,-0.000969, 
0,-1.078539,-0.883036,-0.606646,-0.001680, 
0,-1.079074,-0.882885,-0.606759,-0.002314, 
0,-1.079641,-0.883065,-0.606368,-0.001013, 
0,-1.080271,-0.881922,-0.606699,-0.001374, 
0,-1.080026,-0.881926,-0.606737,-0.000728, 
0,-1.080738,-0.881817,-0.606658,-0.000642, 
0,-1.081427,-0.883126,-0.607075,-0.001286, 
0,-1.079108,-0.879500,-0.605584,0.001364, 
0,-1.082415,-0.882180,-0.606435,-0.000311, 
0,-1.083429,-0.879986,-0.605942,0.000860, 
0,-1.087129,-0.883052,-0.609635,-0.005543, 
0,-1.084674,-0.881333,-0.608408,-0.002419, 
0,-1.084385,-0.880313,-0.607989,-0.001223, 
0,-1.084149,-0.879468,-0.607377,0.000313, 
0,-1.084971,-0.881364,-0.608633,-0.002241, 
0,-1.084254,-0.880790,-0.607835,-0.000962, 
0,-1.085571,-0.881901,-0.608511,-0.001342, 
0,-1.086443,-0.881582,-0.608933,-0.001837, 
0,-1.085635,-0.881265,-0.608670,-0.001487, 
0,-1.086927,-0.882541,-0.608551,-0.001329, 
0,-1.086478,-0.882249,-0.608385,-0.001073, 
0,-1.086633,-0.881927,-0.608577,-0.001233, 
0,-1.086672,-0.881862,-0.608607,-0.001369, 
0,-1.087747,-0.882243,-0.608712,-0.001107, 
0,-1.088022,-0.882240,-0.608883,-0.001146, 
0,-1.087245,-0.881051,-0.609299,-0.001221, 
0,-1.087249,-0.881166,-0.609399,-0.001353, 
0,-1.086910,-0.880383,-0.609199,-0.001174, 
0,-1.087152,-0.882092,-0.609316,-0.001253, 
0,-1.087451,-0.881570,-0.609351,-0.001140, 
0,-1.087688,-0.880658,-0.609483,-0.001069, 
0,-1.088157,-0.880425,-0.609399,-0.001289, 
0,-1.089710,-0.881597,-0.609506,-0.001539, 
0,-1.090403,-0.881493,-0.609435,-0.001286, 
0,-1.091409,-0.882098,-0.609287,-0.001093, 
0,-1.092590,-0.881221,-0.609502,-0.001062, 
0,-1.093447,-0.880478,-0.609623,-0.001112, 
0,-1.094041,-0.880578,-0.609626,-0.001288, 
0,-1.093962,-0.880650,-0.609845,-0.001320, 
0,-1.094007,-0.879523,-0.609900,-0.001217, 
0,-1.093709,-0.879275,-0.609971,-0.001120, 
0,-1.093553,-0.880172,-0.609985,-0.001213, 
0,-1.094647,-0.880976,-0.610138,-0.001394, 
0,-1.095293,-0.879761,-0.609984,-0.001210, 
0,-1.095887,-0.879168,-0.610388,-0.002024, 
0,-1.095483,-0.878297,-0.610118,-0.001153, 
0,-1.097442,-0.881741,-0.611419,-0.004161, 
0,-1.093962,-0.878058,-0.609465,0.000389, 
0,-1.095208,-0.880794,-0.610190,-0.000813, 
0,-1.096346,-0.878932,-0.610789,-0.001648, 
0,-1.095165,-0.878064,-0.610477,-0.001117, 
0,-1.094141,-0.877533,-0.610830,-0.001199, 
0,-1.094326,-0.878680,-0.610950,-0.001822, 
0,-1.094117,-0.877678,-0.610675,-0.000944, 
0,-1.093127,-0.874087,-0.609040,0.002386, 
0,-1.100978,-0.885233,-0.615861,-0.010771, 
0,-1.079224,-0.848695,-0.596406,0.027990, 
0,-1.112410,-0.901465,-0.626884,-0.031687, 
0,-1.076135,-0.843842,-0.592833,0.034255, 
0,-1.097397,-0.877787,-0.611681,-0.002592, 
0,-1.096563,-0.875507,-0.611497,-0.001897, 
0,-1.098067,-0.876494,-0.611659,-0.002174, 
6,-1.098064,-0.875580,-0.610927,-0.001037,"Test Substance Added"
0,-1.084997,-0.853182,-0.599159,0.023015, 
7,-0.856984,-0.558933,-0.403791,0.344465,"END OF CALIBRATION"
