-1.000000,-0.007069,-0.008659,-0.006037,-0.018918
-1.000000,-0.007069,-0.008659,-0.006037,-0.018918
-1.000000,0.000000,0.000000,0.000000,0.000000
-1.000000,0.000000,0.000000,0.000000,0.000000
-1.000000,0.000000,0.000000,0.000000,0.000000
-1.000000,0.000000,0.000000,0.000000,0.000000
-1.000000,0.000000,0.000000,0.000000,0.000000
0,-0.297721,-0.163149,-0.30505,-0.01835, 
0,-0.299207,-0.164152,-0.305562,-0.019805, 
0,-0.297833,-0.163297,-0.304536,-0.018119, 
0,-0.296156,-0.162429,-0.303943,-0.016157, 
0,-0.297817,-0.163382,-0.304771,-0.01827, 
0,-0.30486,-0.168167,-0.308593,-0.026688, 
0,-0.299802,-0.164744,-0.305904,-0.020959, 
0,-0.297388,-0.163283,-0.304361,-0.018101, 
0,-0.296644,-0.162811,-0.304223,-0.017274, 
0,-0.297288,-0.163347,-0.304573,-0.017784, 
1,-0.297166,-0.162749,-0.304772,-0.017606,Baseline
0,-0.296684,-0.162443,-0.303977,-0.016832, 
2,-0.296354,-0.162235,-0.304098,-0.016526,Interferent
0,-0.301126,-0.165427,-0.306871,-0.021899, 
0,-0.325387,-0.181,-0.321219,-0.049543, 
0,-0.302934,-0.166932,-0.309044,-0.024022, 
0,-0.290874,-0.15987,-0.304619,-0.009386, 
0,-0.291255,-0.156524,-0.298906,-0.009132, 
0,-0.283858,-0.153563,-0.296412,-0.001802, 
0,-0.295175,-0.161835,-0.302568,-0.014126, 
0,-0.293028,-0.162993,-0.301614,-0.012435, 
0,-0.297644,-0.167295,-0.304672,-0.017748, 
0,-0.298514,-0.16886,-0.305208,-0.018426, 
0,-0.298802,-0.169918,-0.305061,-0.018337, 
0,-0.297998,-0.170499,-0.304805,-0.017315, 
0,-0.298531,-0.171884,-0.304804,-0.017856, 
0,-0.299222,-0.173347,-0.30568,-0.0183, 
0,-0.298983,-0.174239,-0.305719,-0.018344, 
0,-0.298559,-0.174856,-0.305493,-0.018084, 
0,-0.298842,-0.176017,-0.305326,-0.018106, 
0,-0.298071,-0.176444,-0.304824,-0.017022, 
0,-0.299204,-0.177956,-0.305642,-0.018051, 
0,-0.299039,-0.178658,-0.305407,-0.018561, 
0,-0.299096,-0.179441,-0.305367,-0.01833, 
0,-0.299035,-0.180182,-0.305319,-0.018111, 
0,-0.299096,-0.181104,-0.305672,-0.017842, 
0,-0.298826,-0.181735,-0.30532,-0.017293, 
0,-0.29963,-0.182866,-0.306352,-0.018071, 
0,-0.299668,-0.183574,-0.306345,-0.018273, 
0,-0.299477,-0.184209,-0.306213,-0.01818, 
0,-0.299727,-0.184992,-0.306291,-0.018263, 
0,-0.299786,-0.185637,-0.306368,-0.018253, 
0,-0.299246,-0.185838,-0.30594,-0.01759, 
0,-0.299497,-0.186616,-0.306348,-0.017704, 
0,-0.300011,-0.187408,-0.306685,-0.018284, 
0,-0.302462,-0.189511,-0.307997,-0.020934, 
0,-0.309043,-0.19445,-0.312098,-0.028546, 
0,-0.298798,-0.188437,-0.305991,-0.016274, 
0,-0.29997,-0.189711,-0.306641,-0.017876, 
0,-0.300271,-0.190485,-0.307075,-0.018344, 
0,-0.300183,-0.191054,-0.306751,-0.017905, 
0,-0.298931,-0.190736,-0.306221,-0.016409, 
0,-0.299341,-0.191361,-0.306508,-0.016771, 
0,-0.300424,-0.192256,-0.307124,-0.017941, 
0,-0.300927,-0.192884,-0.307546,-0.018492, 
0,-0.301126,-0.193494,-0.30768,-0.018536, 
0,-0.296486,-0.190888,-0.305086,-0.013274, 
0,-0.300072,-0.193428,-0.307245,-0.017403, 
0,-0.299126,-0.193322,-0.306653,-0.01669, 
0,-0.298722,-0.193128,-0.305956,-0.015488, 
0,-0.305022,-0.198059,-0.310409,-0.023263, 
0,-0.299469,-0.194833,-0.306751,-0.016549, 
0,-0.297208,-0.193481,-0.305359,-0.014058, 
0,-0.301149,-0.196439,-0.308171,-0.01879, 
0,-0.300116,-0.196348,-0.307672,-0.017448, 
0,-0.301243,-0.197364,-0.308118,-0.018428, 
0,-0.301003,-0.197532,-0.30824,-0.01839, 
0,-0.300462,-0.197335,-0.308045,-0.017954, 
0,-0.300383,-0.197626,-0.307907,-0.017873, 
0,-0.300764,-0.198145,-0.307757,-0.017988, 
0,-0.301094,-0.198627,-0.308424,-0.018325, 
0,-0.301276,-0.198999,-0.308369,-0.018485, 
0,-0.301004,-0.199132,-0.308187,-0.018026, 
0,-0.300546,-0.199095,-0.308011,-0.017758, 
0,-0.300883,-0.19986,-0.308146,-0.017979, 
0,-0.300904,-0.200159,-0.30821,-0.018176, 
0,-0.301212,-0.200423,-0.308554,-0.018364, 
0,-0.300898,-0.200295,-0.308538,-0.018207, 
0,-0.300961,-0.200522,-0.308101,-0.018183, 
0,-0.300953,-0.200805,-0.308254,-0.018053, 
0,-0.300858,-0.201032,-0.308341,-0.018051, 
0,-0.300821,-0.201334,-0.308324,-0.018328, 
0,-0.301022,-0.201827,-0.30819,-0.018247, 
0,-0.300979,-0.201946,-0.308288,-0.018082, 
0,-0.300681,-0.201891,-0.308238,-0.017902, 
0,-0.300875,-0.202164,-0.308387,-0.018049, 
0,-0.301112,-0.202568,-0.308398,-0.01821, 
0,-0.30104,-0.202836,-0.308211,-0.018109, 
0,-0.300955,-0.202876,-0.308469,-0.017975, 
0,-0.300707,-0.202987,-0.307956,-0.017857, 
0,-0.300722,-0.203337,-0.308144,-0.018172, 
0,-0.300896,-0.203961,-0.30807,-0.018313, 
0,-0.301019,-0.204308,-0.308292,-0.018262, 
0,-0.300731,-0.204207,-0.308296,-0.018116, 
0,-0.300509,-0.204112,-0.308284,-0.017825, 
0,-0.300753,-0.204354,-0.308303,-0.017936, 
0,-0.301101,-0.204657,-0.308716,-0.018268, 
0,-0.300874,-0.204717,-0.308429,-0.018292, 
0,-0.300651,-0.204931,-0.308325,-0.018011, 
0,-0.300671,-0.205011,-0.308508,-0.01805, 
0,-0.300694,-0.205292,-0.308509,-0.017929, 
0,-0.300863,-0.205664,-0.308247,-0.018089, 
0,-0.300726,-0.205751,-0.308425,-0.018133, 
0,-0.300716,-0.206084,-0.308335,-0.018204, 
0,-0.300381,-0.20598,-0.308332,-0.01803, 
0,-0.300672,-0.206387,-0.308551,-0.018275, 
0,-0.300204,-0.206248,-0.308405,-0.017927, 
0,-0.300965,-0.207073,-0.308617,-0.018243, 
0,-0.301017,-0.207141,-0.308433,-0.018226, 
0,-0.300713,-0.207132,-0.308382,-0.018041, 
0,-0.300678,-0.207322,-0.308508,-0.018067, 
0,-0.301364,-0.20788,-0.308899,-0.018929, 
0,-0.302191,-0.208502,-0.309484,-0.01985, 
0,-0.300655,-0.207701,-0.30856,-0.018012, 
0,-0.301563,-0.208348,-0.309328,-0.019269, 
0,-0.306274,-0.211826,-0.312115,-0.024702, 
0,-0.300426,-0.207902,-0.308478,-0.01767, 
0,-0.294867,-0.204403,-0.305205,-0.011455, 
0,-0.298939,-0.207375,-0.307708,-0.016232, 
0,-0.299039,-0.207614,-0.307734,-0.016062, 
0,-0.300189,-0.208832,-0.308571,-0.017507, 
0,-0.301528,-0.209896,-0.309379,-0.018809, 
0,-0.300496,-0.209174,-0.308896,-0.017547, 
0,-0.301034,-0.209567,-0.309027,-0.018138, 
0,-0.301071,-0.209665,-0.308901,-0.018067, 
0,-0.301065,-0.209654,-0.309285,-0.01823, 
0,-0.300899,-0.209694,-0.309225,-0.018164, 
0,-0.301011,-0.209829,-0.309011,-0.018205, 
0,-0.300884,-0.209989,-0.30912,-0.018172, 
0,-0.301013,-0.21022,-0.309188,-0.018187, 
0,-0.300658,-0.210138,-0.308957,-0.01814, 
0,-0.30078,-0.21025,-0.309009,-0.018109, 
0,-0.300756,-0.210276,-0.308903,-0.018095, 
0,-0.300709,-0.210318,-0.309142,-0.018125, 
0,-0.300533,-0.210637,-0.309115,-0.018118, 
0,-0.300696,-0.210647,-0.308815,-0.018134, 
0,-0.300674,-0.21072,-0.30905,-0.01819, 
0,-0.300307,-0.210754,-0.308478,-0.018143, 
0,-0.30002,-0.210645,-0.30818,-0.018058, 
0,-0.299726,-0.210753,-0.308526,-0.017974, 
0,-0.300147,-0.211209,-0.308479,-0.018036, 
0,-0.300059,-0.211513,-0.308077,-0.018111, 
0,-0.299964,-0.211746,-0.308186,-0.018137, 
0,-0.300185,-0.212057,-0.308438,-0.018128, 
0,-0.299874,-0.211919,-0.308524,-0.018085, 
0,-0.29997,-0.212108,-0.308153,-0.018039, 
0,-0.299634,-0.212118,-0.308148,-0.017946, 
0,-0.299725,-0.212223,-0.307884,-0.0181, 
0,-0.299903,-0.212189,-0.307947,-0.018605, 
0,-0.299096,-0.211765,-0.307606,-0.01796, 
0,-0.299603,-0.212329,-0.30799,-0.018491, 
0,-0.300662,-0.213468,-0.30819,-0.019559, 
0,-0.303532,-0.214979,-0.310231,-0.022987, 
0,-0.297659,-0.21127,-0.306596,-0.016088, 
0,-0.300039,-0.212934,-0.308512,-0.019734, 
0,-0.297264,-0.211451,-0.306744,-0.016062, 
0,-0.298789,-0.212343,-0.307384,-0.017273, 
0,-0.29945,-0.213009,-0.307718,-0.017929, 
0,-0.299918,-0.213598,-0.307968,-0.01855, 
0,-0.299421,-0.213227,-0.307602,-0.018076, 
0,-0.298864,-0.212826,-0.307217,-0.017604, 
0,-0.298668,-0.21286,-0.307131,-0.017653, 
0,-0.299367,-0.213397,-0.307626,-0.018344, 
0,-0.299444,-0.213265,-0.307853,-0.01823, 
0,-0.299403,-0.21325,-0.307637,-0.018346, 
0,-0.298966,-0.213301,-0.307702,-0.017811, 
0,-0.29924,-0.213714,-0.306898,-0.017866, 
0,-0.298867,-0.213346,-0.308133,-0.018141, 
0,-0.299281,-0.213765,-0.308008,-0.018196, 
0,-0.299499,-0.213924,-0.308127,-0.018407, 
0,-0.298965,-0.213908,-0.307818,-0.018117, 
0,-0.299024,-0.21416,-0.308125,-0.017882, 
0,-0.29933,-0.214353,-0.307751,-0.018111, 
0,-0.299559,-0.21455,-0.307836,-0.018249, 
0,-0.299728,-0.214552,-0.308083,-0.018264, 
0,-0.299533,-0.214548,-0.308291,-0.018134, 
0,-0.29949,-0.214732,-0.30838,-0.018106, 
0,-0.299486,-0.214609,-0.308504,-0.018051, 
0,-0.29966,-0.214771,-0.308368,-0.017921, 
0,-0.300193,-0.2151,-0.308723,-0.018426, 
0,-0.299771,-0.215013,-0.30858,-0.01806, 
0,-0.299553,-0.215161,-0.308401,-0.018125, 
0,-0.299405,-0.215468,-0.308452,-0.017985, 
0,-0.29937,-0.215508,-0.308351,-0.018189, 
0,-0.29931,-0.215452,-0.308145,-0.017976, 
0,-0.299435,-0.215606,-0.308011,-0.018091, 
0,-0.299268,-0.215773,-0.308274,-0.018179, 
0,-0.299346,-0.216125,-0.308329,-0.017978, 
0,-0.2995,-0.216058,-0.308339,-0.018067, 
0,-0.299426,-0.216152,-0.30838,-0.018044, 
0,-0.299484,-0.216251,-0.308094,-0.018102, 
0,-0.299357,-0.215969,-0.308577,-0.018169, 
0,-0.299399,-0.216169,-0.308219,-0.017989, 
0,-0.299321,-0.216203,-0.307867,-0.018059, 
0,-0.29959,-0.216629,-0.308235,-0.018123, 
0,-0.299212,-0.216282,-0.308063,-0.01829, 
0,-0.299159,-0.216139,-0.307558,-0.018335, 
0,-0.298865,-0.216268,-0.307596,-0.01798, 
0,-0.298982,-0.216377,-0.30775,-0.018151, 
0,-0.299264,-0.216705,-0.307711,-0.01806, 
0,-0.299747,-0.217024,-0.308233,-0.01859, 
0,-0.299542,-0.216981,-0.307777,-0.018169, 
0,-0.299752,-0.217171,-0.308191,-0.018323, 
0,-0.299796,-0.217253,-0.308154,-0.018165, 
0,-0.299097,-0.216525,-0.307739,-0.017632, 
0,-0.299832,-0.216965,-0.308478,-0.018644, 
0,-0.300076,-0.217178,-0.30846,-0.018765, 
0,-0.303591,-0.219627,-0.310618,-0.022655, 
0,-0.29917,-0.21671,-0.307613,-0.017683, 
0,-0.301606,-0.218216,-0.30893,-0.020316, 
0,-0.303887,-0.219756,-0.310976,-0.023368, 
0,-0.306889,-0.221569,-0.312581,-0.026369, 
0,-0.306874,-0.22139,-0.312641,-0.026006, 
0,-0.297256,-0.215678,-0.307313,-0.016131, 
0,-0.2976,-0.21608,-0.307432,-0.016079, 
0,-0.299576,-0.217578,-0.308324,-0.018275, 
0,-0.29862,-0.216996,-0.308268,-0.017319, 
0,-0.287734,-0.210081,-0.301644,-0.004685, 
0,-0.29199,-0.212127,-0.30376,-0.009111, 
0,-0.297505,-0.215892,-0.307052,-0.01584, 
0,-0.2988,-0.216929,-0.307993,-0.017629, 
0,-0.296744,-0.215511,-0.306759,-0.015253, 
0,-0.300207,-0.218155,-0.30887,-0.01929, 
0,-0.30314,-0.22042,-0.310476,-0.022479, 
0,-0.302358,-0.219947,-0.309965,-0.021454, 
0,-0.297728,-0.216939,-0.307464,-0.016865, 
0,-0.307754,-0.224039,-0.313861,-0.02874, 
0,-0.302743,-0.220503,-0.310724,-0.022499, 
0,-0.302898,-0.220609,-0.310337,-0.021892, 
0,-0.297794,-0.217511,-0.307716,-0.0164, 
0,-0.29859,-0.217814,-0.308295,-0.017352, 
0,-0.298009,-0.217501,-0.307631,-0.016471, 
0,-0.298816,-0.217999,-0.308014,-0.017246, 
3,-0.301882,-0.22039,-0.310553,-0.020572,Analyte Added
0,-0.331194,-0.238608,-0.326997,-0.053926, 
0,-0.317876,-0.231354,-0.320664,-0.040538, 
0,-0.297546,-0.218795,-0.311183,-0.017334, 
0,-0.297017,-0.216481,-0.30755,-0.013836, 
0,-0.27467,-0.20312,-0.294381,0.009196, 
0,-0.277682,-0.204706,-0.295615,0.007522, 
0,-0.301009,-0.220638,-0.308866,-0.019452, 
0,-0.301096,-0.222708,-0.309091,-0.019293, 
0,-0.299545,-0.223116,-0.308497,-0.017844, 
0,-0.300363,-0.224757,-0.308705,-0.018564, 
0,-0.299468,-0.225325,-0.308585,-0.017348, 
0,-0.299491,-0.22635,-0.308846,-0.017355, 
0,-0.30044,-0.228128,-0.309557,-0.01857, 
0,-0.300184,-0.228769,-0.309134,-0.018277, 
0,-0.300648,-0.230242,-0.30954,-0.018241, 
0,-0.300767,-0.231091,-0.309341,-0.018184, 
0,-0.300061,-0.231307,-0.30929,-0.017876, 
0,-0.300934,-0.232972,-0.309393,-0.018129, 
0,-0.301008,-0.23385,-0.309902,-0.018326, 
0,-0.301195,-0.234685,-0.31005,-0.018339, 
0,-0.300845,-0.235007,-0.309776,-0.018181, 
0,-0.300568,-0.236052,-0.309584,-0.017714, 
0,-0.301085,-0.2372,-0.310179,-0.017999, 
0,-0.301423,-0.238048,-0.310308,-0.018363, 
0,-0.301384,-0.238657,-0.310408,-0.018282, 
0,-0.301556,-0.239301,-0.310191,-0.018363, 
0,-0.301188,-0.239635,-0.310031,-0.017979, 
0,-0.301126,-0.240508,-0.309864,-0.017643, 
0,-0.301337,-0.241273,-0.310277,-0.018098, 
0,-0.301643,-0.242765,-0.310404,-0.01821, 
0,-0.301574,-0.24316,-0.310399,-0.018158, 
0,-0.301869,-0.243894,-0.310398,-0.018136, 
0,-0.30218,-0.244151,-0.310626,-0.018412, 
0,-0.302032,-0.244362,-0.310574,-0.018314, 
0,-0.30116,-0.244479,-0.309886,-0.017773, 
0,-0.301652,-0.245668,-0.310013,-0.018253, 
0,-0.302122,-0.246509,-0.31045,-0.018545, 
0,-0.301858,-0.247257,-0.310466,-0.01829, 
0,-0.301724,-0.247864,-0.31017,-0.01793, 
0,-0.301448,-0.247857,-0.310092,-0.017709, 
0,-0.302078,-0.248492,-0.310332,-0.018288, 
0,-0.302044,-0.248824,-0.310196,-0.018558, 
0,-0.301742,-0.249279,-0.310468,-0.018335, 
0,-0.302076,-0.250129,-0.310424,-0.018587, 
0,-0.301625,-0.250586,-0.310059,-0.017915, 
0,-0.301328,-0.25051,-0.309808,-0.017443, 
0,-0.303044,-0.251757,-0.310934,-0.019488, 
0,-0.302855,-0.252332,-0.31103,-0.019551, 
0,-0.301972,-0.252272,-0.310211,-0.017862, 
0,-0.311577,-0.25857,-0.31651,-0.029183, 
0,-0.292794,-0.246089,-0.305135,-0.007684, 
0,-0.293967,-0.247318,-0.305568,-0.009101, 
0,-0.3001,-0.252392,-0.309148,-0.016346, 
0,-0.300898,-0.253018,-0.30915,-0.017196, 
0,-0.300791,-0.25291,-0.309609,-0.017268, 
0,-0.301508,-0.253447,-0.309913,-0.018022, 
0,-0.302176,-0.254713,-0.310366,-0.018743, 
0,-0.300818,-0.254398,-0.309339,-0.01719, 
0,-0.301795,-0.255653,-0.310287,-0.018573, 
0,-0.301406,-0.255454,-0.309802,-0.017977, 
0,-0.302294,-0.256207,-0.310356,-0.018794, 
0,-0.301479,-0.255603,-0.309912,-0.017766, 
0,-0.301659,-0.256382,-0.310165,-0.017746, 
0,-0.301855,-0.256634,-0.310484,-0.018393, 
0,-0.302261,-0.257531,-0.310704,-0.018629, 
0,-0.301876,-0.257985,-0.310515,-0.018313, 
0,-0.302056,-0.258139,-0.310461,-0.018466, 
0,-0.301367,-0.257855,-0.309761,-0.017654, 
0,-0.301731,-0.25838,-0.310102,-0.018145, 
0,-0.301656,-0.258419,-0.309904,-0.017824, 
0,-0.302128,-0.258984,-0.310464,-0.018491, 
0,-0.302626,-0.259579,-0.311048,-0.019294, 
0,-0.302218,-0.259206,-0.310834,-0.018549, 
0,-0.301847,-0.259384,-0.310715,-0.018396, 
0,-0.302088,-0.259866,-0.310823,-0.018382, 
0,-0.302056,-0.259765,-0.310675,-0.018503, 
0,-0.302,-0.259863,-0.310779,-0.018462, 
0,-0.30192,-0.260623,-0.310603,-0.018296, 
0,-0.302442,-0.261099,-0.310999,-0.018521, 
0,-0.302245,-0.261072,-0.310809,-0.018334, 
0,-0.302287,-0.261475,-0.311049,-0.018294, 
0,-0.302647,-0.261321,-0.311024,-0.018632, 
0,-0.302403,-0.261481,-0.310977,-0.018653, 
0,-0.302618,-0.262198,-0.311111,-0.018401, 
0,-0.302878,-0.262362,-0.311409,-0.01851, 
0,-0.303096,-0.262556,-0.311743,-0.018557, 
0,-0.303192,-0.262737,-0.311607,-0.018479, 
0,-0.303093,-0.263021,-0.311822,-0.018306, 
0,-0.303413,-0.263544,-0.311771,-0.018543, 
0,-0.303463,-0.263835,-0.311698,-0.018504, 
0,-0.303263,-0.264585,-0.312216,-0.018525, 
0,-0.302768,-0.264391,-0.312006,-0.018483, 
0,-0.303495,-0.26514,-0.312314,-0.018628, 
0,-0.303368,-0.26558,-0.311968,-0.01841, 
0,-0.303639,-0.266211,-0.312091,-0.018398, 
0,-0.303956,-0.266579,-0.312851,-0.018692, 
0,-0.303862,-0.266428,-0.312608,-0.018399, 
0,-0.304036,-0.266537,-0.312585,-0.018442, 
0,-0.303696,-0.266378,-0.312706,-0.018395, 
0,-0.303763,-0.266957,-0.312646,-0.018322, 
0,-0.303662,-0.266811,-0.312511,-0.018613, 
0,-0.303683,-0.267471,-0.312436,-0.018832, 
0,-0.303559,-0.267758,-0.312249,-0.018388, 
0,-0.303663,-0.267705,-0.311872,-0.018537, 
0,-0.303666,-0.267591,-0.31214,-0.018492, 
0,-0.303634,-0.267848,-0.312388,-0.018443, 
0,-0.303681,-0.268151,-0.31209,-0.018734, 
0,-0.303801,-0.268534,-0.312574,-0.018665, 
0,-0.303549,-0.268035,-0.312673,-0.0185, 
0,-0.303225,-0.267962,-0.312407,-0.018262, 
0,-0.303525,-0.267908,-0.312321,-0.018382, 
0,-0.304148,-0.268593,-0.312486,-0.018734, 
0,-0.304167,-0.268862,-0.312666,-0.018632, 
0,-0.304381,-0.268846,-0.312974,-0.018631, 
0,-0.304117,-0.268775,-0.313304,-0.018769, 
0,-0.303919,-0.26878,-0.313061,-0.018608, 
0,-0.303645,-0.268868,-0.312444,-0.018107, 
0,-0.303939,-0.268829,-0.312781,-0.018254, 
0,-0.30476,-0.26988,-0.313552,-0.019037, 
0,-0.304519,-0.270059,-0.31348,-0.01873, 
0,-0.304416,-0.269904,-0.313328,-0.018459, 
0,-0.304306,-0.270185,-0.313558,-0.018496, 
0,-0.30428,-0.27037,-0.313425,-0.018347, 
0,-0.304177,-0.269886,-0.312857,-0.018215, 
0,-0.304146,-0.269848,-0.313399,-0.018389, 
0,-0.304374,-0.270393,-0.313549,-0.018358, 
0,-0.304735,-0.271121,-0.31369,-0.018712, 
0,-0.304393,-0.271205,-0.313409,-0.01848, 
0,-0.305012,-0.271903,-0.313682,-0.018702, 
0,-0.304825,-0.271521,-0.31381,-0.018665, 
0,-0.304397,-0.27116,-0.313512,-0.01811, 
0,-0.304388,-0.271408,-0.313579,-0.018017, 
0,-0.304655,-0.271883,-0.31367,-0.018607, 
0,-0.304462,-0.271336,-0.313279,-0.018497, 
0,-0.304399,-0.271277,-0.313367,-0.018903, 
0,-0.30379,-0.271668,-0.31313,-0.018262, 
0,-0.30384,-0.272192,-0.312982,-0.018145, 
0,-0.304363,-0.273091,-0.313431,-0.018602, 
0,-0.304192,-0.27298,-0.313146,-0.018508, 
0,-0.304508,-0.27325,-0.312781,-0.018853, 
0,-0.304454,-0.273118,-0.31307,-0.018642, 
0,-0.303905,-0.27255,-0.312879,-0.018347, 
0,-0.304219,-0.273043,-0.313072,-0.018523, 
0,-0.304394,-0.273216,-0.31323,-0.018706, 
0,-0.304378,-0.273599,-0.313454,-0.018604, 
0,-0.304259,-0.273494,-0.313349,-0.018521, 
0,-0.304494,-0.273863,-0.31357,-0.018499, 
0,-0.304775,-0.274156,-0.313565,-0.018879, 
0,-0.301636,-0.272472,-0.311628,-0.015313, 
0,-0.298682,-0.270529,-0.309814,-0.011757, 
0,-0.302387,-0.273323,-0.312255,-0.016089, 
0,-0.305397,-0.275384,-0.31411,-0.020018, 
0,-0.304787,-0.275338,-0.314072,-0.019287, 
0,-0.305053,-0.275467,-0.314055,-0.019251, 
0,-0.305626,-0.275502,-0.314552,-0.019772, 
0,-0.305616,-0.275604,-0.3143,-0.01968, 
0,-0.305032,-0.275495,-0.314304,-0.019265, 
0,-0.304647,-0.275434,-0.313917,-0.019086, 
0,-0.304943,-0.275573,-0.314108,-0.018912, 
0,-0.304665,-0.276049,-0.313906,-0.018732, 
0,-0.30473,-0.276343,-0.314028,-0.018766, 
0,-0.304882,-0.276103,-0.313953,-0.01904, 
0,-0.304539,-0.275575,-0.313736,-0.018709, 
0,-0.304366,-0.275247,-0.31373,-0.018667, 
0,-0.304632,-0.27519,-0.313821,-0.018698, 
0,-0.304635,-0.275038,-0.313627,-0.018689, 
0,-0.304338,-0.275123,-0.313643,-0.018398, 
0,-0.304427,-0.275556,-0.313799,-0.018405, 
0,-0.304498,-0.275966,-0.313905,-0.018612, 
0,-0.304434,-0.276678,-0.313813,-0.018584, 
0,-0.304584,-0.276719,-0.313773,-0.018556, 
0,-0.304182,-0.276679,-0.31357,-0.018568, 
0,-0.303649,-0.276744,-0.313335,-0.018702, 
0,-0.30382,-0.277061,-0.313089,-0.018623, 
0,-0.30379,-0.276939,-0.313042,-0.018535, 
0,-0.30364,-0.27714,-0.313326,-0.018568, 
0,-0.303897,-0.277407,-0.312995,-0.018632, 
0,-0.303545,-0.277157,-0.312696,-0.018238, 
0,-0.303527,-0.277167,-0.312848,-0.018237, 
0,-0.303815,-0.277259,-0.312884,-0.018527, 
0,-0.303994,-0.277724,-0.313285,-0.018507, 
0,-0.303835,-0.277762,-0.313045,-0.018541, 
0,-0.303872,-0.2776,-0.313441,-0.018384, 
0,-0.303743,-0.27774,-0.31337,-0.018229, 
0,-0.304098,-0.27804,-0.313476,-0.018184, 
0,-0.304401,-0.27811,-0.313912,-0.018513, 
0,-0.304564,-0.277974,-0.314024,-0.018545, 
0,-0.304511,-0.277934,-0.313887,-0.018484, 
0,-0.30441,-0.278466,-0.313899,-0.018395, 
0,-0.304463,-0.278568,-0.313851,-0.018326, 
0,-0.304373,-0.278074,-0.313697,-0.018247, 
0,-0.304373,-0.278443,-0.314025,-0.018348, 
0,-0.304433,-0.278462,-0.31393,-0.018536, 
0,-0.304467,-0.278702,-0.313703,-0.018436, 
0,-0.304474,-0.278606,-0.31424,-0.018409, 
0,-0.304375,-0.278826,-0.3142,-0.018412, 
0,-0.304123,-0.278433,-0.314079,-0.018505, 
0,-0.304137,-0.278825,-0.313867,-0.018431, 
0,-0.304196,-0.278943,-0.314034,-0.01848, 
0,-0.30438,-0.279477,-0.314033,-0.018486, 
0,-0.304197,-0.279229,-0.314015,-0.018465, 
0,-0.304219,-0.279443,-0.314057,-0.018482, 
0,-0.304526,-0.279367,-0.314239,-0.018442, 
0,-0.304646,-0.279784,-0.314499,-0.018504, 
0,-0.30442,-0.279616,-0.314221,-0.018219, 
0,-0.304519,-0.279556,-0.314563,-0.018398, 
0,-0.304885,-0.279845,-0.31484,-0.018724, 
0,-0.307463,-0.281463,-0.31634,-0.021493, 
0,-0.307873,-0.28164,-0.316849,-0.021847, 
0,-0.304693,-0.280127,-0.314512,-0.018306, 
0,-0.300953,-0.278023,-0.312109,-0.013404, 
0,-0.305817,-0.281203,-0.315306,-0.019225, 
0,-0.304744,-0.280519,-0.314799,-0.017909, 
0,-0.306101,-0.281273,-0.315564,-0.019252, 
0,-0.312241,-0.285487,-0.319522,-0.026379, 
0,-0.307246,-0.283314,-0.317015,-0.021164, 
0,-0.281827,-0.265528,-0.30117,0.008757, 
0,-0.308605,-0.283456,-0.317156,-0.022591, 
0,-0.302288,-0.279374,-0.313344,-0.015282, 
0,-0.305689,-0.282134,-0.315384,-0.019532, 
0,-0.305654,-0.282593,-0.315535,-0.019643, 
0,-0.305648,-0.282483,-0.315249,-0.019087, 
0,-0.30585,-0.282203,-0.315667,-0.019317, 
0,-0.307182,-0.283341,-0.316477,-0.020448, 
0,-0.310995,-0.285694,-0.319101,-0.024811, 
0,-0.308099,-0.283381,-0.317286,-0.021322, 
0,-0.304101,-0.280477,-0.31483,-0.016662, 
0,-0.31124,-0.285616,-0.319139,-0.024771, 
0,-0.30656,-0.282881,-0.316248,-0.01925, 
0,-0.306977,-0.28276,-0.316606,-0.019869, 
0,-0.306697,-0.282856,-0.316604,-0.01947, 
0,-0.306118,-0.28235,-0.316547,-0.018901, 
0,-0.305141,-0.281162,-0.315753,-0.01745, 
0,-0.308342,-0.283682,-0.317961,-0.021, 
0,-0.306609,-0.282418,-0.316669,-0.018764, 
0,-0.307539,-0.282713,-0.31767,-0.020101, 
4,-0.306843,-0.282587,-0.317626,-0.019429,Analyte Added
0,-0.314829,-0.287808,-0.322211,-0.028, 
0,-0.313828,-0.286881,-0.321186,-0.026731, 
0,-0.300844,-0.281178,-0.315891,-0.011904, 
0,-0.299985,-0.276761,-0.313053,-0.010103, 
0,-0.296527,-0.275522,-0.311689,-0.006874, 
0,-0.307405,-0.283643,-0.31785,-0.019328, 
0,-0.299581,-0.280296,-0.31292,-0.009677, 
0,-0.309477,-0.288627,-0.319194,-0.020932, 
0,-0.309829,-0.28978,-0.319919,-0.02202, 
0,-0.30325,-0.286403,-0.315377,-0.013666, 
0,-0.306692,-0.289922,-0.317726,-0.017709, 
0,-0.308577,-0.291872,-0.319139,-0.019641, 
0,-0.308324,-0.293033,-0.319083,-0.019267, 
0,-0.309158,-0.294971,-0.319396,-0.019442, 
0,-0.309961,-0.295828,-0.320236,-0.020581, 
0,-0.308688,-0.295745,-0.319398,-0.019004, 
0,-0.308345,-0.297117,-0.319345,-0.018521, 
0,-0.307914,-0.297315,-0.318957,-0.018163, 
0,-0.308925,-0.299034,-0.319647,-0.018834, 
0,-0.310322,-0.300665,-0.320535,-0.020086, 
0,-0.310488,-0.301779,-0.32061,-0.020315, 
0,-0.31289,-0.304017,-0.322291,-0.023227, 
0,-0.308462,-0.302741,-0.31964,-0.017936, 
0,-0.310899,-0.304703,-0.321201,-0.020556, 
0,-0.319785,-0.311708,-0.326416,-0.030444, 
0,-0.29464,-0.297102,-0.312679,-0.002564, 
0,-0.311372,-0.307193,-0.320941,-0.019972, 
0,-0.315806,-0.312186,-0.325083,-0.02616, 
0,-0.311991,-0.310416,-0.322551,-0.02131, 
0,-0.300624,-0.30327,-0.315369,-0.00799, 
0,-0.310832,-0.31087,-0.321701,-0.019572, 
0,-0.310777,-0.311554,-0.321864,-0.019406, 
0,-0.310261,-0.311874,-0.32132,-0.018534, 
0,-0.310104,-0.312232,-0.321437,-0.018346, 
0,-0.310581,-0.312445,-0.32197,-0.018569, 
0,-0.310635,-0.312473,-0.32219,-0.018624, 
0,-0.310703,-0.312771,-0.322407,-0.019055, 
0,-0.311,-0.314211,-0.322461,-0.019031, 
0,-0.310937,-0.314557,-0.322275,-0.018894, 
0,-0.31107,-0.314953,-0.322493,-0.018802, 
0,-0.3112,-0.314971,-0.322779,-0.018635, 
0,-0.311424,-0.315554,-0.322748,-0.018865, 
0,-0.311336,-0.316393,-0.323114,-0.018703, 
0,-0.311481,-0.316616,-0.323062,-0.018949, 
0,-0.311612,-0.317001,-0.322969,-0.018903, 
0,-0.311193,-0.316939,-0.323305,-0.018746, 
0,-0.31162,-0.317308,-0.323366,-0.019009, 
0,-0.311172,-0.31735,-0.323368,-0.018773, 
0,-0.311424,-0.318563,-0.323459,-0.019173, 
0,-0.311785,-0.319844,-0.323461,-0.019032, 
0,-0.311849,-0.320446,-0.323779,-0.018962, 
0,-0.312038,-0.320622,-0.323929,-0.019085, 
0,-0.312095,-0.319971,-0.324087,-0.019127, 
0,-0.311675,-0.319466,-0.32384,-0.018707, 
0,-0.311682,-0.319917,-0.324026,-0.018883, 
0,-0.31201,-0.321134,-0.324026,-0.018744, 
0,-0.312529,-0.321696,-0.324286,-0.019249, 
0,-0.313498,-0.322605,-0.325356,-0.020474, 
0,-0.313429,-0.322809,-0.325186,-0.020342, 
0,-0.312973,-0.32283,-0.324815,-0.019507, 
0,-0.312817,-0.323142,-0.324645,-0.019326, 
0,-0.312374,-0.323452,-0.324447,-0.019138, 
0,-0.312364,-0.323105,-0.32441,-0.018855, 
0,-0.31231,-0.322462,-0.324962,-0.018894, 
0,-0.31167,-0.322884,-0.324447,-0.018107, 
0,-0.311553,-0.323203,-0.324376,-0.01804, 
0,-0.312671,-0.324699,-0.324835,-0.019415, 
0,-0.309249,-0.322023,-0.322718,-0.015006, 
0,-0.311762,-0.323614,-0.324442,-0.018199, 
0,-0.312851,-0.32471,-0.325233,-0.019642, 
0,-0.312751,-0.325333,-0.325335,-0.01988, 
0,-0.313902,-0.326662,-0.325891,-0.021113, 
0,-0.318519,-0.330083,-0.328748,-0.026611, 
0,-0.320222,-0.331339,-0.329762,-0.027967, 
0,-0.317234,-0.329384,-0.328084,-0.025024, 
0,-0.310247,-0.324648,-0.323556,-0.01696, 
0,-0.320241,-0.331135,-0.329214,-0.027896, 
0,-0.306561,-0.322738,-0.321517,-0.012677, 
0,-0.309986,-0.325574,-0.323262,-0.016652, 
0,-0.311178,-0.327006,-0.324079,-0.018572, 
0,-0.312565,-0.327972,-0.324855,-0.019772, 
0,-0.31087,-0.326914,-0.323682,-0.017826, 
0,-0.310497,-0.32705,-0.323485,-0.017319, 
0,-0.311759,-0.327819,-0.324614,-0.019024, 
0,-0.31209,-0.32815,-0.32451,-0.019346, 
0,-0.311916,-0.328709,-0.324063,-0.019162, 
0,-0.310887,-0.32822,-0.323776,-0.018355, 
0,-0.310206,-0.328397,-0.323362,-0.017301, 
0,-0.311518,-0.329231,-0.324019,-0.018972, 
0,-0.311533,-0.329763,-0.323805,-0.019232, 
0,-0.311653,-0.330105,-0.323913,-0.019099, 
0,-0.311176,-0.329166,-0.323618,-0.018748, 
0,-0.309637,-0.328354,-0.322926,-0.017161, 
0,-0.310434,-0.328901,-0.323301,-0.018244, 
0,-0.311392,-0.329608,-0.323975,-0.019314, 
0,-0.311174,-0.329734,-0.323679,-0.019326, 
0,-0.310971,-0.329963,-0.323663,-0.01905, 
0,-0.310225,-0.329057,-0.323272,-0.018157, 
0,-0.309666,-0.328861,-0.323034,-0.017846, 
0,-0.310954,-0.329948,-0.323583,-0.019226, 
0,-0.310819,-0.329907,-0.323174,-0.019341, 
0,-0.310444,-0.329937,-0.323276,-0.018956, 
0,-0.310258,-0.330684,-0.322841,-0.018953, 
0,-0.309128,-0.330564,-0.322346,-0.017625, 
0,-0.310382,-0.331635,-0.322616,-0.018687, 
0,-0.311137,-0.331599,-0.323436,-0.019621, 
0,-0.310805,-0.331579,-0.323071,-0.01925, 
0,-0.31094,-0.332061,-0.323418,-0.019148, 
0,-0.309461,-0.331895,-0.322309,-0.01749, 
0,-0.31044,-0.332447,-0.323051,-0.018524, 
0,-0.311606,-0.332971,-0.323845,-0.019723, 
0,-0.311237,-0.33343,-0.323611,-0.019376, 
0,-0.31129,-0.333942,-0.323667,-0.019282, 
0,-0.310399,-0.333692,-0.323225,-0.01809, 
0,-0.310282,-0.333783,-0.323136,-0.017882, 
0,-0.311364,-0.334163,-0.323592,-0.019277, 
0,-0.311878,-0.334599,-0.323879,-0.019731, 
0,-0.311344,-0.333999,-0.323488,-0.019256, 
0,-0.311007,-0.333906,-0.323599,-0.018907, 
0,-0.30983,-0.333308,-0.322792,-0.017518, 
0,-0.310652,-0.334427,-0.323177,-0.018714, 
0,-0.311674,-0.335023,-0.323743,-0.019772, 
0,-0.311222,-0.334588,-0.323478,-0.019228, 
0,-0.310738,-0.334318,-0.32334,-0.019217, 
0,-0.309387,-0.333438,-0.322696,-0.017759, 
0,-0.310177,-0.333932,-0.323043,-0.018509, 
0,-0.311434,-0.334789,-0.323652,-0.019775, 
0,-0.310903,-0.334695,-0.323156,-0.019273, 
0,-0.310724,-0.334595,-0.323169,-0.019094, 
0,-0.309634,-0.33423,-0.322338,-0.017775, 
0,-0.310206,-0.335212,-0.322708,-0.01855, 
0,-0.311305,-0.336766,-0.322952,-0.019775, 
0,-0.310811,-0.336916,-0.322557,-0.01928, 
0,-0.310766,-0.336797,-0.322484,-0.019166, 
0,-0.309347,-0.335724,-0.321456,-0.01783, 
0,-0.309565,-0.335634,-0.321806,-0.018518, 
0,-0.310787,-0.336691,-0.322204,-0.019708, 
0,-0.310347,-0.336437,-0.32239,-0.019299, 
0,-0.310048,-0.336797,-0.322096,-0.019295, 
0,-0.308552,-0.3358,-0.321071,-0.017739, 
0,-0.309228,-0.33643,-0.321666,-0.018681, 
0,-0.310056,-0.336547,-0.321728,-0.019704, 
0,-0.309871,-0.336412,-0.321721,-0.01938, 
0,-0.309789,-0.336392,-0.321687,-0.019424, 
0,-0.308709,-0.336032,-0.321259,-0.018, 
0,-0.309348,-0.336544,-0.321351,-0.018635, 
0,-0.310174,-0.336876,-0.321804,-0.019636, 
0,-0.310109,-0.336658,-0.322185,-0.019402, 
0,-0.309812,-0.336117,-0.321964,-0.01933, 
0,-0.309078,-0.335638,-0.32165,-0.018341, 
0,-0.308684,-0.33608,-0.321259,-0.018142, 
0,-0.309871,-0.338519,-0.32203,-0.019388, 
0,-0.310125,-0.338624,-0.322141,-0.019573, 
0,-0.310118,-0.338061,-0.322211,-0.019374, 
0,-0.309815,-0.338354,-0.322062,-0.019056, 
0,-0.308772,-0.338088,-0.321333,-0.017968, 
0,-0.309993,-0.338907,-0.322028,-0.019166, 
0,-0.310177,-0.33909,-0.322106,-0.019604, 
0,-0.309936,-0.339172,-0.322338,-0.019501, 
0,-0.309912,-0.339867,-0.322054,-0.019096, 
0,-0.309265,-0.339507,-0.321686,-0.017958, 
0,-0.310338,-0.340064,-0.322339,-0.019084, 
0,-0.310748,-0.340256,-0.322592,-0.019668, 
0,-0.310595,-0.340538,-0.322817,-0.019516, 
0,-0.310122,-0.340705,-0.322436,-0.018992, 
0,-0.309213,-0.340238,-0.321767,-0.017916, 
0,-0.310659,-0.341391,-0.322715,-0.019059, 
0,-0.311211,-0.341113,-0.323224,-0.019732, 
0,-0.311201,-0.341595,-0.322956,-0.019685, 
0,-0.310905,-0.341849,-0.322873,-0.019207, 
0,-0.309766,-0.340852,-0.322432,-0.017941, 
0,-0.310727,-0.341279,-0.323077,-0.018798, 
0,-0.311631,-0.341376,-0.323861,-0.019803, 
0,-0.311527,-0.341138,-0.323617,-0.019795, 
0,-0.311322,-0.341387,-0.323316,-0.019144, 
0,-0.310178,-0.341183,-0.322903,-0.018078, 
0,-0.311328,-0.341667,-0.323616,-0.019218, 
0,-0.31156,-0.342131,-0.324031,-0.019916, 
0,-0.311661,-0.34236,-0.323945,-0.019516, 
0,-0.311606,-0.342026,-0.32421,-0.019171, 
0,-0.31069,-0.34183,-0.323657,-0.018283, 
0,-0.311574,-0.341986,-0.324235,-0.018805, 
0,-0.312434,-0.341876,-0.324548,-0.01973, 
0,-0.312437,-0.342444,-0.324897,-0.019652, 
0,-0.312352,-0.343513,-0.32409,-0.019397, 
0,-0.311225,-0.343172,-0.324142,-0.018166, 
0,-0.311875,-0.343716,-0.32473,-0.018833, 
0,-0.312935,-0.343453,-0.325283,-0.01978, 
0,-0.312696,-0.342977,-0.325298,-0.019418, 
0,-0.312814,-0.343851,-0.325362,-0.019378, 
0,-0.31206,-0.343949,-0.324918,-0.018349, 
0,-0.312493,-0.343617,-0.325297,-0.018648, 
0,-0.313525,-0.344672,-0.325858,-0.019708, 
0,-0.313,-0.343866,-0.325954,-0.01936, 
0,-0.31327,-0.344275,-0.325859,-0.019354, 
0,-0.312537,-0.344005,-0.325649,-0.018551, 
0,-0.312446,-0.344065,-0.325762,-0.018509, 
0,-0.313687,-0.345532,-0.326517,-0.019589, 
0,-0.31327,-0.344948,-0.326431,-0.019676, 
0,-0.313331,-0.345339,-0.326421,-0.019357, 
0,-0.312692,-0.344188,-0.325685,-0.018393, 
0,-0.312549,-0.344025,-0.325998,-0.01849, 
0,-0.313552,-0.344721,-0.326449,-0.01963, 
0,-0.313732,-0.345286,-0.326857,-0.019888, 
0,-0.313704,-0.345871,-0.326964,-0.019623, 
0,-0.313788,-0.345862,-0.327115,-0.019279, 
0,-0.312458,-0.344921,-0.326613,-0.017938, 
0,-0.313974,-0.345609,-0.327463,-0.019522, 
0,-0.313812,-0.345186,-0.326836,-0.019215, 
0,-0.314505,-0.345582,-0.327785,-0.020013, 
0,-0.314165,-0.345148,-0.327814,-0.019521, 
0,-0.313699,-0.344568,-0.327698,-0.018658, 
0,-0.315272,-0.345891,-0.328684,-0.02027, 
0,-0.313278,-0.345065,-0.327534,-0.017771, 
0,-0.314797,-0.345632,-0.328477,-0.01953, 
0,-0.314184,-0.345299,-0.328281,-0.018635, 
0,-0.314693,-0.345803,-0.328611,-0.019259, 
0,-0.313927,-0.345414,-0.327871,-0.01819, 
0,-0.314562,-0.345709,-0.328055,-0.018823, 
0,-0.315104,-0.346076,-0.32868,-0.019454, 
0,-0.315255,-0.345999,-0.328609,-0.019415, 
0,-0.314966,-0.345477,-0.328718,-0.019208, 
0,-0.314974,-0.34655,-0.328876,-0.019226, 
0,-0.314055,-0.346013,-0.328011,-0.018247, 
0,-0.314249,-0.34621,-0.328198,-0.0187, 
0,-0.315042,-0.346696,-0.329077,-0.01945, 
0,-0.31508,-0.347294,-0.328972,-0.019767, 
0,-0.314816,-0.347608,-0.328773,-0.019509, 
0,-0.314266,-0.34732,-0.32844,-0.018776, 
0,-0.313807,-0.346448,-0.327909,-0.018091, 
0,-0.314443,-0.346484,-0.328206,-0.019026, 
0,-0.314736,-0.34759,-0.328535,-0.019435, 
0,-0.314813,-0.347882,-0.328803,-0.019486, 
0,-0.314866,-0.347465,-0.328977,-0.019404, 
0,-0.313941,-0.346859,-0.328006,-0.018657, 
0,-0.313891,-0.346614,-0.327811,-0.01855, 
0,-0.314343,-0.347498,-0.328335,-0.019266, 
0,-0.314573,-0.34708,-0.328431,-0.019421, 
0,-0.31463,-0.346704,-0.328663,-0.01927, 
0,-0.314621,-0.346246,-0.328525,-0.019385, 
0,-0.314384,-0.346622,-0.328598,-0.018845, 
0,-0.31405,-0.346524,-0.328308,-0.018396, 
0,-0.314531,-0.347516,-0.328726,-0.019197, 
0,-0.314841,-0.34756,-0.328984,-0.019905, 
0,-0.314923,-0.34765,-0.328766,-0.019699, 
0,-0.312328,-0.34617,-0.327503,-0.016684, 
0,-0.310412,-0.34533,-0.326714,-0.014445, 
0,-0.32054,-0.352796,-0.332505,-0.026046, 
0,-0.311528,-0.34696,-0.327373,-0.015555, 
0,-0.313475,-0.34847,-0.328334,-0.017484, 
0,-0.313919,-0.34839,-0.328615,-0.018012, 
0,-0.315471,-0.349423,-0.329611,-0.019903, 
0,-0.31477,-0.349026,-0.329297,-0.01939, 
0,-0.314683,-0.349062,-0.329275,-0.019052, 
0,-0.31449,-0.349549,-0.32926,-0.01896, 
0,-0.314589,-0.348867,-0.329201,-0.01927, 
0,-0.314623,-0.348803,-0.329111,-0.019229, 
0,-0.314799,-0.34927,-0.329292,-0.019282, 
0,-0.314626,-0.349145,-0.329576,-0.018987, 
0,-0.314551,-0.349458,-0.32938,-0.018843, 
0,-0.314776,-0.348745,-0.329386,-0.018936, 
0,-0.315188,-0.349449,-0.329845,-0.019104, 
0,-0.315209,-0.349656,-0.329949,-0.019263, 
0,-0.316014,-0.350123,-0.330638,-0.020033, 
0,-0.31634,-0.350253,-0.331017,-0.020599, 
0,-0.314689,-0.34947,-0.329915,-0.018361, 
0,-0.319872,-0.352635,-0.333103,-0.024266, 
0,-0.321689,-0.353816,-0.334317,-0.026624, 
0,-0.322034,-0.353483,-0.334305,-0.026601, 
0,-0.310854,-0.346087,-0.327914,-0.013379, 
0,-0.313273,-0.34768,-0.329268,-0.016104, 
0,-0.313142,-0.347716,-0.32936,-0.015986, 
0,-0.314734,-0.348965,-0.330541,-0.018055, 
0,-0.315589,-0.349198,-0.330845,-0.018957, 
0,-0.315732,-0.349759,-0.331111,-0.018859, 
0,-0.316081,-0.350035,-0.331345,-0.019268, 
0,-0.316889,-0.351147,-0.331716,-0.019912, 
5,-0.316677,-0.350104,-0.33196,-0.019735,Analyte Added
0,-0.341298,-0.366129,-0.346292,-0.047532, 
0,-0.332491,-0.361551,-0.342051,-0.03876, 
0,-0.304717,-0.343166,-0.326842,-0.0056, 
0,-0.291847,-0.334204,-0.317913,0.009208, 
0,-0.391655,-0.364279,-0.373069,-0.003979, 
0,-0.458456,-0.386321,-0.53852,-0.014185, 
0,-0.557422,-0.481999,-0.581476,-0.020474, 
0,-0.693968,-0.567327,-0.574631,-0.020802, 
0,-0.867126,-0.648479,-0.595663,-0.017862, 
0,-0.816064,-0.656957,-0.630351,-0.024642, 
0,-0.846558,-0.712342,-0.625215,-0.021526, 
0,-0.860174,-0.728003,-0.641702,-0.02662, 
0,-0.861376,-0.738873,-0.652026,-0.022815, 
0,-0.872232,-0.757682,-0.655097,-0.020626, 
0,-0.875734,-0.775037,-0.663991,-0.020485, 
0,-0.884266,-0.78826,-0.668203,-0.019139, 
0,-0.901585,-0.807471,-0.672495,-0.018505, 
0,-0.914362,-0.821361,-0.677314,-0.020558, 
0,-0.923426,-0.833512,-0.682397,-0.020014, 
0,-0.930794,-0.845386,-0.685521,-0.018675, 
0,-0.943002,-0.857704,-0.690915,-0.020737, 
0,-0.95157,-0.867505,-0.694372,-0.02137, 
0,-0.960571,-0.877987,-0.6983,-0.024128, 
0,-0.971483,-0.888119,-0.701288,-0.027215, 
0,-0.977064,-0.895519,-0.7031,-0.026677, 
0,-0.973725,-0.896329,-0.700809,-0.016738, 
0,-0.984402,-0.90846,-0.708854,-0.026676, 
0,-0.979568,-0.906852,-0.704686,-0.01369, 
0,-0.99172,-0.918252,-0.711026,-0.022158, 
0,-0.992995,-0.921309,-0.710716,-0.018949, 
0,-1.009746,-0.934925,-0.720162,-0.03394, 
0,-1.010245,-0.938629,-0.720421,-0.031651, 
0,-1.015853,-0.943265,-0.722502,-0.032673, 
0,-1.002725,-0.934963,-0.712168,-0.01424, 
0,-1.009725,-0.940392,-0.716651,-0.018568, 
0,-1.00667,-0.939729,-0.714441,-0.011397, 
0,-1.014948,-0.945988,-0.718149,-0.016227, 
0,-1.02103,-0.950698,-0.72058,-0.019297, 
0,-1.023708,-0.953657,-0.720458,-0.020134, 
0,-1.02597,-0.957014,-0.721415,-0.020345, 
0,-1.027257,-0.959348,-0.72197,-0.020331, 
0,-1.028914,-0.961688,-0.722946,-0.020116, 
0,-1.031615,-0.964234,-0.724041,-0.020303, 
0,-1.034057,-0.966794,-0.724996,-0.020742, 
0,-1.035491,-0.968529,-0.726909,-0.020949, 
0,-1.037393,-0.969375,-0.728112,-0.02102, 
0,-1.038308,-0.970905,-0.72754,-0.020777, 
0,-1.039981,-0.972353,-0.728465,-0.020702, 
0,-1.040594,-0.973364,-0.729453,-0.020694, 
0,-1.040405,-0.975502,-0.730163,-0.021026, 
0,-1.038674,-0.977459,-0.729756,-0.021132, 
0,-1.038855,-0.978264,-0.730921,-0.021062, 
0,-1.042686,-0.979348,-0.731118,-0.021051, 
0,-1.044463,-0.980465,-0.730735,-0.0209, 
0,-1.0457,-0.981426,-0.730572,-0.020951, 
0,-1.045611,-0.981821,-0.729804,-0.021099, 
0,-1.04486,-0.982696,-0.730528,-0.021094, 
0,-1.044819,-0.98431,-0.731297,-0.020979, 
0,-1.046569,-0.985377,-0.731797,-0.021024, 
0,-1.047477,-0.985548,-0.732065,-0.020927, 
0,-1.049924,-0.986344,-0.731486,-0.021171, 
0,-1.053113,-0.986889,-0.731186,-0.021373, 
0,-1.056886,-0.987132,-0.730938,-0.021262, 
0,-1.058997,-0.987563,-0.730264,-0.021191, 
0,-1.060481,-0.988184,-0.731053,-0.021084, 
0,-1.059956,-0.988893,-0.730324,-0.021044, 
0,-1.060725,-0.989339,-0.730375,-0.021089, 
0,-1.06167,-0.990282,-0.730804,-0.021147, 
0,-1.061618,-0.990597,-0.730602,-0.020984, 
0,-1.062555,-0.990493,-0.732133,-0.020918, 
0,-1.063252,-0.99128,-0.733233,-0.020947, 
0,-1.06205,-0.992041,-0.733491,-0.020894, 
0,-1.063237,-0.992362,-0.734151,-0.020955, 
0,-1.060801,-0.992854,-0.735065,-0.020983, 
0,-1.062462,-0.993433,-0.736263,-0.020919, 
0,-1.0627,-0.993768,-0.736133,-0.020801, 
0,-1.063583,-0.99401,-0.736971,-0.020828, 
0,-1.064393,-0.994117,-0.737418,-0.020994, 
0,-1.064986,-0.994527,-0.738454,-0.020826, 
0,-1.063606,-0.995236,-0.737326,-0.02089, 
0,-1.065812,-0.996323,-0.737977,-0.020947, 
0,-1.06884,-0.996406,-0.73724,-0.020879, 
0,-1.06911,-0.996475,-0.736716,-0.020841, 
0,-1.070474,-0.996897,-0.736229,-0.020698, 
0,-1.068761,-0.996781,-0.735731,-0.020782, 
0,-1.06794,-0.997734,-0.736476,-0.020877, 
0,-1.067546,-0.997997,-0.737029,-0.020938, 
0,-1.069209,-0.998683,-0.73699,-0.020858, 
0,-1.071182,-0.999076,-0.736763,-0.020952, 
0,-1.070769,-0.998911,-0.736185,-0.020846, 
0,-1.071996,-0.999304,-0.737171,-0.020719, 
0,-1.072824,-0.999804,-0.737141,-0.020801, 
0,-1.072685,-1.000533,-0.736539,-0.020984, 
0,-1.070659,-1.000879,-0.737171,-0.020846, 
0,-1.071124,-1.000896,-0.738184,-0.020868, 
0,-1.071004,-1.000906,-0.738323,-0.020876, 
0,-1.072775,-1.00065,-0.738733,-0.020922, 
0,-1.073147,-1.000821,-0.737738,-0.020826, 
0,-1.074633,-1.000626,-0.737985,-0.020749, 
0,-1.071799,-1.001043,-0.738522,-0.020966, 
0,-1.071056,-1.001413,-0.739231,-0.020982, 
0,-1.072086,-1.001622,-0.739976,-0.020968, 
0,-1.071857,-1.001636,-0.740468,-0.02105, 
0,-1.072847,-1.002185,-0.740583,-0.021042, 
0,-1.075103,-1.002037,-0.739939,-0.020995, 
0,-1.074844,-1.001864,-0.739321,-0.020944, 
0,-1.074884,-1.002071,-0.739404,-0.021064, 
0,-1.075275,-1.002119,-0.740173,-0.021012, 
0,-1.076766,-1.002309,-0.740028,-0.021082, 
0,-1.075786,-1.002534,-0.739598,-0.021122, 
0,-1.076718,-1.003297,-0.739893,-0.021134, 
0,-1.077774,-1.003443,-0.739955,-0.021089, 
0,-1.07842,-1.003829,-0.739786,-0.021168, 
0,-1.077824,-1.004441,-0.740091,-0.021609, 
0,-1.07576,-1.004078,-0.738865,-0.021502, 
0,-1.077587,-1.004868,-0.740204,-0.022045, 
0,-1.078818,-1.00476,-0.740049,-0.021387, 
0,-1.078344,-1.004473,-0.738951,-0.0205, 
0,-1.078363,-1.004809,-0.738931,-0.021286, 
0,-1.075542,-1.004275,-0.739154,-0.020561, 
0,-1.076059,-1.004498,-0.739654,-0.020912, 
0,-1.077616,-1.004547,-0.739485,-0.021083, 
0,-1.074892,-1.004337,-0.739976,-0.021309, 
0,-1.075152,-1.004723,-0.740322,-0.021183, 
0,-1.075524,-1.004953,-0.739876,-0.021136, 
0,-1.074396,-1.00522,-0.740111,-0.021049, 
0,-1.077353,-1.005477,-0.740727,-0.021264, 
0,-1.077503,-1.005323,-0.739726,-0.021183, 
0,-1.07786,-1.005672,-0.738697,-0.021276, 
0,-1.078374,-1.006127,-0.739637,-0.02123, 
0,-1.079336,-1.006612,-0.739384,-0.021231, 
0,-1.080328,-1.006736,-0.738676,-0.021369, 
0,-1.082123,-1.006645,-0.738765,-0.021371, 
0,-1.084229,-1.006175,-0.737793,-0.021325, 
0,-1.084197,-1.006327,-0.738884,-0.021265, 
0,-1.080417,-1.006011,-0.739654,-0.021317, 
0,-1.079599,-1.006325,-0.740844,-0.021318, 
0,-1.078445,-1.006973,-0.7414,-0.021409, 
0,-1.077648,-1.007559,-0.740806,-0.021429, 
0,-1.078465,-1.007299,-0.742122,-0.021438, 
0,-1.07972,-1.007962,-0.743762,-0.021414, 
0,-1.080152,-1.008,-0.743983,-0.021314, 
0,-1.081416,-1.008102,-0.744558,-0.021342, 
0,-1.07973,-1.007612,-0.746133,-0.021376, 
0,-1.078888,-1.008095,-0.747605,-0.021479, 
0,-1.081534,-1.008346,-0.747354,-0.021491, 
0,-1.082151,-1.008564,-0.746418,-0.021465, 
0,-1.083398,-1.008473,-0.746915,-0.021435, 
0,-1.083165,-1.007869,-0.747003,-0.021398, 
0,-1.080313,-1.007525,-0.747795,-0.021434, 
0,-1.08051,-1.007541,-0.749548,-0.021401, 
0,-1.079706,-1.008491,-0.749006,-0.021439, 
0,-1.080818,-1.008513,-0.748891,-0.021486, 
0,-1.08181,-1.008856,-0.748713,-0.021449, 
0,-1.082809,-1.008867,-0.748727,-0.021485, 
0,-1.08339,-1.008685,-0.7496,-0.021349, 
0,-1.082101,-1.008893,-0.749954,-0.021568, 
0,-1.078711,-1.008004,-0.75124,-0.020622, 
0,-1.084408,-1.010179,-0.754013,-0.024445, 
0,-1.080347,-1.00705,-0.750914,-0.019242, 
0,-1.085014,-1.009239,-0.752391,-0.022993, 
0,-1.088966,-1.011239,-0.753655,-0.025971, 
0,-1.083075,-1.008159,-0.749546,-0.020077, 
0,-1.080779,-1.008236,-0.750253,-0.019639, 
0,-1.078602,-1.008065,-0.751494,-0.019669, 
0,-1.087276,-1.013499,-0.756416,-0.028208, 
0,-1.084505,-1.010447,-0.754138,-0.022922, 
0,-1.080409,-1.006648,-0.751313,-0.016553, 
0,-1.082648,-1.008266,-0.752931,-0.01981, 
0,-1.082348,-1.008623,-0.752794,-0.019835, 
0,-1.083464,-1.008976,-0.753335,-0.020813, 
0,-1.084816,-1.010461,-0.754299,-0.023041, 
0,-1.083763,-1.009926,-0.754605,-0.022197, 
0,-1.08459,-1.009841,-0.755225,-0.02171, 
0,-1.083616,-1.009336,-0.754371,-0.020892, 
0,-1.0819,-1.008756,-0.754149,-0.020609, 
0,-1.081926,-1.008958,-0.754921,-0.02101, 
0,-1.082166,-1.008707,-0.755014,-0.020489, 
0,-1.082728,-1.009367,-0.756136,-0.021381, 
0,-1.083094,-1.009521,-0.755208,-0.021902, 
0,-1.082924,-1.009045,-0.753728,-0.021351, 
0,-1.082917,-1.009343,-0.753297,-0.02162, 
0,-1.082705,-1.009186,-0.753537,-0.021154, 
0,-1.081573,-1.009856,-0.753611,-0.021649, 
0,-1.08191,-1.009702,-0.753132,-0.0214, 
0,-1.083493,-1.009156,-0.753,-0.021402, 
0,-1.083045,-1.009389,-0.75293,-0.021241, 
0,-1.081579,-1.009755,-0.751916,-0.021442, 
0,-1.07947,-1.010218,-0.752255,-0.02164, 
0,-1.08049,-1.01019,-0.752233,-0.021476, 
0,-1.081999,-1.010081,-0.752392,-0.021614, 
0,-1.08253,-1.010982,-0.750739,-0.022055, 
0,-1.083308,-1.01041,-0.750998,-0.021514, 
0,-1.084273,-1.010287,-0.750934,-0.021411, 
0,-1.083622,-1.010485,-0.75197,-0.02198, 
0,-1.082407,-1.010556,-0.753567,-0.021738, 
0,-1.084739,-1.010712,-0.75437,-0.022438, 
0,-1.084661,-1.010082,-0.753053,-0.02134, 
0,-1.083521,-1.010124,-0.753464,-0.021124, 
0,-1.085441,-1.010131,-0.754572,-0.021671, 
0,-1.083166,-1.008914,-0.753653,-0.019901, 
0,-1.087174,-1.011941,-0.756082,-0.024959, 
0,-1.085971,-1.009385,-0.753707,-0.020378, 
0,-1.087729,-1.009946,-0.752755,-0.02138, 
0,-1.088549,-1.009962,-0.753803,-0.021521, 
0,-1.08881,-1.009829,-0.753172,-0.021456, 
0,-1.088322,-1.010094,-0.752935,-0.021631, 
0,-1.089704,-1.011028,-0.754032,-0.023084, 
0,-1.08743,-1.009883,-0.752048,-0.020705, 
0,-1.088946,-1.010088,-0.749447,-0.021055, 
0,-1.088354,-1.009443,-0.746955,-0.021844, 
0,-1.093876,-1.014771,-0.752122,-0.031074, 
0,-1.092327,-1.013326,-0.74962,-0.02749, 
0,-1.092177,-1.014054,-0.747548,-0.027768, 
0,-1.089918,-1.012878,-0.744736,-0.026467, 
0,-1.080368,-1.006569,-0.739596,-0.014746, 
0,-1.085734,-1.009645,-0.741386,-0.019593, 
0,-1.085632,-1.009639,-0.740869,-0.020777, 
6,-1.085173,-1.011068,-0.742249,-0.023083,Test Substance Added
0,-1.10812,-1.025998,-0.75469,-0.04919, 
7,-1.150623,-1.058224,-0.783325,-0.116142,END OF CALIBRATION
